,X1G-01,X1G-02,X1G-03,X1G-04,X1G-05,X1G-06,X1G-07,X1G-08,X1G-09,X1G-10,X1G-11,X1G-12,X1G-13,X1G-14,X1G-15,X1N-01,X1N-02,X1N-03,X1N-04,X1N-05,X1N-06,X1N-07,X1N-08,X1N-09,X1N-10,X1N-11,X1N-12,X1N-13,X1N-14,X1T-01,X1T-02,X1T-03,X1T-04,X1T-05,X1T-06,X1T-07,X1T-08,X1T-09,X1T-10,X1T-11,X1T-12,X1T-13,X1T-14,X1T-15,X1T-16,X1T-17,X1T-18,X1T-19,X1T-20,X1T-21,X1T-22,X1T-23,X1T-24,X1T-25,X1T-26,X1T-27,X1T-28,X1T-29,X1T-30,X1T-31,X1T-32,X1T-33,X1T-34,X1T-35,X1T-36,X1T-37,X1T-38,X1T-39,X1T-40,X1T-41,X1T-42,X1T-43,X1T-44,X2G-01,X2G-02,X2G-03,X2G-04,X2G-05,X2G-07,X2G-08,X2G-09,X2G-10,X2G-11,X2G-12,X2G-13,X2G-14,X2G-15,X2N-01,X2N-02,X2N-03,X2N-04,X2N-05,X2N-06,X2N-07,X2N-08,X2N-09,X2N-10,X2N-11,X2N-12,X2N-13,X2N-14,X2T-01,X2T-02,X2T-03,X2T-04,X2T-05,X2T-06,X2T-07,X2T-08,X2T-09,X2T-10,X2T-11,X2T-12,X2T-13,X2T-14,X2T-15,X2T-16,X2T-17,X2T-18,X2T-19,X2T-20,X2T-21,X2T-22,X2T-23,X2T-24,X2T-25,X2T-26,X2T-27,X2T-28,X2T-30,X2T-31,X2T-32,X2T-33,X2T-34,X2T-35,X2T-36,X2T-37,X2T-38,X2T-39,X2T-41,X2T-42,X2T-44,X3G-01,X3G-02,X3G-03,X3G-04,X3G-05,X3G-06,X3G-07,X3G-08,X3G-09,X3G-10,X3G-11,X3G-12,X3G-13,X3G-14,X3G-15,X3N-01,X3N-02,X3N-03,X3N-04,X3N-05,X3N-06,X3N-07,X3N-08,X3N-09,X3N-10,X3N-11,X3N-12,X3N-13,X3N-14,X3T-01,X3T-02,X3T-03,X3T-04,X3T-05,X3T-06,X3T-07,X3T-08,X3T-09,X3T-10,X3T-11,X3T-12,X3T-13,X3T-14,X3T-15,X3T-16,X3T-17,X3T-18,X3T-19,X3T-20,X3T-21,X3T-22,X3T-23,X3T-24,X3T-25,X3T-26,X3T-27,X3T-28,X3T-29,X3T-30,X3T-31,X3T-32,X3T-33,X3T-34,X3T-35,X3T-36,X3T-37,X3T-38,X3T-39,X3T-40,X3T-41,X3T-42,X3T-43,X3T-44
ZOTU3,6927,2,2,2,2806,4,0,894,3,4,1,2,5,6,1,11305,4267,7,1,2678,13,16,8,7,1,9,26,14,19,10256,6,12507,9852,1644,12,3931,1,9,8,3192,14,2,4,10,17,2554,13,880,5,612,9,8,14,18,3,12,10,14,9,20,0,4,1,7,3,10,2,13,10,21,6,7,7,2,9,0,7,3,0,5,2,6,1,6,12238,6,2,9,1485,4,1,1821,3,16,2,15,21,14,8,13296,13112,6,68,7011,13,12,5,10,4,6,2,9,5,8418,1,13948,9849,8660,1,3660,6,11,4,9033,7,5,0,6,5,1,14296,6,16319,1,9,8,2,0,6,15,0,3,15248,3,2,6,1200,5,0,473,118,5,2,3,1,4,4,4494,8614,4,1,5680,5,4,1,4,2,6,11,9,9,6959,760,5526,12625,8396,7,3704,2,3,9,7230,6,5,3,7,4,8255,3,16427,0,109,0,2,2,0,0,5,4,6,0,2,1,3,0,7,1,7,0,3,2,3,1,1,1
ZOTU63,376,241,1078,2509,0,2,0,1,1,2,0,0,0,7685,1,0,1,1,2,1,1,2,2,0,1,4,3,1,2,489,0,852,87,104,1,0,661,6,0,4,3,1,0,2,0,0,0,2,0,3,0,0,0,1,0,2,0,0,0,0,0,9,0,2,0,1,0,1,1,760,0,0,7,1,0,0,0,0,0,0,0,0,0,0,2054,0,350,0,0,1,0,0,0,1,0,0,1,2659,1,0,0,2,1,1,1,0,0,0,0,0,0,0,0,1253,42,997,536,2707,0,0,9,0,0,0,0,0,1,0,1,0,0,0,0,0,0,0,0,0,0,1,0,0,1130,4,0,0,1,0,0,0,0,1,206,0,0,14027,1,1,2,0,0,0,0,0,1,0,0,4,1,2,0,1129,0,995,898,1136,0,1,260,0,0,0,0,0,0,1,0,0,0,0,0,1,0,0,0,2,0,1,1,0,0,0,0,3,0,1,0,1,0,1,0,0,0,0,1
ZOTU1,13178,30478,25951,40165,22298,13425,20712,18170,28305,28349,44732,36903,25351,32133,23048,30577,31864,42011,37938,17980,10826,20686,33030,20911,20951,35228,34852,18007,29585,15299,19476,24469,18190,34218,34938,25168,37153,35135,24824,21799,7321,24191,212,32027,31069,39012,27713,21734,33432,37296,62372,14613,35847,26979,234,35076,66136,37008,47217,30581,29776,36633,29373,41848,32584,33513,268,40563,35334,41638,3026,53007,53547,66,78,102,74,72,67,104,78,95,93,105,23258,30190,31346,33675,33376,50741,23056,13151,31921,22461,41801,39511,35204,22874,26974,20030,22122,25245,41311,17436,18922,35017,44225,34393,38403,41616,29720,28312,51181,25604,21639,28940,34056,34056,22699,16160,43508,30252,34949,27830,16264,32919,37674,35336,22575,38299,17419,65032,18947,31554,24464,34030,31296,35071,43971,32748,37471,7934,32160,43840,33821,28095,29660,53722,45722,30705,29827,16765,38067,30759,34496,41666,32981,35834,43928,48286,37004,36603,48254,29067,23164,22730,36013,27644,48678,40254,45246,28946,26637,14230,18247,14445,40501,34233,37768,19335,46917,29991,22268,29482,31559,26182,45039,19527,19956,33219,64737,36485,40646,59296,42814,22633,50233,37527,44198,45324,45173,43155,67665,56838,38311,35361,61140,59424,50496,46294,31398,40290,20759,63396,23118
ZOTU21,5705,2,2,1,7327,2,239,3176,1,1,1,0,0,10,3,3,4,4,6,6,3,3,0,1,0,2,8,1,4,3780,52,3523,4602,5991,0,5540,2,3,6,3,6,7,3,7,5,9,5,8,2,2,0,0,1,9,4,8,3,4,0,0,2,5,0,0,1,3,4,7,6,4,1,2,4,2,1,1,0,0,4,1,0,0,1,2,6849,0,1,0,12358,3,3,3363,6,0,0,6,6,0,1,0,3,7,1,2,6,1,3,8,5,5,4,1,3,8755,11172,1502,14399,4084,1,5916,1,0,0,0,2,0,6,1,3,0,0,0,0,0,0,3,1,3,1,0,0,0,4704,3,5,0,8693,3,1,4885,6513,3,706,4,0,0,0,0,4,4,3,3,1,4,0,0,0,3,5,1,8,10292,13192,3417,5579,4030,6,6006,0,3,0,0,0,2,1,1,1,0,0,0,0,2,0,0,2,4,2,0,1,2,0,0,0,2,0,0,1,3,2,6,2,5,0,0,2
ZOTU10,261,0,1,3,486,7225,3,815,3335,5,0,3,0,1,0,439,1,4,1,3,1,1,0,1,0,1,1,0,2,724,2327,1608,399,505,1,448,1,1,0,606,3,4,0,2,2,1798,0,1044,0,430,0,2,2,10,1,3,1,2,1,2,1,0,0,0,2,11,2,3,0,0,0,0,1,2,3,2,1,2,1,0,1,0,1,2,363,1,0,2,919,1,0,540,3576,1,0,2,2,1,1,1154,22,0,3,1,0,0,1,1,2,1,0,1,0,2069,1344,304,497,190,0,238,0,0,0,1529,0,2,1,3,2,0,582,0,1572,1,0,0,0,0,0,0,0,0,609,0,0,0,603,73,0,981,762,2,0,0,0,0,0,485,36,4,1,2,0,1,0,0,0,1,0,1,0,395,306,296,368,249,0,402,0,0,0,119,1,0,0,0,2,805,0,2448,1,238,0,0,0,1,0,0,0,0,0,0,0,0,0,1,0,3,2,3,0,0,0,0,0
ZOTU8,3692,2,2,5,1132,3,0,2644,125,6,2,3,3,4,1,6284,1171,5,0,10,7,6,1,4,2,1,5,6,4,2734,2,4500,7555,951,10,932,0,4,4,1020,8,2,0,5,7,5,3,7,0,2,2,0,3,9,0,1,4,3,0,0,0,1,0,1,0,6,0,7,1,8,0,2,1,0,0,0,3,2,0,0,2,0,0,0,3173,1,3,8,999,2,0,1361,693,5,0,0,3,3,3,8445,4219,4,3,341,4,3,0,2,3,3,4,0,0,4210,0,10851,2281,2806,2,1283,1,0,2,7028,1,1,1,4,1,1,194,1,0,0,11,3,0,0,1,0,1,0,5563,555,2,1,1720,1,0,3949,961,1,0,1,0,3,0,3162,2298,4,0,681,2,5,1,1,0,8,7,5,5,7265,847,6702,7068,7317,1,4834,0,0,3,9686,0,1,0,3,1,2001,3,2,1,1,0,2,0,1,0,3,2,3,0,0,1,0,0,3,0,1,0,6,2,3,0,0,0
ZOTU22,244,157,1,0,36,0,0,356,0,102,0,0,73,0,167,135,1030,0,0,400,105,46,141,0,58,266,1,0,0,79,178,121,446,0,0,1,106,1,0,0,31,0,0,1,0,1,0,43,0,0,225,0,1,21,0,146,0,230,0,233,248,0,0,668,1,0,0,91,345,0,0,0,1,0,0,0,0,0,1,0,0,0,1,0,1,1,0,0,147,0,0,502,0,84,0,83,59,0,1,0,78,0,15,146,0,0,1,87,0,0,151,283,0,131,234,1,0,0,117,15,50,129,113,0,0,42,0,0,0,0,1,0,107,0,0,149,0,0,1,0,1,106,91,49,0,0,70,129,0,193,0,0,111,1,1670,0,0,77,2,0,1,76,0,105,3,0,0,1,0,0,0,0,53,0,112,0,0,1,0,0,0,46,0,75,0,31,0,56,34,0,0,0,0,0,0,0,0,1,0,0,93,0,0,0,0,0,0,1,128,1,0,95,0,0,0
ZOTU2,1234,14317,8444,15769,2863,9281,5366,2527,6503,15800,5960,20234,8638,34,22613,1196,3950,31,16262,3829,6568,14632,5601,7269,13049,10024,13616,8433,5121,1301,6203,547,247,9730,20100,737,20168,451,6808,2502,7472,24762,18,10986,4327,5257,12515,6018,5019,5847,30157,4819,17619,6563,22,14714,7080,48,1600,7455,13453,4071,8699,10388,7404,204,16,3219,556,15846,1563,1466,10,7,11,14,7,10,11,15,4,14,20,7,1846,14862,15780,10577,1103,12,8502,1498,9662,20196,10801,12060,17677,21,7586,164,4740,12,8816,5288,4732,9692,11372,16258,33281,7804,1673,3910,2465,13,7095,165,208,531,15314,50,12859,15002,19780,177,17895,10992,2730,4134,3015,22174,3564,7162,3644,7343,3902,6518,4575,8806,10489,34,14339,3457,2044,12486,16299,16008,2055,391,10808,1321,1512,8645,13021,13046,20437,7,15116,536,3613,17,6678,3857,11119,10122,2190,3760,20119,431,7540,4985,3813,175,2033,48,519,82,6957,121,19331,11985,10855,812,25864,11982,10159,3478,2890,3143,10905,4551,1063,1105,9563,1125,6980,2315,3029,7662,1446,16,1417,5437,3911,7228,3823,15819,2358,3641,4821,11749,138,15395,9190,40,3
ZOTU69,0,0,14,0,24,0,0,0,0,0,0,0,0,82,0,0,0,0,8,0,0,0,0,1,0,0,0,0,2,28,0,59,46,75,162,0,0,0,0,0,0,0,0,0,0,0,0,0,0,0,0,0,0,0,0,0,0,0,0,0,19,0,40,0,0,0,0,0,0,0,0,0,1,0,0,0,0,0,0,0,0,0,0,0,0,51,0,0,0,0,51,17,0,0,0,0,0,45,0,0,146,0,0,0,0,0,0,0,0,0,0,187,0,0,0,0,0,0,0,0,0,56,0,92,1,0,0,0,43,0,0,0,0,0,0,0,0,12,0,0,0,186,312,0,0,62,0,0,0,0,0,0,0,0,0,0,0,0,0,0,69,0,0,0,0,0,0,56,1,0,0,0,0,0,0,0,0,107,0,0,1,0,0,0,0,0,0,1,296,0,0,0,0,0,0,0,0,0,0,0,0,0,0,1,0,0,0,0,0,0,0,0,0,0,0
ZOTU7,4227,182,423,257,2881,234,47,1128,422,1,737,103,133,287,445,415,419,640,247,806,233,240,616,1366,90,607,793,171,537,1395,234,975,4688,1554,9,1107,1321,1087,530,450,76,155,2,828,651,2305,349,207,326,1775,465,437,227,375,1,408,1234,789,458,644,329,2137,540,1520,472,1837,1,148,741,300,19,1980,201,1,7,0,7,0,1,2,0,0,3,0,165,241,394,447,150,3,268,8064,290,359,1602,208,376,383,222,77,185,324,693,610,62,282,287,307,883,1887,1855,4705,535,699,509,207,293,316,116,103,4183,3092,703,1113,238,131,315,940,489,1211,373,570,277,217,522,816,230,295,590,489,305,14244,2340,1169,208,83,2106,483,100,1658,1473,75,1373,507,1452,7,382,681,1198,1932,400,44,1493,300,141,226,198,81,919,123,626,216,623,187,797,140,782,580,1028,85,2,284,130,844,588,254,464,484,4814,531,1292,375,511,245,1245,36,810,614,38,637,361,1111,547,2306,2,1323,1149,224,764,1219,151,515,329,56,177
ZOTU244,0,0,0,0,0,0,0,0,0,0,0,0,0,0,0,0,0,0,0,0,0,0,0,11,0,0,0,0,0,0,0,0,0,1,0,0,0,0,0,0,0,0,0,0,0,0,0,0,0,0,0,0,0,0,0,0,0,0,0,0,0,0,0,0,0,0,0,0,0,0,0,2,0,0,0,0,0,0,0,0,0,0,0,0,0,0,0,0,0,0,0,0,0,0,0,0,0,0,0,0,0,0,0,0,0,0,0,0,0,0,0,0,0,0,0,0,0,0,0,0,0,0,0,43,0,0,0,0,0,0,0,0,0,0,0,0,0,0,0,0,0,1,8,0,0,0,0,0,0,0,0,0,0,0,0,0,0,0,0,0,0,0,2,0,0,0,0,0,0,0,0,0,0,0,0,0,0,0,0,0,0,0,0,0,0,0,0,0,1,0,0,1,0,0,0,0,0,0,0,0,0,0,0,0,0,0,0,0,0,0,0,0,0,0,0
ZOTU168,0,0,0,0,0,0,0,0,94,0,191,0,0,0,0,0,0,0,163,0,0,0,0,0,0,239,0,0,0,0,0,0,55,193,0,0,0,0,0,0,0,0,0,0,0,0,0,0,0,0,0,0,0,0,1,0,0,0,0,0,0,0,0,0,0,61,0,0,0,0,7,0,0,0,0,0,0,0,0,0,0,0,0,0,0,0,0,117,0,0,0,69,0,0,0,0,0,0,0,1,0,0,0,0,0,0,0,0,38,0,0,0,0,0,0,0,0,0,0,0,0,1,0,1,0,0,0,84,0,0,0,0,0,0,1,0,0,0,0,0,0,72,53,0,0,0,0,0,0,0,71,21,1,0,0,0,0,0,0,0,0,0,0,0,0,0,0,0,0,0,0,0,0,0,0,0,0,87,0,0,0,0,0,0,0,0,0,0,0,0,0,0,0,0,0,44,0,0,0,0,0,0,0,0,0,0,0,0,0,0,0,0,0,0,0
ZOTU204,53,136,0,0,112,0,0,167,0,0,0,0,0,0,0,118,0,0,0,0,39,76,0,0,0,0,0,2,0,36,0,0,155,0,0,0,0,0,0,0,0,0,0,1,0,0,0,0,0,0,0,0,0,0,0,1,0,0,0,0,0,0,0,0,0,0,0,0,0,0,0,0,0,0,0,0,0,0,0,0,0,0,0,0,116,44,0,0,0,0,0,43,194,0,0,0,0,0,0,0,0,0,0,0,0,0,0,0,0,0,0,0,0,0,0,83,0,0,0,0,0,0,0,0,0,0,0,0,0,0,0,0,0,0,0,0,0,0,0,0,0,0,349,0,1,0,143,0,0,0,0,2,0,0,0,0,0,0,0,0,0,0,0,0,0,0,0,0,0,0,0,386,170,22,0,73,0,0,0,0,0,0,0,0,0,0,0,0,0,76,0,0,0,0,1,0,0,0,0,0,0,0,0,0,0,0,0,0,0,0,0,0,0,0,0
ZOTU67,45,30,91,26,149,13,85,1,82,24,216,368,48,71,12,188,266,86,96,88,74,2,149,73,43,101,100,19,95,19,93,98,132,210,99,83,169,170,78,130,20,118,1,37,152,182,66,67,80,52,0,23,201,53,0,70,2,2,186,157,83,2,145,204,107,502,2,194,280,79,10,119,241,0,1,0,0,1,0,0,0,1,1,1,130,273,51,150,97,494,60,17,81,98,229,106,0,115,32,32,49,176,61,100,73,75,214,364,68,73,71,104,0,80,18,163,112,115,90,90,47,235,282,117,0,0,222,123,29,163,55,726,38,68,203,0,100,93,171,238,245,11,262,156,24,85,72,244,106,82,40,31,172,153,342,253,143,127,59,232,288,64,1,42,113,43,143,34,251,35,232,96,14,37,52,36,208,158,218,2,132,1,76,132,139,40,85,49,54,52,288,225,177,49,65,29,238,188,249,230,54,106,244,156,390,93,233,122,0,98,57,89,63,122,41
ZOTU229,26,0,0,0,6,0,0,2,0,0,0,0,0,0,0,0,0,0,0,0,0,0,0,0,0,0,0,0,0,26,0,25,17,4,0,6,0,0,0,0,0,0,0,0,0,0,0,0,0,0,0,0,0,0,0,0,0,0,0,0,0,0,0,0,0,0,0,0,0,0,0,0,0,0,0,0,0,0,0,0,0,0,0,0,38,0,0,0,13,0,0,4,0,0,0,0,0,0,0,0,0,0,0,0,0,0,0,0,0,0,0,0,0,27,0,17,40,18,0,13,0,0,0,0,0,0,0,0,0,0,0,0,0,0,0,0,0,0,0,0,0,0,24,0,0,0,6,0,0,3,1,0,0,0,0,0,0,0,0,0,0,0,0,0,0,0,0,0,0,0,0,29,8,20,50,28,0,16,0,0,0,0,0,0,0,0,0,0,0,0,0,0,0,0,0,0,0,0,0,0,0,0,0,0,0,0,0,0,0,0,0,0,0,0,0
ZOTU164,0,167,0,0,0,0,0,0,0,0,0,0,0,0,0,0,0,0,0,0,0,62,0,0,0,0,0,0,0,0,0,0,0,0,1,0,0,0,0,0,0,130,0,0,1,0,0,0,0,124,0,0,0,0,0,0,0,0,0,0,0,1,0,0,0,0,0,0,0,0,1,0,0,0,0,0,1,0,0,0,0,0,0,0,0,0,0,0,0,0,0,35,0,0,0,0,0,0,0,1,0,50,103,0,0,0,0,0,0,0,0,290,0,0,72,0,0,0,0,0,0,34,144,1,0,0,1,0,0,0,0,182,0,0,3,0,0,0,0,236,0,96,333,0,0,0,0,0,0,0,0,0,0,0,0,0,0,0,0,0,0,0,0,0,4,0,0,0,0,0,0,0,0,0,0,0,0,0,0,0,1,0,0,0,0,0,171,0,136,0,0,0,0,0,0,0,0,0,0,0,0,0,0,0,0,0,0,0,0,0,0,0,0,0,0
ZOTU252,0,0,0,0,0,0,0,0,0,0,0,0,0,0,0,0,142,0,0,0,0,0,1,0,0,132,0,0,0,0,0,0,0,40,0,0,0,0,0,0,0,0,0,0,0,0,0,0,0,19,0,0,1,0,0,0,0,0,0,0,0,0,0,0,0,0,0,0,0,0,0,0,0,0,0,0,0,0,0,0,0,0,0,0,0,0,0,2,0,0,0,0,0,0,0,0,0,0,0,48,0,0,0,0,0,0,0,0,0,0,0,41,0,37,84,0,0,0,0,0,0,84,0,1,0,0,0,0,0,0,0,0,1,0,0,0,0,0,0,0,0,278,162,0,0,0,0,0,0,0,0,0,0,0,1,0,0,0,231,0,0,0,0,0,76,0,0,0,0,0,0,0,0,0,0,0,0,0,0,51,0,0,0,0,0,0,0,0,209,0,0,0,0,0,0,0,146,0,0,0,0,0,0,0,0,0,1,0,0,0,0,0,0,0,0
ZOTU246,17,0,0,115,0,0,0,0,0,0,0,0,0,0,0,0,0,0,1,0,0,1,0,0,0,0,62,0,0,0,0,2,1,0,1,0,0,0,0,0,0,0,0,0,0,65,1,0,0,0,0,74,0,0,0,0,0,0,0,28,0,0,0,0,0,0,0,0,0,0,6,1,0,0,0,0,0,0,0,0,0,0,0,0,0,1,1,1,0,0,0,74,0,0,0,0,1,0,0,0,33,0,0,0,35,0,247,0,14,0,1,166,0,0,0,0,0,0,0,0,0,1,0,146,0,0,0,0,0,0,0,0,0,104,2,0,6,0,0,0,1,63,386,0,0,0,0,0,0,0,0,0,0,0,0,0,0,0,0,0,0,0,0,0,0,0,0,0,0,0,0,110,0,0,1,1,0,0,0,91,1,1,1,1,0,0,0,0,326,0,0,0,0,0,0,0,0,1,0,0,0,0,0,0,0,0,0,0,0,1,0,0,0,0,0
ZOTU160,93,0,0,0,16,0,0,5,0,0,0,0,0,86,0,76,8,0,0,0,0,0,0,0,0,0,0,0,0,82,0,125,78,7,0,8,10,0,0,3,0,0,0,0,0,0,0,0,0,0,0,0,0,0,0,0,0,0,0,0,0,0,0,0,0,0,0,0,0,0,0,0,0,0,0,0,0,0,0,0,0,0,0,0,224,0,0,0,12,0,0,9,0,0,0,0,0,0,0,178,66,0,0,7,0,0,0,0,0,0,0,0,0,121,0,264,92,206,0,9,0,0,0,75,0,0,0,0,0,0,13,0,0,0,0,0,0,0,0,0,0,0,211,0,0,0,4,0,0,11,1,0,0,0,0,0,0,49,39,0,0,12,0,0,0,0,0,0,0,0,0,154,2,143,239,240,0,37,9,0,0,102,0,0,0,0,0,66,0,0,0,0,0,0,0,0,0,0,0,0,0,0,0,0,0,0,0,0,0,0,0,0,0,0,0
ZOTU40,19,1,1,3,0,0,0,0,0,0,0,0,0,6589,2,0,2,0,1,0,1,1,333,917,0,5,3,0,0,12,0,36,1,5,1,1,5404,4,0,0,1,0,0,0,0,0,0,1,0,4,0,0,1,0,0,0,0,0,0,0,0,3,0,0,0,0,0,0,0,0,0,0,1,0,0,0,0,0,0,0,0,0,0,0,51,1,0,0,0,0,0,0,0,0,0,0,0,782,0,0,0,1,0,0,0,0,0,0,0,0,0,0,0,45,3,48,26,61,0,0,1807,0,0,0,0,0,0,0,0,0,0,0,0,0,0,0,0,0,0,0,0,0,36,0,0,0,0,0,0,0,0,0,0,0,0,2088,0,0,0,0,0,1,1,0,0,0,0,2,0,0,0,64,0,51,56,57,0,0,1086,1,0,0,0,0,0,0,0,0,0,0,0,1,0,0,0,0,0,0,0,0,0,0,0,2,0,0,0,0,0,0,0,0,0,0,0
ZOTU138,14,207,95,210,47,82,56,43,96,227,99,258,91,0,224,9,45,1,210,59,29,139,94,106,140,141,194,80,79,13,53,6,7,157,250,10,187,4,83,30,273,227,0,144,59,58,118,60,51,81,405,65,221,108,0,205,109,0,29,98,150,72,95,169,112,4,0,55,14,191,25,22,0,0,0,0,0,0,0,0,0,0,0,0,16,176,201,162,14,0,100,36,140,198,163,209,191,0,96,1,49,0,159,56,55,139,138,219,348,105,28,69,36,1,85,0,2,6,123,1,212,219,188,5,458,171,48,63,33,227,34,99,42,93,48,102,74,89,156,0,168,97,25,168,253,209,39,5,120,15,26,111,167,194,323,0,177,4,53,0,81,52,133,120,34,36,330,1,103,65,59,3,20,0,0,1,84,1,241,129,141,7,284,107,86,54,49,40,190,41,20,16,119,14,79,27,37,116,20,0,41,82,72,104,42,156,44,34,53,180,2,211,105,2,0
ZOTU214,87,0,0,0,8,0,0,8,0,0,0,0,0,0,0,135,23,0,0,0,0,0,0,0,0,0,0,0,0,76,0,119,120,1,0,10,0,0,0,13,0,0,0,0,0,0,0,0,0,0,0,0,0,0,0,0,0,0,0,0,0,0,0,0,0,0,0,0,0,0,0,0,0,0,0,0,0,0,0,0,0,0,0,0,76,0,0,0,7,0,0,10,0,0,0,0,0,0,0,241,96,0,0,12,0,0,0,0,0,0,0,0,0,43,0,272,31,60,0,17,0,0,0,107,0,0,0,0,0,0,8,0,0,0,0,0,0,0,0,0,0,0,169,0,0,0,6,0,0,7,1,0,0,0,0,0,0,57,76,0,0,13,0,0,0,0,0,0,1,0,0,105,0,104,201,151,0,63,0,0,0,165,0,0,0,0,0,87,0,0,0,0,0,0,0,0,0,0,0,0,0,0,0,0,0,0,0,0,0,0,0,0,0,0,0
ZOTU245,192,0,0,0,66,0,0,46,0,0,0,0,0,1,0,0,0,0,0,0,0,0,0,0,0,0,0,0,0,68,0,102,120,32,0,24,0,0,0,0,0,0,0,0,0,0,0,0,0,0,0,0,0,0,0,0,0,0,0,0,0,0,0,0,0,0,0,0,0,0,0,0,0,0,0,0,0,0,0,0,0,0,0,0,158,0,0,0,132,0,0,57,0,0,0,0,0,0,0,0,0,0,0,0,0,0,0,0,0,0,0,0,0,226,9,88,186,124,0,43,0,0,0,0,0,0,0,0,0,0,0,0,0,0,0,0,0,0,0,0,0,0,126,0,0,0,116,0,0,221,71,0,3,0,0,0,0,0,0,0,0,0,0,0,0,0,0,0,0,0,0,429,106,191,235,216,0,136,0,0,0,0,0,0,0,0,0,0,0,0,0,0,0,0,0,0,0,0,0,0,0,0,0,0,0,0,0,0,0,0,0,0,0,0,0
ZOTU208,72,0,0,0,19,0,0,3,0,0,0,0,0,0,0,34,5,0,0,12,0,0,0,0,0,0,0,0,0,37,0,47,69,4,0,17,0,0,0,11,0,0,0,0,0,12,0,0,0,2,0,0,0,0,0,1,0,0,0,1,0,0,0,0,0,0,0,0,0,0,1,0,0,0,0,0,0,0,0,0,0,0,0,0,33,0,0,0,6,0,0,23,0,0,0,0,0,0,0,19,30,0,1,20,0,0,0,0,0,0,0,0,0,21,0,22,33,34,0,8,0,0,0,35,0,0,0,0,0,0,37,0,31,0,0,0,0,0,0,0,0,1,96,0,0,0,15,0,0,1,2,0,0,0,0,0,0,17,46,0,0,18,0,0,0,0,0,0,0,0,0,22,3,13,54,22,0,28,0,0,0,17,0,0,0,0,0,23,0,47,0,0,0,0,0,0,0,0,0,0,0,0,0,0,0,0,0,0,0,0,0,0,0,0,0
ZOTU151,20,0,0,0,15,0,4,4,0,0,0,0,0,0,0,63,20,0,0,21,0,0,0,0,0,0,1,1,0,32,0,46,32,12,0,21,0,0,0,21,0,0,0,0,0,9,0,4,0,8,0,0,0,0,0,1,0,0,0,0,0,0,0,0,0,0,0,0,0,0,0,0,0,0,0,0,0,0,0,0,0,0,0,0,70,0,0,0,10,0,0,4,0,0,0,0,0,0,0,61,45,0,0,23,0,0,0,0,0,0,0,0,0,21,1,55,34,55,0,15,0,0,1,39,0,0,0,0,0,0,60,0,44,0,0,0,0,0,0,0,0,0,94,0,0,0,4,0,2,5,0,0,0,0,0,0,0,17,25,0,0,34,0,0,0,0,0,0,1,0,0,21,0,18,38,36,0,22,1,0,0,25,0,0,0,0,0,34,0,65,0,1,0,0,0,0,0,0,0,0,0,0,2,0,0,0,0,0,0,0,0,1,0,2,1
ZOTU23,19,4,1,61,66,4,179,1,82,71,161,8,30,10,2,3,29,8,5,69,15,51,81,32,44,58,1,0,0,31,78,108,11,64,114,83,9,143,108,5,0,0,1,137,2,70,154,5,38,81,3,3,68,40,0,145,161,211,144,12,134,24,17,6,59,414,1,109,134,121,8,211,12,0,1,0,0,0,0,0,0,0,0,0,2,2,202,133,112,95,22,15,80,1,8,101,66,7,122,2,88,1,81,27,56,2,217,200,125,71,1,51,213,34,1,61,29,3,73,10,119,157,2,117,80,105,83,80,20,3,13,74,5,1,170,110,48,81,7,5,124,23,97,5,88,55,8,222,9,50,64,5,80,4,201,186,6,7,122,41,44,8,1,160,9,110,138,24,218,139,96,3,43,3,28,13,35,111,100,45,105,30,59,124,96,27,260,87,4,1,2,46,176,261,5,80,3,4,267,96,122,248,200,1,5,1,57,169,34,137,53,48,57,119,61
ZOTU133,0,0,0,0,0,0,0,0,1,0,0,0,0,0,21,0,0,0,0,9,0,0,0,0,0,0,0,0,0,0,17,0,0,0,0,0,177,0,0,0,0,0,0,0,1,0,0,0,0,0,0,0,0,0,0,0,0,0,39,0,0,0,0,0,135,20,0,0,98,39,0,0,0,0,0,0,0,0,0,0,0,0,0,0,0,0,0,0,0,0,0,0,0,0,0,0,0,0,0,0,0,0,0,0,0,0,0,0,0,0,0,0,0,0,0,0,0,0,0,0,0,0,0,0,0,0,0,0,0,0,0,0,0,0,0,0,0,0,0,0,0,0,82,0,0,0,0,114,0,0,0,0,0,0,0,0,0,0,0,0,0,0,0,0,0,0,44,0,0,0,0,0,0,0,0,0,0,0,0,0,0,22,16,0,0,0,0,0,0,0,0,0,0,0,0,0,0,0,0,0,0,0,0,0,1,40,0,0,0,0,33,239,1,0,0
ZOTU24,0,0,0,1,0,0,0,0,0,0,0,0,0,7,0,162,0,0,0,0,0,1,0,3,0,1,1,3,1,351,1,320,2,317,2,4542,0,1,0,2227,0,0,0,0,1,0,2,1,0,0,0,0,0,0,2,0,0,0,0,0,0,0,0,1,0,0,0,1,0,0,0,1,0,0,0,0,2,0,0,0,0,0,0,0,93,0,0,0,0,0,0,0,0,0,0,0,1,5,1,1043,115,0,0,3,0,0,1,0,0,0,0,0,0,0,0,77,34,468,0,100,0,0,0,1,0,0,0,0,1,0,0,0,0,0,0,0,0,0,0,0,0,0,74,0,0,0,0,0,0,0,0,1,1,0,0,14,0,2,361,0,0,0,0,0,0,1,0,0,0,1,0,146,65,41,88,104,0,200,0,0,0,178,1,0,0,0,0,189,0,0,0,0,0,0,0,0,0,0,0,0,0,1,0,0,0,0,0,0,0,1,0,1,0,0,0
ZOTU131,53,0,0,0,19,0,7,6,0,0,0,0,0,0,1,22,32,0,0,48,0,0,0,0,1,3,0,1,0,34,0,32,4,31,1,10,1,0,0,19,0,0,0,0,0,26,0,8,0,11,0,0,0,0,0,0,0,0,0,0,0,0,0,0,0,0,0,0,0,0,0,0,0,0,0,0,0,0,0,0,0,0,0,0,58,0,0,0,14,0,0,8,0,1,0,0,0,0,0,11,104,0,1,90,0,0,0,0,0,0,0,0,0,0,0,10,7,15,0,2,0,0,1,2,0,0,0,0,0,0,191,0,137,0,0,0,0,0,0,0,0,0,74,0,0,0,7,0,14,9,0,0,0,0,0,0,0,12,94,0,0,82,0,0,0,0,0,1,0,0,0,9,7,5,30,9,0,0,2,0,0,27,0,0,0,0,1,127,0,150,0,0,0,0,0,0,0,0,0,0,0,0,0,0,0,0,0,0,0,0,0,2,0,0,0
ZOTU237,1,0,0,0,1,0,0,2,0,0,0,0,0,0,0,0,0,0,0,0,0,0,0,0,0,0,0,0,0,10,0,30,3,1,0,3,0,0,0,1,0,0,0,0,0,1,0,0,0,0,0,0,0,0,0,0,0,0,0,0,0,0,0,0,0,0,0,0,0,0,0,0,0,0,0,0,0,0,0,0,0,0,0,0,3,0,0,0,2,0,0,0,0,0,0,0,0,0,0,29,0,0,0,0,0,0,0,0,0,0,0,0,0,9,0,5,6,2,0,0,0,0,0,10,0,0,0,0,0,0,14,0,19,0,0,0,0,0,0,0,0,0,9,0,0,0,2,0,0,2,0,0,0,0,0,0,0,5,0,0,0,3,0,0,0,0,0,0,0,0,0,7,1,1,7,2,0,1,0,0,0,1,0,0,0,0,0,6,0,37,0,0,0,0,0,0,0,0,0,0,0,0,0,0,0,0,0,0,0,0,0,0,0,0,0
ZOTU220,0,0,1,2,0,0,0,1,0,0,0,0,0,286,0,7,0,0,0,0,0,0,0,3,0,0,0,0,0,7,0,17,5,2,0,0,31,0,0,0,0,0,0,0,0,0,0,0,0,0,0,0,0,0,0,0,0,0,0,0,0,0,0,0,0,0,0,0,0,0,0,0,0,0,0,0,0,0,0,0,0,0,0,0,7,0,1,0,0,0,0,1,0,0,0,0,0,0,0,2,2,0,0,0,0,0,0,0,0,0,0,0,0,3,0,10,4,22,0,1,0,0,0,0,0,0,0,0,0,0,0,0,0,0,0,0,0,0,0,0,0,0,18,0,0,0,0,0,0,0,0,0,0,0,0,0,0,3,3,0,0,0,0,0,0,0,0,0,0,0,0,13,1,7,13,8,0,1,60,0,0,1,0,0,0,0,0,1,0,0,0,0,0,0,0,0,0,0,0,0,0,0,0,0,0,0,0,0,0,0,0,0,0,0,0
ZOTU108,48,0,0,0,0,0,50,0,0,0,0,0,0,1,0,0,0,0,0,64,0,8,0,0,0,0,114,0,0,0,0,0,0,0,1,0,42,0,0,0,0,0,0,0,0,0,2,0,0,0,1,59,1,0,0,0,0,0,0,0,0,0,0,0,0,12,0,0,0,0,0,0,0,0,0,0,1,0,0,0,0,0,0,0,0,0,1,0,0,0,0,20,0,0,0,0,0,0,0,6,0,0,0,0,0,0,0,0,0,0,0,0,0,0,24,0,0,0,0,0,0,61,114,0,0,0,0,0,96,0,0,10,0,0,2,0,0,0,0,0,0,115,77,0,0,34,0,0,0,0,0,0,0,0,0,0,0,0,0,0,0,0,0,0,38,0,0,0,0,119,0,0,0,0,0,0,54,0,0,0,0,0,0,0,0,56,1,0,93,0,0,0,0,0,0,0,0,0,0,0,0,0,0,0,0,0,0,0,0,0,0,0,0,0,0
ZOTU221,0,0,0,0,0,0,0,0,0,0,0,0,0,0,0,0,0,0,0,0,0,0,0,0,0,0,0,0,0,0,0,0,0,0,0,0,50,0,0,0,0,0,0,0,0,0,0,0,0,0,0,0,0,0,0,0,0,0,9,0,0,0,0,0,12,0,0,0,33,0,0,0,0,0,0,0,0,0,0,0,0,0,0,0,0,0,0,0,0,0,0,0,0,0,0,0,0,0,0,0,0,0,0,0,0,0,0,0,0,0,0,0,0,0,0,0,0,0,0,0,0,0,0,0,0,0,0,0,0,0,0,0,0,0,0,0,0,0,0,0,0,0,20,0,0,0,0,0,0,0,0,0,0,0,0,0,0,0,0,0,0,0,0,0,0,0,0,0,0,0,0,0,0,0,0,0,0,0,0,0,0,4,0,0,0,0,0,0,0,0,0,0,0,0,0,0,0,0,0,0,0,0,0,0,0,0,0,0,0,0,8,78,0,0,0
ZOTU106,34,0,0,0,12,0,0,4,0,0,0,0,0,0,0,41,11,0,0,25,0,0,0,0,0,2,0,0,0,60,0,83,24,10,0,27,0,0,0,18,0,0,0,0,0,28,0,7,0,14,0,1,0,0,0,0,0,0,0,0,0,0,0,0,0,0,0,0,0,0,0,0,0,0,0,0,0,0,0,0,0,0,0,0,37,0,0,0,19,0,0,11,0,0,0,0,0,0,0,142,33,0,0,18,0,0,0,0,1,0,0,0,0,52,0,34,39,18,1,21,0,0,0,56,0,0,0,0,0,0,82,0,86,0,0,0,0,0,0,0,0,0,71,0,0,0,15,0,0,13,0,0,0,0,0,0,0,34,36,0,0,54,0,1,0,0,0,0,0,0,0,34,6,30,54,42,0,36,0,0,0,37,0,0,0,0,0,97,0,182,0,4,0,0,0,0,0,0,0,0,0,0,0,0,0,0,0,0,0,0,0,0,0,0,0
ZOTU80,86,22,0,0,11,0,0,37,0,23,0,0,35,0,31,20,158,0,0,80,2,5,25,0,22,53,0,0,0,14,14,25,43,0,0,0,32,0,0,0,0,0,0,0,0,0,0,10,0,0,38,0,0,6,0,18,0,55,0,61,60,1,0,132,0,0,0,17,61,0,0,0,0,0,0,0,0,0,0,0,0,0,0,0,0,0,0,0,47,0,0,64,0,12,0,29,10,0,0,0,5,0,1,16,0,0,0,23,0,0,15,34,0,25,37,0,0,0,19,1,11,17,16,0,1,5,0,0,0,0,0,0,16,0,0,25,0,0,0,0,0,9,24,20,0,0,18,34,0,81,0,0,32,0,268,0,0,23,0,0,0,22,0,34,0,0,0,0,0,0,0,0,10,0,27,0,0,0,0,0,0,13,0,10,0,11,0,17,20,0,0,0,0,0,0,0,0,0,0,0,23,0,0,0,0,0,0,0,19,0,0,14,0,0,0
ZOTU72,43,20,0,0,5,0,0,37,0,21,0,0,13,0,13,16,109,0,0,47,3,6,17,0,10,30,0,0,0,2,19,14,41,0,0,0,22,0,0,0,3,0,0,0,0,0,0,12,1,0,32,0,0,3,0,24,0,40,0,35,31,0,0,64,0,0,0,18,50,0,0,0,0,0,0,0,0,0,0,0,0,0,0,0,0,0,0,0,21,0,0,61,0,11,0,19,11,0,0,0,6,0,5,7,0,0,0,13,0,0,17,39,0,20,28,0,0,0,19,2,12,17,10,0,0,7,0,0,0,0,0,0,6,0,0,23,0,0,0,0,0,6,12,6,0,0,12,27,0,41,0,0,8,0,218,0,0,20,0,0,0,5,0,15,0,0,0,0,0,0,0,0,6,0,19,0,0,0,0,0,0,4,0,5,0,4,0,11,4,0,0,0,0,0,0,0,0,0,0,0,19,0,0,0,0,0,0,0,22,0,0,15,0,0,0
ZOTU193,29,0,0,0,28,0,0,1,0,0,0,0,0,0,0,0,0,0,0,0,0,0,0,0,0,0,0,0,0,5,0,3,15,7,0,8,0,0,0,0,0,0,0,0,0,0,0,0,0,0,0,0,0,0,0,0,0,0,0,0,0,0,0,0,0,0,0,0,0,0,0,0,0,0,0,0,0,0,0,0,0,0,0,0,1,0,0,0,8,0,0,24,0,0,0,0,0,0,0,0,0,0,0,0,0,0,0,0,0,0,0,0,0,6,15,0,6,1,0,3,0,0,0,0,0,0,0,0,0,0,0,0,0,0,0,0,0,0,0,0,0,0,15,0,0,0,22,0,0,6,9,0,0,0,0,0,0,0,0,0,0,0,0,0,0,0,0,0,0,0,0,14,11,0,7,1,1,4,0,0,0,0,0,0,0,0,0,0,0,0,0,0,0,0,0,0,0,0,0,0,0,0,0,0,0,0,0,0,0,0,0,0,0,0,0
ZOTU207,0,0,0,0,0,0,0,0,0,0,0,0,0,0,0,0,5,0,0,0,0,0,0,0,0,8,0,0,0,0,0,0,0,3,0,0,0,0,0,0,0,0,0,0,0,0,0,0,0,3,0,0,0,0,0,0,0,0,0,0,0,0,0,0,0,0,0,0,0,0,0,0,0,0,0,0,0,0,0,0,0,0,0,0,0,0,0,0,0,0,0,0,0,0,0,0,0,0,0,5,0,0,0,0,0,0,0,0,0,0,0,4,0,2,2,0,0,0,0,0,0,5,0,0,0,0,0,0,0,0,0,0,0,0,0,0,0,0,0,0,0,19,18,0,0,0,0,0,0,0,0,0,0,0,0,0,0,0,38,0,0,0,0,0,1,0,0,0,0,0,0,0,0,0,0,0,0,0,0,2,0,0,0,0,0,0,0,0,23,0,0,0,0,0,0,0,13,0,0,0,0,0,0,0,0,0,0,0,0,0,0,0,0,0,0
ZOTU82,0,2,0,0,1,1,4972,72,2,1,0,0,1,861,106,4,0,0,3,0,1,0,0,142,483,0,1,0,0,13,4,76,0,0,1165,1,150,0,1,1,0,0,0,0,0,0,0,0,0,1,0,101,0,0,0,1,0,0,0,1,2,0,0,0,0,0,3,1,0,0,0,0,1,0,0,0,0,0,1,0,1,0,0,0,2,1,1,0,1,0,0,0,0,0,313,0,0,0,0,2,1,0,0,0,0,0,0,0,0,0,0,0,0,1,181,4,0,2,0,0,0,0,177,1,0,0,0,0,0,0,68,0,1,0,0,0,0,0,0,0,0,0,14,0,0,1,0,0,2914,0,226,0,0,2,0,0,0,1,0,0,1,4,0,0,0,0,0,285,0,0,0,1,3,2,2,1,0,0,977,3,0,5,0,0,0,0,0,79,0,4,0,0,0,0,0,0,1,0,0,0,0,0,1,0,0,1,0,0,0,0,0,283,1,638,0
ZOTU184,1,0,2,1,1,0,0,0,0,1,1,11,1,1,1,0,0,0,1,1,1,0,5,0,0,1,1,0,0,0,1,1,1,4,4,1,3,0,0,0,0,2,0,1,1,2,0,1,1,1,0,0,2,1,0,2,0,0,0,3,0,0,1,2,1,0,0,0,0,0,0,0,0,0,0,0,0,0,0,0,0,0,0,0,1,5,0,1,1,0,1,0,2,5,1,2,0,0,1,1,0,0,0,1,0,2,3,11,1,0,0,1,0,0,0,0,0,1,2,1,0,4,3,1,0,0,0,0,0,5,0,0,0,1,1,0,0,2,2,0,5,1,2,1,1,0,0,0,2,1,0,1,3,4,9,1,2,1,0,0,0,0,0,0,0,1,1,1,1,2,0,0,1,0,0,0,2,0,5,0,1,0,4,3,3,0,0,0,2,0,0,0,1,0,2,0,0,2,1,0,1,0,0,0,0,3,0,0,0,1,0,0,1,0,0
ZOTU4,1460,617,217,4301,4077,5312,6879,122,2,1181,5,1229,84,313,2431,334,1300,10,6575,1043,401,336,2014,884,311,354,9551,3948,2251,331,344,70,297,176,862,6,761,915,790,2,2772,157,3,275,1766,694,469,0,1,1,1881,108,1037,254,2,2,2187,2,1905,1099,2898,3151,17742,1019,8248,4,3,2167,1068,421,241,1056,0,0,1,2,0,1,1,0,0,3,2,0,0,1,1,292,1,1,125,1,298,398,1,0,678,1020,1,58,0,2,405,0,1,0,1,1,1,1,1,0,0,0,0,0,0,0,1313,0,0,1,358,247,658,0,1,217,1,0,1,2,3,1,1587,1,1223,1,1,1,0,1,1,1,2738,9,0,29656,378,111,3,120,1063,162,2147,434,778,1,1,3,2,1,450,819,1,0,261,2,599,1,2,2,5,0,181,0,122,1,181,413,577,0,1245,3,750,1,0,0,592,0,2,1,2,0,2329,1393,3,0,0,2,0,0,0,1,3,355,1,5,1,1,8,357,4,3,4476
ZOTU172,0,0,60,134,0,0,0,0,0,68,177,0,0,0,0,51,0,0,0,0,0,0,0,0,0,0,0,0,0,1,0,0,0,0,0,0,0,0,0,0,0,0,0,0,0,0,0,0,0,0,0,0,0,0,0,0,0,0,0,46,0,77,0,154,0,0,1,0,0,0,3,0,0,0,0,0,0,0,0,0,0,0,0,0,0,0,0,0,0,0,0,7,0,0,0,0,30,0,0,0,0,0,0,0,0,0,0,0,0,0,0,0,0,0,0,0,0,0,0,0,0,0,0,0,0,0,0,0,0,0,0,0,0,0,0,0,0,0,0,0,0,0,0,0,0,1,0,0,0,0,0,0,0,0,174,0,110,0,0,0,0,0,0,0,0,0,0,0,0,0,0,0,0,0,0,0,0,0,0,0,0,0,0,36,0,0,0,0,0,0,0,0,0,0,0,0,0,0,0,0,0,0,0,0,0,0,0,0,0,0,0,338,0,0,0
ZOTU153,28,226,507,0,47,37,0,127,97,0,225,106,272,1,1,1,221,0,0,148,142,262,1,0,0,0,0,0,0,339,0,702,345,217,1048,0,1867,1,0,171,1541,1196,0,0,1,209,0,114,1020,0,0,0,1,1,0,0,1,0,0,0,0,686,97,424,1,1,0,465,0,0,2,2,0,0,2,0,0,0,0,1,0,0,0,0,0,0,0,0,0,0,0,1,327,0,0,0,0,0,1,0,0,0,1,0,0,0,0,2,1,0,0,0,0,30,0,0,0,0,0,169,0,0,0,0,348,0,0,1,0,0,0,0,28,0,0,0,0,0,0,0,0,62,0,0,0,1,296,2,50,78,0,0,106,196,379,0,0,1,364,1,0,0,0,0,0,0,0,0,1,0,2,134,0,241,47,126,303,279,452,0,0,0,207,1,0,0,0,205,0,297,1,0,1,1,0,0,0,0,1,0,0,0,0,0,0,2820,1,1,1,0,0,527,2,1,0
ZOTU79,0,0,612,265,0,36,301,85,0,0,0,0,103,0,0,0,0,0,2,0,0,0,0,0,0,0,0,61,0,141,300,180,0,0,91,0,448,0,115,0,0,0,1,0,0,443,0,125,0,0,0,72,291,2,0,245,0,0,0,0,34,244,80,0,0,0,0,0,0,395,101,0,0,0,1,0,0,0,0,0,0,0,0,0,0,0,237,301,0,0,0,0,0,0,0,0,1,84,0,0,0,2,0,0,0,0,0,1,448,0,0,0,0,0,0,0,0,0,86,0,0,0,0,0,0,0,0,0,0,0,0,1,1,0,127,0,0,0,0,0,0,0,0,0,0,0,0,0,155,0,0,0,0,0,267,0,0,0,0,0,0,0,0,1,0,0,0,215,0,2,0,0,0,0,0,0,494,0,0,0,204,95,0,0,0,0,0,0,0,0,0,0,0,0,0,0,0,0,0,0,0,0,0,0,0,60,2,739,0,1,0,0,2,0,0
ZOTU29,0,139,0,0,0,0,0,1,0,74,0,155,0,1,0,0,0,1,118,30,59,0,0,0,0,0,234,58,0,0,0,0,0,0,145,1,1,1,0,0,0,1,0,0,0,0,0,0,341,0,196,0,0,0,0,0,0,0,0,239,100,197,0,0,0,0,0,0,1,0,0,0,0,0,0,0,0,0,0,0,0,0,0,0,0,0,0,0,0,0,1,21,0,0,0,0,0,0,0,0,0,0,0,0,0,0,0,0,0,0,0,0,0,0,0,0,0,0,0,0,0,0,0,0,0,98,172,0,0,0,0,457,0,0,0,0,0,0,0,0,0,0,0,0,0,0,0,0,0,0,1,0,163,0,159,0,0,0,0,0,0,0,0,112,0,1,0,0,0,0,0,0,0,0,0,0,0,0,0,0,0,0,0,0,0,0,0,0,0,0,0,0,0,0,0,108,0,0,0,0,1,0,0,0,2,347,0,0,1,295,278,0,0,0,0
ZOTU105,9,29,24,58,38,1,39,7,1,4,23,30,34,0,14,6,30,26,15,27,2,10,0,7,36,16,29,3,0,8,34,34,10,11,57,0,110,1,34,7,38,46,0,0,3,25,1,17,62,9,7,6,21,13,0,13,1,0,0,58,359,83,30,12,0,0,0,46,0,80,12,12,15,0,0,0,0,0,0,0,0,0,0,0,2,0,22,23,0,0,2,0,45,3,2,2,14,6,0,1,0,0,0,0,0,1,1,0,38,25,0,2,0,2,4,0,0,0,0,2,1,22,6,0,16,2,9,31,4,0,0,22,0,0,2,0,1,2,15,0,0,2,0,2,14,4,27,21,63,15,0,0,14,7,28,0,0,72,30,37,8,0,0,16,0,49,34,46,0,0,0,15,0,16,5,20,133,34,17,9,35,52,43,5,0,0,0,23,1,16,0,0,4,0,0,4,39,0,13,0,0,0,0,0,16,127,36,45,0,23,62,49,0,0,0
ZOTU144,2,0,14,4,1,0,33,2,0,0,0,0,3,0,11,0,12,68,0,23,0,0,0,0,3,20,0,1,0,0,9,4,0,0,2,0,11,0,2,0,0,0,0,0,7,0,0,0,0,0,0,1,7,3,0,9,0,0,0,0,377,4,0,0,0,0,0,0,0,29,0,0,0,0,0,0,0,0,0,0,0,0,0,0,0,0,3,13,0,0,0,0,3,0,0,0,2,2,0,0,0,0,0,0,0,0,0,0,12,0,0,0,0,3,0,0,0,0,2,0,0,0,0,0,0,0,0,0,0,0,0,0,0,0,1,0,0,0,0,0,0,0,0,0,0,0,0,0,29,0,0,0,0,0,2,0,0,0,0,0,0,0,0,0,0,0,0,7,0,0,0,0,1,4,0,0,35,9,0,7,4,18,26,0,0,0,0,0,0,0,0,0,9,0,0,0,0,0,0,0,0,0,0,0,0,0,6,0,0,0,20,0,0,0,0
ZOTU126,0,1,0,0,0,0,0,0,0,0,3,0,0,0,0,0,0,0,0,0,1,0,0,0,0,0,0,0,0,3,0,5,0,3,3,0,39,0,0,0,6,0,0,0,0,1,0,0,29,0,0,0,0,0,0,0,0,0,0,0,0,11,0,0,0,0,0,6,0,0,0,0,0,0,0,0,0,0,0,0,0,0,0,0,0,0,0,0,0,0,0,0,14,0,0,0,0,0,0,0,0,0,0,0,0,0,0,0,0,0,0,0,0,0,0,0,0,0,0,0,0,0,0,0,14,0,0,0,0,0,0,0,0,0,0,0,0,0,0,0,0,0,0,0,0,0,0,0,0,0,0,0,0,0,3,0,0,0,0,0,0,0,0,0,0,0,0,0,0,0,0,0,0,0,0,1,6,1,1,0,0,0,17,0,0,0,0,0,0,0,0,0,0,0,0,0,0,0,0,0,0,0,0,0,0,54,0,0,0,0,0,6,0,0,0
ZOTU179,20,0,5,5,38,0,777,2,0,0,0,0,2,0,246,0,192,1167,4,223,1,0,0,0,70,329,0,0,0,0,84,0,1,0,3,0,7,0,0,0,0,0,2,0,88,0,0,0,0,3,0,0,193,3,1,4,0,0,0,1,10696,1,0,0,0,0,5,0,0,527,0,0,0,0,0,0,0,0,0,0,0,0,0,0,0,0,3,13,0,0,0,0,110,0,0,0,2,0,0,0,0,0,0,0,0,0,0,0,21,0,0,0,0,75,0,0,0,0,3,0,0,0,0,0,0,0,0,0,0,0,0,0,0,0,0,0,0,0,0,0,0,0,0,0,0,0,0,0,622,0,0,0,0,0,5,0,0,0,0,1,3,0,0,0,0,0,0,1,0,0,0,32,6,38,0,0,396,0,0,111,2,161,645,0,0,1,0,0,0,1,0,0,166,0,0,0,0,0,0,0,0,0,0,0,0,2,1,0,1,0,185,0,0,0,0
ZOTU202,1,4,4,3,2,3,2,0,1,6,3,4,1,0,2,0,0,0,2,1,4,3,1,1,3,6,2,0,1,0,1,0,0,2,5,0,6,1,2,1,0,2,0,0,4,2,3,1,1,2,10,0,1,1,0,2,0,0,2,2,2,3,2,8,2,0,0,3,0,6,1,1,0,0,0,0,0,0,0,0,0,0,0,0,0,8,7,1,2,1,1,0,6,2,3,4,3,0,2,0,1,0,4,3,1,2,2,6,8,2,2,1,1,0,0,0,0,0,1,0,2,0,0,0,3,2,0,0,0,3,2,1,1,2,1,3,2,2,1,0,2,2,0,6,10,3,3,0,6,0,2,0,2,6,8,0,1,1,2,0,2,4,3,4,0,1,6,1,1,1,2,1,1,0,0,0,2,0,5,1,5,1,3,3,0,0,3,1,2,2,0,1,0,0,3,2,2,1,1,0,0,3,0,1,2,2,1,1,3,2,1,5,0,0,0
ZOTU177,3,4,1,11,11,7,23,0,0,11,0,11,0,1,10,0,5,0,25,5,0,3,11,5,0,5,48,22,6,1,2,0,1,0,5,0,3,3,2,0,12,1,0,1,5,8,2,0,0,0,8,4,4,0,0,0,5,0,7,25,6,49,35,9,32,0,0,10,3,3,2,7,0,0,0,0,0,0,0,0,0,0,0,0,0,0,0,4,0,0,1,0,0,1,0,0,3,2,0,0,0,0,0,0,0,0,0,0,0,0,0,0,0,0,0,0,0,0,6,0,0,0,2,3,3,0,0,0,0,0,0,0,0,0,10,0,7,0,0,0,0,0,0,0,14,0,0,75,0,1,0,0,6,1,11,1,0,0,0,0,0,0,1,4,0,0,2,0,3,0,0,0,0,0,0,0,0,0,1,3,1,0,4,0,7,0,0,0,3,0,0,0,0,0,9,3,0,0,0,0,0,0,0,0,0,5,0,0,0,0,0,0,0,0,7
ZOTU235,1,0,4,20,0,0,14,0,0,0,0,0,2,0,0,0,0,8,0,0,0,0,0,0,0,0,1,1,0,83,12,11,0,0,9,0,661,0,1,0,0,0,0,0,0,7,0,0,0,0,0,84,8,226,1,1,0,0,0,159,21,20,179,0,0,0,0,0,0,18,0,0,0,0,0,0,0,0,0,0,0,0,0,0,0,1,3,4,0,0,0,0,0,74,0,0,139,0,0,0,0,0,0,0,0,1,0,0,92,0,0,0,0,0,0,0,0,0,0,0,1,3,0,0,1,0,0,810,1,0,0,0,0,0,2,0,0,0,0,0,0,0,0,0,0,0,0,0,42,0,0,0,0,0,4,0,0,1,0,0,0,0,0,0,0,0,231,0,0,0,0,0,0,0,2,0,54,264,0,0,9,3,88,0,0,0,0,0,0,0,0,0,0,0,0,0,0,0,0,0,0,0,0,0,0,96,415,11,0,0,0,0,0,0,0
ZOTU250,0,0,0,28,0,0,0,0,0,0,0,0,0,0,0,0,0,0,0,0,0,0,0,0,0,0,0,0,0,6,2,0,0,0,0,0,21,0,0,0,0,0,0,0,0,0,0,0,0,0,0,0,0,0,0,0,0,0,0,35,9,0,0,0,0,0,0,0,0,0,0,0,0,0,0,0,0,0,0,0,0,1,0,0,0,0,0,0,0,0,0,0,0,0,0,0,0,0,0,0,0,0,0,0,0,0,0,0,0,0,0,0,0,0,0,0,0,0,0,0,0,0,0,0,0,0,0,43,0,0,0,0,0,0,0,0,0,0,0,0,0,0,0,0,0,0,0,0,0,0,0,0,0,0,1,0,0,0,0,0,0,0,0,0,0,0,9,0,0,0,0,0,0,0,0,0,0,0,0,0,0,0,2,0,0,0,0,0,0,0,0,0,0,0,0,0,0,0,0,0,0,0,0,0,0,0,0,0,0,0,0,7,0,0,0
ZOTU37,820,65,161,1,64,1389,204,33,4,169,393,460,225,146,4455,403,798,281,1,247,54,69,1,206,117,574,747,274,2,114,336,80,73,1,122,0,67,113,134,0,41,1,1,1,1,667,67,1,2,3,1,0,350,0,1,2,208,1,0,0,97,192,54,319,0,2,1,793,43,171,1,0,2,0,1,0,0,0,0,0,1,0,0,0,0,1,1,0,0,1,0,1,0,119,0,1,0,0,177,0,0,0,0,0,0,0,0,0,0,0,0,0,0,1,0,0,0,0,0,0,0,229,0,0,0,0,1,0,0,0,0,0,0,0,0,0,0,0,0,0,1,0,0,1,2,0,0,1741,1,0,1,1,1,1,0,2,375,2,0,0,0,1,0,0,0,97,357,2,64,15,0,3,0,47,0,1,1,0,0,679,1,0,59,0,0,0,1,0,101,1,0,1,0,0,916,0,0,1,0,0,0,0,0,1,0,148,1,0,1,51,2,649,439,0,1
ZOTU30,30,0,0,157,0,0,60,0,0,0,0,0,0,0,0,0,0,205,0,0,0,0,0,104,0,0,0,74,0,0,0,0,0,0,0,0,0,0,0,0,0,1,0,0,0,0,0,0,0,0,0,0,0,0,0,0,0,0,0,0,78,0,0,0,0,1,0,0,0,0,0,0,0,0,0,1,0,0,0,0,0,0,0,0,0,0,322,93,0,0,0,0,0,71,0,0,0,0,1,0,0,0,0,0,0,0,0,0,406,0,0,0,0,0,0,0,0,0,0,0,0,193,0,0,0,0,0,0,0,0,0,0,0,0,46,0,0,284,0,0,0,0,0,1,0,0,0,1602,742,0,0,0,0,0,0,0,0,0,0,0,0,0,0,0,0,0,159,0,0,0,0,0,0,0,59,0,0,0,0,0,0,0,0,0,0,0,0,0,0,0,0,0,0,0,0,0,0,0,0,0,0,0,0,0,0,0,0,189,0,0,0,0,0,1,0
ZOTU203,0,62,0,0,0,0,28,40,1,74,23,46,17,56,1,0,53,0,0,6,19,0,0,0,14,0,0,29,43,0,0,0,1,0,1,0,0,0,0,28,0,0,0,0,0,0,0,0,0,32,0,0,0,0,0,34,187,0,71,44,0,101,0,63,1,127,0,0,0,0,0,267,0,0,0,0,0,0,0,0,0,0,0,0,25,49,28,1,0,0,0,0,47,49,1,0,38,70,1,46,0,0,0,0,30,1,0,0,52,38,0,0,61,0,0,0,0,0,0,10,0,0,0,0,0,0,39,0,26,0,0,115,0,119,50,0,1,38,54,0,89,0,0,0,0,32,45,0,0,0,31,0,0,0,0,1,0,0,19,0,0,1,0,36,0,0,18,1,74,67,82,26,30,0,16,6,0,0,0,21,0,0,72,52,0,27,0,21,0,0,184,110,0,66,0,0,0,0,0,68,68,0,0,1,117,0,70,1,61,0,0,44,1,0,31
ZOTU32,0,0,0,0,940,0,0,0,0,0,0,0,0,0,88,0,1,0,0,0,0,0,0,0,0,0,0,0,0,0,408,0,0,485,1,0,0,0,0,0,1,0,0,0,0,112,0,0,0,1,0,0,0,0,0,0,0,0,0,254,0,0,126,1,1,0,1,0,0,470,0,484,0,0,0,0,0,0,0,0,0,0,0,0,0,0,0,0,0,0,70,0,0,53,0,0,110,0,0,0,0,0,0,0,0,0,0,0,0,0,0,0,0,0,0,0,0,0,0,0,0,0,0,0,201,0,0,262,0,0,0,0,1,1,0,0,0,0,0,0,0,0,0,0,0,109,0,0,0,0,0,0,0,0,0,0,0,1342,240,0,0,0,0,0,0,0,132,0,0,0,0,0,0,0,0,0,0,0,0,0,0,0,52,0,0,0,0,122,33,0,0,0,0,0,0,0,0,0,0,0,0,0,0,0,0,183,0,0,0,0,0,0,0,1,0
ZOTU161,0,11,0,0,0,0,5,1,0,20,2,5,6,19,0,0,5,0,0,5,1,0,0,0,5,0,0,5,1,0,0,0,0,0,0,0,0,0,0,3,0,0,0,0,0,0,0,0,0,14,0,0,0,0,0,8,35,0,11,4,0,28,0,11,0,24,0,0,0,0,0,66,0,0,0,0,0,0,0,0,0,0,0,0,1,13,4,0,0,0,0,0,8,9,0,0,4,15,0,9,0,0,0,0,4,0,0,0,6,7,0,0,3,0,0,0,0,0,0,2,0,0,0,0,0,0,5,0,2,0,0,24,0,18,6,0,0,8,12,0,17,0,0,0,0,11,10,0,0,0,16,0,0,0,0,0,0,0,6,0,0,0,0,12,0,0,5,0,10,18,24,12,12,0,7,2,0,0,0,7,0,0,11,6,0,7,0,6,0,0,30,24,0,17,0,0,0,0,0,16,21,0,0,0,18,0,18,0,16,0,0,10,0,0,5
ZOTU66,0,0,0,0,0,0,0,0,0,0,0,2,0,0,0,0,0,0,0,0,0,0,0,1,0,0,0,0,0,0,0,0,0,0,0,0,0,0,0,0,0,0,0,0,0,0,0,0,0,0,0,0,0,0,0,0,0,0,0,189,0,0,0,0,0,0,0,346,0,294,0,0,0,0,0,0,0,0,0,0,0,0,0,0,0,0,0,0,0,0,0,0,0,0,0,0,0,0,0,0,0,0,0,0,0,0,0,0,0,0,0,0,0,0,0,0,0,0,0,0,0,0,0,0,0,0,0,0,0,0,0,0,0,0,0,0,0,0,0,0,0,0,0,61,0,0,0,0,0,0,0,0,0,0,0,0,0,1,0,0,0,0,0,0,0,0,71,0,0,0,0,0,0,0,80,0,319,0,0,0,0,0,0,0,0,0,0,0,0,0,0,0,0,0,0,0,0,0,0,0,0,0,0,0,0,0,0,0,0,0,0,0,0,2,0
ZOTU101,0,5,0,0,0,0,5,4,0,15,5,9,5,5,0,0,1,0,0,1,0,0,0,0,3,0,0,2,2,0,0,0,0,0,0,0,0,0,0,3,0,0,0,0,0,0,0,0,0,6,0,0,0,0,0,3,16,0,13,6,0,16,0,3,0,6,0,0,0,0,0,57,0,0,0,0,0,0,0,0,0,0,0,0,4,2,3,0,0,0,0,0,4,7,0,0,9,3,0,7,0,0,0,0,4,0,0,0,3,2,0,0,2,0,0,0,0,0,0,3,0,0,0,0,0,0,3,0,2,0,0,14,0,13,0,0,0,4,10,0,17,0,0,0,0,7,9,0,0,0,3,0,0,0,0,0,0,0,2,0,0,0,0,10,0,0,6,0,6,14,7,6,3,0,2,3,0,0,0,4,0,0,8,3,0,3,0,3,0,0,32,17,0,13,0,0,0,0,0,21,10,0,0,0,12,0,14,0,11,0,0,11,0,0,1
ZOTU180,2,0,0,5,0,0,2,0,0,0,0,0,0,0,0,0,0,17,0,0,0,0,0,6,0,0,0,3,0,0,1,0,0,0,0,0,0,0,0,0,0,0,0,0,0,0,0,0,0,0,0,3,0,0,0,0,0,0,0,0,1,0,4,0,0,0,0,0,0,0,0,0,0,0,0,0,0,0,0,0,0,0,0,0,0,0,27,8,0,0,0,0,0,4,0,0,0,0,0,0,0,0,0,0,0,0,0,0,21,0,0,0,0,0,0,0,0,0,0,0,0,10,0,0,0,0,0,0,0,0,0,0,0,0,5,0,0,15,0,0,0,0,0,0,0,0,0,112,56,0,0,0,0,0,0,0,0,0,0,0,0,0,0,0,0,0,14,0,0,0,0,0,0,0,5,0,0,0,0,0,0,0,0,0,0,0,0,0,0,0,0,0,0,0,0,0,0,0,0,0,0,0,0,0,0,0,0,26,0,0,0,0,0,0,0
ZOTU150,7,0,0,0,0,0,0,0,0,0,0,0,0,0,0,0,0,0,0,0,0,0,0,0,0,0,0,0,0,0,0,0,18,0,12,0,0,0,0,0,0,0,0,0,0,0,0,0,0,1,0,0,0,0,0,0,0,0,0,0,0,0,0,0,0,0,0,0,0,0,0,0,0,0,0,0,0,0,0,0,0,0,0,0,0,139,0,52,0,0,0,0,0,0,0,0,0,0,0,0,0,0,0,0,0,0,0,0,0,0,0,0,0,0,0,0,0,0,0,0,128,0,0,0,0,0,0,0,0,0,0,0,0,0,0,0,0,0,0,0,0,0,0,247,0,0,0,0,0,0,0,0,0,0,0,0,0,0,0,0,0,0,0,0,0,0,0,0,1,0,0,0,0,0,0,1,395,49,441,0,0,0,0,0,0,0,0,0,0,0,0,0,0,0,0,0,0,0,0,0,0,0,0,0,0,0,0,0,0,0,0,0,0,0,0
ZOTU48,0,0,0,0,0,0,6,0,0,0,0,0,0,0,0,0,0,0,0,0,0,0,0,0,0,270,0,0,0,0,0,0,0,0,0,0,0,0,0,0,1,0,0,0,0,0,0,0,0,0,0,129,0,0,0,0,1,0,0,0,0,0,0,0,0,0,0,0,0,0,0,0,0,0,0,0,0,0,0,0,0,0,0,0,0,0,0,0,0,0,0,0,0,0,0,0,0,0,0,0,0,0,0,0,0,0,0,0,0,0,0,0,0,24,0,0,0,1,0,0,0,0,338,0,0,0,0,0,0,0,0,0,0,0,0,0,0,0,0,0,0,0,0,0,0,0,0,0,7,0,0,0,0,0,0,0,0,0,0,0,0,0,0,0,0,0,0,0,0,0,0,0,0,0,0,1,0,0,277,0,0,0,0,1,0,0,0,0,0,0,0,0,0,0,0,0,0,0,0,0,0,0,645,0,0,0,0,1,0,0,0,0,0,0,172
ZOTU139,0,0,0,0,0,0,0,0,0,0,0,0,0,0,0,0,0,0,0,0,0,0,0,0,0,0,0,0,0,0,0,0,0,0,0,0,0,0,0,0,0,0,0,0,0,0,0,0,0,0,0,0,0,0,0,0,0,0,0,0,0,0,0,0,0,0,0,0,0,0,0,0,0,0,0,0,0,0,0,0,0,0,0,0,0,0,0,0,0,0,0,0,0,0,0,0,0,0,0,0,0,0,0,0,0,0,0,0,0,0,0,0,0,0,0,0,0,0,0,0,0,0,0,167,0,0,0,0,0,241,0,0,0,0,0,0,0,0,0,0,0,0,0,0,0,0,0,0,0,0,0,0,0,0,0,0,0,0,0,0,0,0,0,0,0,0,0,0,0,0,0,0,0,0,0,0,0,0,154,0,0,0,0,0,127,0,0,0,0,0,0,0,0,0,0,0,0,0,0,0,0,0,0,0,0,0,0,0,0,0,0,0,0,0,0
ZOTU6,29,4,0,3,0,0,0,1,0,0,0,3,1,7,4,1213,253,3,1,1141,975,1126,3555,453,2,3241,2211,2140,5,1301,2,1137,228,2186,5,2705,1,7,6,3222,2,1294,3,1,10,5784,8,4378,6194,8844,2,2652,9,5,3,4,1156,7,12,8083,2,7750,7,4322,3,1,3,4,1,4,6,10,9,0,0,0,2,0,5,0,1,0,2,2,0,2,1,3,2,1,10,1,4,3,0,5,0,2,1,3525,273,2,8,883,2420,6220,3182,1552,1,3538,1096,4069,2,226,6,1,342,66,1,1400,7,7,1,1607,2,341,3293,6,7,0,897,4881,1879,0,3385,1,3,16261,4,3,5,3632,0,2,0,3,0,0,0,1,0,0,0,1,0,2,1,538,846,0,1,2511,2,170,694,699,0,1,577,742,0,2,0,68,35,52,0,517,1,3,4,880,4,1030,7338,0,1,1348,1,3392,135,440,1,1,0,2,4449,0,1471,1,1,626,0,1487,0,2938,0,2,1,1,7,0,0,41,1
ZOTU35,0,0,1921,319,0,0,0,0,0,0,0,0,0,0,0,0,0,0,0,0,0,0,0,0,0,0,1,0,0,0,0,0,0,0,0,0,225,0,0,0,0,0,0,0,0,0,0,0,0,0,0,0,0,0,0,0,0,1,0,0,0,0,0,0,0,0,0,0,259,0,0,0,0,1,0,0,0,0,0,0,0,0,0,0,0,0,409,0,0,0,0,0,0,0,0,0,0,0,0,0,0,0,0,0,0,0,0,0,0,0,0,0,0,0,0,0,0,0,0,0,279,0,0,0,0,0,0,0,0,0,0,0,0,0,0,0,0,0,0,0,0,0,0,0,218,3,0,0,0,0,0,0,0,0,0,0,1,0,1,0,0,0,0,0,0,0,0,0,0,0,0,0,0,0,0,0,0,0,234,0,0,0,0,0,0,0,0,0,0,0,0,0,0,0,0,0,0,0,0,0,0,0,0,0,0,0,0,0,0,0,0,0,0,0,0
ZOTU219,0,1,4,0,1,0,0,1,0,0,1,3,0,0,0,0,1,0,0,0,0,4,0,0,0,0,0,0,0,2,0,3,1,0,12,0,9,0,0,2,12,5,0,0,0,1,0,1,4,0,0,0,0,0,0,0,0,0,0,0,0,5,2,1,0,0,0,4,0,0,0,0,0,0,0,0,0,0,0,0,0,0,0,0,0,0,0,0,0,0,0,0,3,0,0,0,0,0,0,0,0,0,0,0,0,0,0,0,0,0,0,0,0,0,0,0,0,0,0,1,0,0,0,0,3,0,0,0,0,0,0,0,0,0,0,0,0,0,0,0,0,0,0,0,0,0,1,0,0,1,0,0,1,4,0,0,0,0,4,0,0,0,0,0,0,0,0,0,0,0,0,0,0,1,0,1,2,0,4,0,0,0,1,0,0,0,0,1,0,0,0,0,0,0,0,0,0,0,0,0,0,0,0,0,0,18,0,0,0,0,0,1,0,0,0
ZOTU13,6,130,0,0,4,0,80,0,0,0,82,0,0,0,0,133,5,0,0,11,0,0,0,7,0,0,0,0,3,0,0,0,59,0,0,35,130,45,4,5,12758,1,0,1,5,3,8,64,0,2,4,2,84,1,2,1,11,6,3,3,0,0,0,101,12,0,0,0,0,1,0,92,0,0,0,0,0,3,0,0,0,0,0,0,0,0,0,0,9,0,0,0,1,0,0,0,0,0,0,0,2,0,100,0,0,0,0,0,65,2,1,2,4,4,1,3,1,0,0,3,34,641,1,0,7423,1,2,5,0,1,1,0,0,0,0,8,1,0,0,0,128,0,0,0,0,0,1,57,0,0,1,0,474,1,0,0,0,0,5,0,0,0,0,0,0,0,0,0,0,0,7,0,0,0,82,0,0,0,53,0,0,0,80,0,43,0,0,0,0,0,0,0,0,0,0,0,1,0,0,0,0,0,0,0,0,0,4,0,0,0,0,0,0,0,0
ZOTU233,2,0,0,0,0,0,0,0,0,0,0,0,0,0,0,22,6,0,0,20,2,13,55,6,0,47,45,25,0,14,0,16,5,39,0,35,0,0,0,38,0,14,0,0,1,70,0,62,71,155,0,39,0,0,0,0,18,0,0,99,0,140,0,86,0,0,0,0,0,0,0,0,0,0,0,0,0,0,0,0,0,0,0,0,0,0,0,0,0,0,0,0,0,0,0,0,0,0,0,36,4,0,1,11,27,81,44,27,0,61,19,58,0,4,0,0,8,0,0,19,0,0,0,24,0,3,58,0,0,0,19,79,15,0,52,0,0,178,0,0,0,180,0,0,0,0,0,0,0,0,0,0,0,0,0,0,0,14,18,0,0,43,0,1,11,15,0,0,10,8,0,0,0,0,1,1,0,2,0,0,0,8,0,13,62,0,0,31,0,55,4,10,0,0,0,0,64,0,27,0,0,13,0,19,0,44,0,0,0,0,0,0,0,0,0
ZOTU93,0,0,0,0,0,0,0,0,0,0,0,0,0,0,0,0,0,0,0,0,0,0,0,1,0,0,0,0,0,0,0,0,0,0,0,0,0,0,0,0,0,0,0,0,0,0,0,0,0,0,0,0,0,0,0,0,0,0,0,146,0,0,0,0,0,0,0,0,0,0,0,0,0,0,0,0,0,0,0,0,0,0,0,0,0,0,0,0,0,0,0,0,0,0,0,0,0,0,0,0,0,0,0,0,0,0,0,0,0,0,0,0,0,0,0,0,0,0,0,0,0,0,0,0,0,0,0,0,0,0,0,0,0,0,0,0,0,0,0,0,0,0,0,0,0,0,0,0,0,0,0,0,0,0,0,0,0,0,0,0,0,0,0,0,0,0,0,0,0,0,0,0,0,0,0,0,0,0,0,0,0,0,0,0,0,0,0,0,0,0,0,0,0,0,0,0,0,0,0,0,0,0,428,0,0,0,0,0,0,0,0,0,0,0,0
ZOTU217,0,0,0,0,0,0,25,0,0,0,0,0,0,0,0,0,0,0,0,0,0,0,0,0,0,0,0,0,0,0,0,0,0,0,0,0,0,0,0,0,0,0,0,0,0,0,0,0,0,0,0,0,0,0,0,0,0,0,0,0,0,0,0,0,0,0,0,0,0,0,0,0,0,0,0,0,0,0,0,0,0,0,0,0,0,0,0,0,0,0,0,0,0,0,0,0,0,0,0,0,0,0,0,0,0,0,0,0,0,0,0,0,0,0,0,1,0,0,0,0,0,0,0,0,0,0,0,0,35,0,0,0,0,0,0,0,0,0,0,0,0,0,0,0,0,0,1,0,0,0,0,0,0,0,0,0,0,0,0,0,1,0,0,0,0,0,0,0,0,0,0,0,0,0,6,0,0,0,0,0,0,0,0,0,0,0,0,0,0,0,0,3,0,0,0,0,0,0,0,0,0,0,0,0,0,0,0,0,0,0,0,0,0,0,0
ZOTU9,4,0,0,0,0,0,0,0,0,0,22,21,31,0,0,0,0,0,0,0,0,0,57,51,12,0,0,0,0,0,0,0,0,0,19,17,33,0,0,0,0,0,0,0,0,0,28,26,6,0,0,0,0,52,0,0,0,0,26,27,6,0,0,0,0,0,0,0,0,0,40,40,5,0,0,0,0,0,0,0,0,0,19,24,0,0,0,0,0,0,0,0,0,0,41,44,0,0,0,0,0,0,0,0,0,0,27,29,0,0,0,0,0,0,0,0,0,0,18,25,0,0,0,0,0,0,0,0,0,20,27,0,0,0,0,0,0,0,0,0,31,13,0,0,0,0,0,0,0,0,0,0,12,10,0,0,0,0,0,0,0,0,0,0,14,23,0,0,0,0,0,0,0,0,0,0,14,17,0,0,0,0,0,0,0,0,0,0,6,10,0,0,0,0,0,0,0,0,0,0,6,17,0,0,0,0,0,0,0,0,0,0,24,22,8
ZOTU209,44,15,0,0,0,0,0,0,0,0,0,0,0,0,0,0,0,0,0,0,0,0,0,0,0,0,0,6,0,0,80,0,0,0,0,0,0,0,3,0,0,0,0,0,0,1,0,0,0,0,0,0,0,10,0,129,0,0,0,0,0,1,0,0,0,0,0,0,0,0,1,11,0,0,0,0,0,0,0,0,0,0,0,0,0,0,0,0,8,0,0,0,0,0,0,0,0,0,0,0,0,0,0,0,0,0,0,0,0,0,2,0,0,0,0,0,0,0,6,0,0,0,0,0,0,0,3,0,0,0,0,0,0,0,0,0,0,0,16,0,6,0,0,0,0,0,3,0,0,0,0,0,0,13,0,1,143,0,0,0,0,0,0,31,0,0,0,0,0,0,0,0,0,0,0,0,0,0,0,0,0,0,0,0,0,2,8,7,14,0,0,0,0,579,0,0,0,0,4,0,0,10,0,0,0,0,0,258,0,0,0,0,0,0,0
ZOTU99,7,167,0,0,0,0,0,0,0,0,0,0,0,0,0,0,0,0,0,0,0,0,0,0,0,0,0,87,0,0,5,0,6,0,0,14,1,0,148,0,0,0,0,0,0,0,0,0,0,0,0,0,0,101,0,32,0,0,0,0,0,0,0,0,0,0,0,1,0,0,4,128,0,0,0,0,0,0,0,0,0,0,0,0,0,0,0,0,30,0,0,0,0,0,0,0,0,0,0,0,0,0,0,0,0,0,0,0,0,0,166,0,0,0,0,0,0,0,105,0,0,0,0,0,0,0,267,0,0,0,0,0,0,0,0,0,0,0,46,0,13,0,0,0,0,0,27,0,0,0,1,0,0,19,0,0,109,0,0,0,0,0,0,182,0,0,0,0,0,0,0,0,0,0,0,0,0,0,0,0,1,0,0,0,108,88,393,7,13,0,0,0,0,90,0,0,0,0,234,0,0,395,0,1,0,0,0,773,0,0,0,0,0,0,22
ZOTU11,15,30,5845,27,334,24,3179,1,0,155,1,3,212,5141,2,115,216,0,1,151,12,159,129,190,1728,0,4,0,0,0,0,12,0,0,0,0,0,2,0,0,28,0,0,4070,2,65,2,0,19,1,0,0,0,0,4,0,0,0,0,0,438,248,2,1,0,1,3,0,357,0,0,664,1,1,0,0,0,0,2,0,0,0,1,0,1,1,0,0,0,0,28,1,0,0,0,0,0,0,2,0,0,0,0,0,0,0,0,0,0,0,0,0,0,0,0,0,0,0,0,1,0,0,0,0,0,1,0,0,0,0,0,1324,0,0,0,0,0,0,0,0,0,0,0,0,274,1,0,115,0,1,0,0,0,0,0,3,1,0,0,0,0,0,0,0,0,0,0,2,1,1,0,1,1,1,0,0,0,0,0,0,1,0,4,0,1,0,0,1,21,0,0,0,1,0,0,0,0,0,0,0,0,0,0,0,1,1,0,0,1,0,0,0,0,0,1
ZOTU211,0,6,0,0,0,0,0,0,0,0,0,0,0,0,0,0,0,0,0,0,0,0,0,0,0,0,0,7,0,0,1,0,86,1,0,146,0,0,7,0,0,0,0,0,0,0,0,0,0,0,0,0,0,108,0,99,0,1,0,0,0,0,0,0,0,0,0,0,0,0,0,577,0,0,0,0,0,0,0,0,0,0,0,0,0,0,0,0,179,0,0,0,0,0,0,0,0,0,0,0,0,0,0,0,0,0,0,0,0,0,7,0,0,0,0,0,0,0,8,0,0,0,0,0,0,0,14,0,0,0,0,0,1,0,0,0,0,0,315,0,117,0,0,0,0,0,237,0,0,0,0,0,0,125,0,0,2,0,0,0,0,0,1,215,0,0,0,0,0,0,0,0,0,0,0,0,0,0,0,0,0,0,0,0,5,4,10,97,87,0,0,0,0,16,0,1,0,0,162,0,0,12,0,0,0,0,0,31,0,1,0,0,0,0,198
ZOTU197,0,5,96,0,7,0,72,0,0,18,0,0,24,0,0,0,5,0,0,4,0,4,3,6,139,0,0,0,0,0,0,0,0,1,0,0,0,0,0,0,0,0,0,109,0,1,0,0,3,0,0,0,0,0,0,0,0,0,0,0,32,9,0,0,0,0,0,0,2,0,0,8,0,0,0,0,0,0,0,0,0,0,0,0,0,0,0,0,0,0,3,0,0,0,0,0,0,0,0,0,0,0,0,0,0,0,0,0,0,0,0,0,0,0,0,0,0,0,0,0,0,0,0,0,0,0,0,0,0,0,0,23,0,0,0,0,0,0,0,0,0,0,0,0,25,0,0,2,0,0,0,0,0,0,0,0,0,0,0,0,0,0,0,0,0,0,0,0,0,0,0,0,0,0,0,0,0,0,0,0,0,0,1,0,0,0,0,0,6,0,0,0,0,0,0,0,0,0,0,0,0,0,0,0,0,0,0,0,0,0,0,0,0,0,0
ZOTU157,0,2,0,0,0,0,1,0,0,0,0,0,0,0,0,1,0,0,0,0,0,0,0,0,0,0,0,0,0,0,0,0,0,0,0,0,3,0,0,0,127,0,0,0,0,0,0,0,0,0,0,0,2,0,0,0,0,0,0,0,0,0,0,0,0,0,0,0,0,0,0,1,0,0,0,0,0,1,0,0,0,0,0,0,0,0,0,0,0,0,0,0,0,0,0,0,0,0,0,0,0,0,0,0,0,0,0,0,3,0,0,0,0,0,0,0,0,0,0,0,0,4,0,0,146,0,0,0,0,0,0,0,0,0,0,0,0,0,0,0,2,0,0,0,0,0,0,0,0,0,0,0,6,0,0,0,0,0,0,0,0,0,0,0,0,0,0,0,0,0,0,0,0,0,0,0,0,0,0,0,0,0,3,0,0,0,0,0,0,0,0,0,0,0,0,0,0,0,0,0,0,0,0,0,0,0,0,0,0,0,0,0,0,0,0
ZOTU104,0,0,0,0,0,0,0,0,0,0,0,0,0,339,0,0,0,0,0,0,0,0,0,1,0,0,0,0,0,0,0,0,0,0,0,0,0,0,0,0,0,0,0,0,0,0,0,0,0,1,0,0,0,0,0,0,0,0,0,0,0,0,0,0,0,0,0,0,0,0,0,0,0,0,0,0,0,0,0,0,0,0,0,0,0,0,0,0,0,0,0,0,0,0,0,0,0,0,0,0,0,0,0,0,0,0,0,0,0,0,0,0,0,0,0,0,0,0,0,0,0,0,0,0,0,0,0,0,0,0,0,0,0,0,0,0,0,0,0,0,0,0,0,0,0,0,0,0,0,0,0,0,0,0,0,146,0,0,0,0,0,0,0,0,0,0,0,0,0,0,0,0,0,0,0,0,0,0,0,0,0,0,0,0,0,0,0,0,0,0,0,0,0,0,0,0,0,0,0,0,0,0,0,0,0,0,0,0,0,0,0,0,0,0,0
ZOTU174,0,0,0,0,0,0,0,0,0,0,0,0,0,1,0,0,0,0,0,0,0,0,0,0,0,0,0,0,0,0,0,0,0,0,0,0,0,0,0,0,0,0,0,0,0,0,0,0,0,0,0,0,0,0,0,0,0,0,0,0,0,1,0,0,0,0,0,0,0,0,0,0,0,0,0,0,0,0,0,0,0,0,0,0,0,0,0,0,0,0,0,0,0,0,0,0,0,0,0,0,0,0,0,0,0,0,0,0,0,0,0,0,0,0,0,0,0,0,0,0,0,0,0,0,0,0,0,0,0,0,0,0,0,0,0,0,0,0,0,0,0,0,0,0,0,0,0,0,0,0,0,0,0,0,0,0,0,0,0,0,0,0,0,0,0,0,0,0,0,0,0,0,0,0,0,0,0,0,0,129,0,0,0,0,0,0,0,0,0,0,0,0,0,0,0,0,0,0,0,0,0,0,0,0,0,0,0,0,0,0,0,0,0,0,0
ZOTU247,0,0,0,0,0,0,0,0,0,0,0,0,0,1,0,0,0,0,0,0,0,0,0,0,0,0,0,0,0,0,0,0,0,0,0,0,0,0,0,0,0,0,0,0,0,0,0,0,0,0,0,0,0,0,0,0,0,0,0,0,0,0,0,0,0,0,0,0,0,0,0,0,0,0,0,0,0,0,0,0,0,0,0,0,0,0,0,0,0,0,0,0,0,0,0,0,0,0,0,0,0,0,0,0,0,0,0,0,0,0,0,0,0,0,0,0,0,0,0,0,0,0,0,0,0,0,0,0,0,0,0,0,0,0,0,0,0,0,0,0,0,0,0,108,0,0,0,0,0,0,0,0,0,0,0,0,0,0,0,0,0,0,0,0,0,0,0,0,0,0,0,0,0,0,0,0,0,0,0,0,0,0,0,0,0,0,0,0,0,0,0,0,0,0,0,0,0,0,0,0,0,0,0,0,0,0,0,0,0,0,0,0,0,0,0
ZOTU44,4,0,0,3,0,0,108,0,0,0,0,119,0,0,0,0,10,0,0,24,28,35,38,11,8,0,213,208,329,36,0,0,0,0,1,0,0,1,1,2,0,61,0,0,0,58,1,0,0,94,0,0,0,0,1,0,0,0,0,0,41,0,1,0,0,72,0,0,0,0,0,0,0,0,0,0,0,0,0,0,0,0,0,0,0,0,0,50,0,0,0,0,0,0,1,0,1,38,0,0,0,2,0,0,0,0,0,0,0,0,0,1,0,0,0,0,0,0,0,1,0,0,0,0,0,0,0,40,0,0,11,316,22,0,208,0,0,0,0,0,0,0,0,0,31,0,0,73,0,0,0,0,0,0,0,41,0,0,0,0,0,0,0,0,0,0,0,0,0,0,0,0,0,0,0,0,0,0,0,0,101,0,25,0,0,0,0,0,46,0,0,0,70,0,0,1,0,0,0,0,0,0,0,0,0,76,0,1,0,0,0,0,0,0,0
ZOTU33,36,0,0,0,0,32,0,0,0,0,0,0,1,0,0,170,0,0,0,0,0,0,0,0,725,0,0,0,0,0,0,0,33,0,0,0,0,0,0,0,0,0,0,0,0,0,0,0,0,69,0,0,0,0,0,0,0,0,0,0,40,0,0,0,0,0,0,0,0,0,0,0,0,0,0,0,0,0,0,0,0,0,0,0,0,0,0,0,0,0,0,0,0,0,0,0,0,0,0,0,0,0,0,0,0,0,0,0,0,356,0,107,0,0,0,1,0,0,0,0,0,0,0,0,315,0,0,0,0,0,0,0,0,0,0,0,0,0,338,0,0,0,0,0,0,1,0,0,0,0,0,0,0,0,0,0,0,0,0,0,0,0,0,0,0,0,0,116,0,0,0,0,0,0,0,0,0,0,0,56,480,1,0,0,0,0,0,0,0,0,0,0,0,0,0,0,0,0,0,0,0,0,0,0,0,0,0,248,1,0,0,270,0,0,0
ZOTU78,0,0,0,0,0,0,0,0,0,0,0,0,0,0,18,0,0,0,0,0,0,0,0,0,0,0,0,0,0,0,2,0,0,1,0,0,1,0,0,0,0,0,0,0,0,0,0,0,0,39,0,0,1,0,1,0,0,0,0,0,72,0,0,0,0,0,0,0,0,0,0,0,0,0,0,0,0,0,0,0,1,0,0,0,0,0,0,0,0,0,0,0,89,0,0,0,0,0,0,0,0,0,0,0,0,0,0,0,0,0,0,0,0,0,0,0,0,0,0,0,0,0,0,0,0,0,0,0,0,0,0,0,0,0,0,0,0,0,0,0,0,0,0,0,70,0,0,0,584,0,0,1,32,1,0,0,0,0,0,0,0,0,0,0,0,0,0,0,0,0,0,0,20,0,0,0,0,0,0,0,0,0,24,0,112,0,0,0,0,0,0,0,0,0,0,0,0,0,0,0,0,0,0,0,0,0,0,0,0,0,0,99,0,0,0
ZOTU50,0,0,0,0,0,0,0,0,0,0,0,0,0,0,0,0,0,0,0,0,0,0,0,0,0,0,0,0,1,0,0,0,0,0,1,0,0,0,0,0,0,0,0,1,0,0,0,32,0,160,0,0,0,0,0,1,0,0,0,0,0,0,0,0,0,0,0,0,0,0,0,0,0,0,0,0,0,0,0,0,0,0,0,0,0,0,0,0,0,0,0,0,0,0,0,0,0,0,0,0,0,0,0,0,1,0,135,0,0,0,0,0,0,0,0,0,0,0,0,0,0,0,1,0,0,0,0,0,91,0,0,0,0,180,0,0,0,0,0,0,0,0,0,0,0,106,1,0,0,248,0,0,0,0,0,0,0,0,0,0,0,0,0,0,0,0,0,0,0,0,0,0,0,46,0,0,0,0,0,0,0,70,0,0,0,0,0,0,79,0,0,0,193,0,0,0,142,0,0,0,0,0,0,0,0,0,0,0,368,0,0,0,1,0,0
ZOTU128,0,0,0,0,0,0,0,0,0,0,0,0,0,0,0,0,0,0,0,0,0,0,7,0,0,0,0,4,18,0,0,0,0,0,0,0,0,0,0,0,0,0,0,0,0,0,0,0,0,27,0,12,0,37,0,0,0,0,0,1,1,0,0,0,0,0,0,0,0,0,0,0,0,0,0,0,0,0,0,0,0,0,0,0,0,1,0,0,0,0,0,0,0,8,0,0,0,0,0,4,0,0,15,0,0,0,0,0,15,40,0,24,0,0,0,0,0,0,0,0,2,0,0,76,0,0,0,0,0,0,7,0,0,0,0,0,0,0,0,0,0,0,0,0,0,0,0,0,0,0,0,0,0,0,0,0,0,0,0,14,0,0,0,0,0,0,0,0,0,0,0,0,0,0,0,0,0,0,0,0,0,0,0,0,0,0,10,0,0,0,0,0,0,0,2,0,0,0,0,0,0,0,0,0,0,0,0,0,0,0,12,0,16,0,0
ZOTU213,0,0,0,0,0,0,0,0,0,0,0,0,0,0,0,0,0,0,0,0,0,0,0,0,0,0,0,0,0,0,0,0,0,0,0,0,0,0,0,0,0,0,0,0,0,0,0,1,0,9,0,0,0,0,0,0,0,0,0,0,0,0,0,0,0,0,0,0,0,0,0,0,0,0,0,0,0,0,0,0,0,0,0,0,0,0,0,0,0,0,0,0,0,0,0,0,0,0,0,0,0,0,0,0,0,0,4,0,0,0,0,0,0,0,0,0,0,0,0,0,0,0,0,0,0,0,0,0,5,0,0,0,0,13,0,0,0,0,0,0,0,0,0,0,0,3,0,0,0,18,0,0,0,0,0,0,0,0,0,0,0,0,0,0,0,0,0,0,0,0,0,0,0,3,0,0,0,0,0,0,0,0,0,0,0,0,0,0,3,0,0,0,8,0,0,0,7,0,0,0,0,0,0,0,0,0,0,0,17,0,0,0,0,0,0
ZOTU53,0,0,0,0,0,0,0,0,0,0,0,0,0,0,0,0,0,0,0,0,0,0,0,0,0,0,0,0,0,121,0,48,0,0,0,0,0,0,0,0,0,0,1,0,0,0,0,0,0,6,0,0,0,0,0,0,0,0,0,0,0,0,0,0,0,0,0,0,0,0,0,0,0,0,0,0,0,0,0,0,0,0,0,0,0,0,0,0,0,0,0,0,735,0,0,0,0,0,0,0,0,0,0,0,0,0,0,0,0,0,0,0,0,0,0,0,0,0,0,0,0,0,0,0,0,0,0,0,0,0,0,0,0,0,0,0,0,0,0,0,0,0,0,0,0,0,0,0,0,0,0,0,0,0,0,0,0,0,0,0,0,0,0,0,0,0,0,0,0,0,0,0,0,0,0,10,0,0,0,0,0,416,0,0,0,0,0,0,0,51,0,0,0,0,0,0,357,0,0,0,0,0,0,0,0,0,0,0,0,0,0,0,0,0,0
ZOTU187,4,0,0,0,0,0,0,0,0,0,0,0,0,0,0,25,4,0,0,0,0,0,5,1,0,0,0,0,0,30,0,47,4,21,0,77,0,0,0,40,0,0,0,0,0,0,0,0,0,1,0,0,0,0,0,0,0,0,0,0,0,0,0,0,0,0,0,0,0,0,0,0,0,0,0,0,0,0,0,0,0,0,0,0,0,0,0,0,0,0,0,0,0,0,0,0,0,0,0,188,10,0,0,4,0,0,0,0,0,0,0,0,0,6,0,0,8,4,0,6,0,0,0,41,0,0,0,0,0,0,2,0,0,0,0,0,0,0,0,0,0,0,0,0,0,0,0,0,0,0,0,0,0,0,0,0,0,18,19,0,0,28,0,0,0,0,0,0,0,0,0,0,0,5,4,7,0,29,0,0,0,72,0,0,0,0,0,55,0,2,0,0,0,0,0,0,0,0,0,0,0,0,0,0,0,0,0,0,0,0,0,0,0,0,0
ZOTU223,0,0,0,0,0,0,0,0,0,0,0,0,0,0,0,0,0,0,0,0,0,0,0,0,0,0,0,0,0,0,0,0,0,0,0,0,0,0,0,0,0,0,0,0,0,0,0,0,0,0,0,0,0,0,0,0,0,0,0,0,0,43,0,34,0,0,0,0,0,0,0,0,0,0,0,0,0,0,0,0,0,0,0,0,0,0,0,0,0,0,0,0,0,0,0,0,0,0,0,0,0,0,0,0,0,0,0,0,0,0,0,0,0,0,0,0,0,0,0,0,0,0,0,0,0,0,0,0,0,0,0,0,0,0,0,0,0,0,0,0,0,0,0,0,0,0,0,0,0,0,0,0,0,0,0,0,0,0,0,0,0,0,0,0,0,0,0,0,0,0,0,0,0,0,0,0,0,0,0,0,0,0,0,0,0,0,0,0,0,0,0,0,0,0,0,0,0,0,0,0,0,0,0,0,0,0,0,0,0,0,0,29,0,0,0
ZOTU92,0,0,0,0,0,0,0,0,0,0,0,0,0,0,0,0,0,0,0,0,0,0,0,0,0,0,0,0,0,0,0,0,0,0,0,0,0,0,0,0,0,0,0,0,0,0,0,0,0,0,0,0,0,0,0,0,0,0,0,0,0,0,0,0,0,0,0,0,0,0,0,0,696,0,0,0,0,0,0,0,0,0,0,0,0,0,0,0,0,0,0,0,0,0,0,0,0,0,0,0,0,0,0,0,0,0,0,0,0,0,0,0,0,0,0,0,0,0,0,0,0,0,0,0,0,0,0,0,0,0,0,0,0,0,0,0,0,0,0,0,0,0,0,0,0,0,0,0,0,0,0,0,0,0,0,0,0,0,0,0,0,0,0,0,0,0,0,0,0,0,0,0,0,0,0,0,0,0,0,0,0,0,0,0,0,0,0,0,0,0,0,0,0,0,0,0,0,0,0,0,0,0,0,0,0,0,0,0,0,0,0,0,0,0,0
ZOTU84,0,0,0,0,0,8,0,0,0,0,0,0,0,0,134,0,47,0,0,9,0,1,0,0,0,0,0,0,0,0,0,0,0,0,0,0,0,0,0,0,0,0,0,0,0,0,0,0,0,0,0,0,0,2,0,0,0,1930,0,0,0,0,48,0,0,0,0,64,0,0,0,0,604,0,0,0,0,0,0,0,0,0,0,0,0,0,0,1,0,0,0,0,0,33,0,0,0,0,39,0,0,0,0,0,0,0,0,0,0,0,0,0,0,0,0,0,0,0,1,0,0,0,0,0,0,0,0,0,0,0,0,0,0,0,49,0,0,0,0,1,0,0,0,0,0,0,0,127,93,0,1,0,0,0,0,1,0,0,0,0,0,0,0,0,0,0,0,0,0,0,0,0,0,0,0,1,0,0,0,1,0,0,13,0,0,0,60,1,0,0,0,0,0,0,0,0,0,0,0,0,0,0,0,0,0,63,0,0,0,0,0,10,0,180,0
ZOTU114,24,0,0,0,201,0,135,0,0,0,0,0,0,0,0,0,0,0,0,0,0,0,0,0,0,0,0,0,0,0,0,0,55,0,0,0,0,0,0,0,0,0,0,0,0,0,0,0,0,0,0,0,0,0,0,0,0,0,0,0,0,0,0,0,0,0,0,0,0,0,0,0,0,0,0,0,0,0,0,0,0,0,0,0,0,0,0,0,0,0,0,0,0,0,0,0,0,0,0,0,0,0,0,0,0,0,0,0,0,0,0,0,0,0,0,0,0,0,0,0,0,0,0,0,0,0,0,0,0,0,0,0,0,0,0,0,0,0,0,0,0,0,0,0,0,0,0,0,1,0,0,0,0,0,0,0,0,0,0,0,0,0,0,0,0,0,0,0,0,0,0,0,0,0,0,0,0,0,0,0,0,0,0,0,0,0,0,0,0,0,0,0,0,0,0,0,0,0,0,0,0,0,0,0,0,0,0,0,0,0,0,0,0,0,0
ZOTU141,1,0,0,0,0,0,0,0,0,0,0,0,0,0,0,17,0,0,0,0,0,0,3,1,0,0,0,0,0,18,0,34,2,8,0,12,0,0,0,9,0,0,0,0,0,0,0,0,0,0,0,0,0,0,0,0,0,0,0,0,0,0,0,0,0,0,0,0,0,0,0,0,0,0,0,0,0,0,0,0,0,0,0,0,0,0,0,0,1,0,0,0,0,0,0,0,0,0,0,139,3,0,0,2,0,0,0,0,0,0,0,0,0,4,0,0,1,0,0,10,0,0,0,29,0,0,0,0,0,0,0,0,0,0,0,0,0,0,0,0,0,0,0,0,0,0,0,0,0,1,0,0,0,0,0,0,0,5,5,0,0,19,0,0,0,0,0,0,0,0,0,0,0,2,3,2,0,18,0,0,0,36,0,0,0,0,0,43,0,0,0,0,0,0,0,0,0,0,0,0,0,0,0,0,0,0,0,0,0,0,0,0,0,0,0
ZOTU91,0,0,0,0,0,0,39,0,0,0,0,53,0,0,26,55,112,54,0,78,0,0,0,44,105,0,0,0,0,0,0,0,0,0,0,0,1,0,0,0,12,0,0,0,0,108,45,1,0,0,95,0,0,0,1,27,0,0,1,0,67,0,0,0,0,0,0,0,0,0,0,0,0,0,1,0,0,0,0,0,0,0,0,0,0,0,0,0,0,0,0,0,0,0,0,0,0,69,0,0,0,0,0,0,0,0,0,0,0,0,0,0,0,0,0,0,0,0,0,0,0,0,0,0,0,0,0,0,0,0,0,0,0,48,0,0,0,0,0,0,0,0,0,0,0,0,54,0,0,0,0,0,0,0,0,1,0,0,0,0,682,0,0,0,0,2,0,0,1,0,0,0,0,0,0,0,0,0,0,0,0,0,8,0,0,0,0,0,0,0,0,0,0,0,0,0,0,0,0,0,0,0,0,0,0,0,0,0,0,1,0,0,0,0,0
ZOTU140,0,0,0,0,0,0,0,0,0,0,0,0,0,0,0,0,0,0,0,0,0,0,0,0,0,0,255,0,0,0,0,0,0,0,0,0,0,0,0,0,0,0,0,0,0,0,0,0,0,0,0,0,0,1,0,0,0,0,0,0,0,0,0,0,0,0,0,0,0,0,0,0,0,0,0,0,0,0,0,0,0,0,0,0,0,0,0,0,0,0,0,0,0,0,0,0,0,0,0,0,0,0,0,0,0,0,0,0,0,0,0,0,0,0,0,0,0,0,0,0,0,0,0,0,0,0,0,0,0,0,0,0,0,0,0,0,0,0,0,0,0,0,0,0,0,0,0,0,0,0,0,0,0,0,0,0,0,0,0,0,0,0,0,0,0,0,0,1,0,0,0,0,0,0,0,0,0,1,0,0,0,0,0,0,0,0,0,0,0,0,0,0,0,0,0,0,0,0,0,0,0,0,0,0,0,0,0,0,0,0,0,0,0,0,0
ZOTU81,0,0,0,0,0,0,0,76,0,0,0,0,0,0,0,0,0,0,0,0,0,0,0,0,0,0,141,0,0,0,0,0,0,0,0,0,0,0,0,0,0,0,0,0,0,0,0,0,0,0,0,0,0,0,0,0,0,0,0,121,0,0,1,0,0,0,0,0,0,0,0,0,0,0,0,0,0,0,1,0,0,0,0,0,0,0,0,0,0,0,0,0,0,0,0,0,0,0,0,54,0,0,0,0,0,0,0,0,0,0,0,0,0,55,0,0,0,0,0,0,0,0,0,1,0,0,0,0,0,0,0,0,0,0,0,0,1,155,0,0,0,0,0,0,0,0,0,0,0,0,0,0,0,0,0,0,0,0,0,0,0,0,0,0,0,0,0,0,0,0,0,0,0,0,0,0,0,0,0,0,0,0,0,0,0,0,0,0,0,0,0,89,1,0,0,0,0,0,0,0,0,0,0,0,0,0,0,0,0,0,0,0,39,3,0
ZOTU97,0,0,0,0,0,0,0,0,0,0,0,0,0,0,0,0,0,0,0,0,0,0,0,0,0,0,0,0,0,0,0,0,0,0,0,0,0,0,0,0,0,0,0,0,0,0,0,0,0,0,0,0,0,0,0,186,0,0,0,0,0,0,0,0,0,0,0,0,0,0,0,0,0,0,0,0,0,0,0,0,0,0,0,0,0,0,0,0,0,0,0,0,0,0,0,0,0,0,0,0,0,0,0,0,0,0,0,0,0,0,0,0,0,0,0,0,0,0,0,0,0,0,0,0,0,0,0,0,0,0,0,0,0,0,0,294,0,0,0,0,0,0,0,0,0,0,0,0,0,0,0,0,0,0,0,0,0,0,0,0,0,0,0,0,0,0,0,0,0,0,0,0,0,0,0,0,0,0,0,0,0,0,0,0,0,0,0,0,0,0,0,0,0,0,204,0,0,0,0,0,0,0,0,0,0,0,0,0,0,2,0,0,0,0,1
ZOTU134,0,0,31,0,0,0,31,0,0,0,0,0,0,0,0,0,0,0,0,0,0,0,0,0,0,0,0,0,0,0,0,0,1,0,57,0,0,0,0,0,1,0,0,0,0,0,0,0,0,0,0,0,0,0,0,0,0,0,0,0,0,0,0,0,0,0,0,0,40,0,1,47,0,0,0,0,0,0,0,0,0,0,0,0,0,0,0,0,0,0,0,0,0,0,0,0,0,0,0,0,0,0,0,0,0,0,0,0,0,0,0,0,0,0,0,0,0,0,0,0,0,0,0,0,0,0,0,0,0,0,0,0,0,0,0,0,0,0,0,0,0,0,0,0,100,1,0,0,0,0,0,21,0,0,0,0,0,0,0,0,11,0,0,0,0,0,0,0,0,0,0,0,0,0,0,0,49,0,0,0,0,0,10,0,0,0,0,0,0,0,0,0,0,0,0,0,0,0,0,0,0,0,0,0,0,5,0,0,1,0,6,1,0,0,0
ZOTU148,0,0,11,0,0,0,0,0,0,0,0,0,0,0,0,0,0,0,0,0,0,0,0,0,0,0,0,0,0,0,0,2,0,94,0,0,0,0,0,0,0,0,0,156,0,0,0,0,0,0,0,65,0,0,0,0,0,0,0,0,0,0,0,0,0,96,0,0,0,0,0,0,0,0,0,0,0,0,0,0,0,0,0,0,0,1,0,0,0,0,0,5,0,0,0,0,0,0,0,1,56,127,0,0,0,0,0,0,1,0,0,1,0,0,0,0,0,0,0,123,0,155,72,0,0,0,0,0,0,0,0,272,0,0,0,0,0,0,0,0,151,217,0,0,0,0,0,0,0,60,0,0,0,0,0,0,0,1,0,0,0,0,14,0,0,0,0,0,0,0,0,0,0,0,39,0,0,0,0,0,0,0,0,0,0,0,0,0,33,0,0,0,0,0,0,0,0,0,0,0,0,0,0,0,0,0,0,244,0,0,0,0,0,0,0
ZOTU173,0,0,0,0,0,0,0,0,0,0,0,0,0,0,15,0,0,0,0,0,0,0,0,0,0,0,0,0,0,0,0,0,0,0,0,0,0,0,0,0,0,0,0,0,0,0,0,0,0,0,0,0,0,0,0,0,0,0,0,0,0,0,0,0,0,0,0,0,0,0,0,0,0,0,0,0,0,0,0,0,0,0,0,0,0,0,0,0,0,0,0,0,0,0,0,0,0,0,0,0,0,0,0,0,0,0,0,0,0,0,0,0,0,98,0,0,1,0,0,0,0,0,0,0,0,0,0,0,0,0,0,0,0,0,0,0,0,0,0,0,0,0,0,0,0,0,0,0,0,0,0,0,0,0,0,0,0,0,0,0,0,0,0,0,0,0,0,0,0,0,0,0,0,0,0,0,0,0,0,0,0,0,0,0,0,0,0,0,0,107,0,0,0,0,0,0,0,0,0,0,0,0,0,0,0,0,0,0,0,0,0,0,0,0,0
ZOTU215,0,0,0,0,0,0,0,0,0,1,51,124,0,0,0,0,0,0,0,0,0,0,1,0,0,0,44,0,0,0,0,0,0,0,1,0,0,0,0,0,0,0,0,0,0,0,0,1,0,0,0,0,160,0,0,0,0,0,0,0,0,0,0,0,0,0,0,0,0,0,0,0,0,0,0,0,0,0,0,0,0,0,0,0,0,0,0,0,0,0,55,0,0,0,0,0,0,0,523,0,0,0,0,0,0,0,0,0,0,0,0,0,0,0,0,0,0,0,0,0,0,0,0,0,0,0,0,0,0,0,0,0,0,0,0,0,0,0,0,0,0,0,0,0,0,0,0,0,0,0,0,0,0,221,0,0,0,0,0,0,0,0,0,0,117,0,0,0,0,0,1,0,0,0,0,0,0,0,0,0,0,0,61,0,0,0,0,0,0,0,0,0,0,0,0,0,0,0,0,0,0,0,0,0,0,0,0,0,0,0,0,0,51,0,0
ZOTU194,0,0,0,0,0,0,0,0,0,0,0,0,0,0,0,0,0,0,0,0,0,0,0,0,22,0,87,0,0,0,0,0,0,0,0,0,0,0,0,0,0,0,0,0,0,0,0,0,0,0,0,0,0,0,0,0,0,0,0,0,0,0,0,0,0,0,0,0,0,0,0,0,0,0,0,0,0,0,0,0,0,0,0,0,0,0,0,0,0,0,0,0,0,0,0,0,0,0,0,0,0,0,0,0,0,0,0,0,0,0,0,0,0,0,0,0,0,0,0,0,0,0,0,0,0,0,0,0,0,0,0,0,0,0,0,0,0,0,0,0,0,0,0,0,0,0,0,0,0,0,0,0,0,0,0,0,0,0,0,0,0,0,0,0,0,0,0,0,0,0,0,0,0,0,0,0,0,0,0,0,0,0,0,0,0,0,0,0,0,0,0,0,0,0,0,0,0,0,0,0,0,0,0,0,0,0,0,0,0,0,0,0,0,0,0
ZOTU227,0,0,0,0,0,0,0,0,0,0,0,2,0,0,0,0,0,0,0,0,0,0,0,0,0,0,50,36,0,0,0,0,0,0,0,0,0,0,0,0,0,0,0,0,0,0,0,0,0,0,0,0,2,0,0,0,0,0,0,0,0,0,0,1,0,0,0,0,0,0,0,0,0,0,0,0,0,0,0,0,0,0,0,0,0,0,0,0,0,0,1,0,0,0,0,0,0,0,6,0,0,0,0,0,0,0,0,0,0,0,0,0,0,0,0,0,0,0,0,0,0,0,0,0,0,0,0,0,0,0,0,0,0,0,0,0,0,0,0,0,0,0,0,0,0,0,0,0,0,0,0,0,0,1,0,0,0,0,0,0,0,0,0,0,0,0,0,0,0,0,0,0,0,0,0,0,0,0,0,0,0,0,1,0,0,0,0,0,0,0,0,0,0,0,0,0,0,0,0,0,0,0,0,0,0,0,0,0,0,0,0,0,1,0,0
ZOTU87,0,0,0,0,0,0,0,0,0,0,0,0,0,0,0,0,0,0,0,0,0,0,0,0,0,0,2,0,0,0,0,0,0,0,0,0,0,0,0,0,14,0,0,0,0,0,0,0,0,0,1,0,0,0,0,0,0,0,0,21,0,0,0,0,0,0,0,0,0,1,0,0,0,0,0,0,0,0,0,0,0,0,0,0,0,0,0,0,0,0,0,0,0,0,0,0,0,0,0,0,0,0,0,0,0,0,0,0,0,0,0,0,0,0,0,0,0,0,0,0,0,0,0,0,78,0,0,0,0,0,0,0,0,0,0,0,0,0,0,0,0,0,0,0,0,0,0,0,0,0,0,0,0,0,0,0,0,0,0,0,0,0,0,0,0,0,0,0,0,0,0,0,0,0,0,0,0,0,0,0,0,0,0,0,0,0,0,0,35,0,0,0,0,0,0,0,0,0,0,0,0,0,0,0,0,0,0,0,0,0,0,79,267,0,0
ZOTU61,0,0,0,0,105,0,0,0,0,0,0,0,0,0,0,0,0,0,0,0,0,0,0,0,0,0,0,0,0,0,0,0,0,0,0,0,1,0,611,0,1,0,0,0,0,0,0,0,0,0,0,0,0,1,0,0,0,0,0,0,0,0,0,0,0,0,0,0,0,0,0,0,0,0,0,0,0,0,0,0,0,0,0,0,78,0,0,0,0,0,0,0,0,0,0,0,0,0,0,0,0,0,0,0,0,0,0,0,0,0,0,0,0,0,0,0,0,0,0,0,0,0,0,0,1,0,0,0,0,0,0,0,0,0,0,0,0,0,0,0,0,0,0,0,0,0,0,0,0,0,0,0,0,0,0,0,0,0,0,554,0,0,0,0,0,0,0,0,0,0,0,0,0,0,0,0,0,0,0,0,0,0,0,0,0,0,0,0,0,0,0,0,0,0,0,0,0,0,0,0,0,0,0,0,0,0,0,0,0,0,0,0,0,0,0
ZOTU249,0,0,0,0,4,0,0,0,0,0,0,0,0,0,0,0,0,0,0,0,0,0,0,0,0,0,0,0,0,0,0,0,0,0,0,0,2,0,40,0,6,0,0,0,0,0,0,0,0,0,0,0,0,0,0,0,0,0,0,0,0,0,0,0,0,0,0,0,0,0,0,0,0,0,0,0,0,0,0,0,0,0,0,0,5,0,0,0,0,0,0,0,0,0,0,0,0,0,0,0,0,0,0,0,0,0,0,0,0,0,0,0,0,0,0,0,0,0,0,0,0,0,0,0,7,0,0,0,0,0,0,0,0,0,0,0,0,0,0,0,0,0,0,0,0,0,0,0,0,0,0,0,0,0,0,0,0,0,0,37,0,0,0,0,0,5,0,0,0,0,0,0,0,0,0,0,0,0,0,0,0,0,7,0,0,0,0,0,0,0,0,0,0,0,0,0,0,0,0,0,0,0,0,0,0,0,0,0,0,0,0,0,0,0,0
ZOTU222,0,0,0,0,0,0,0,0,0,0,0,0,0,0,0,0,1,0,0,0,0,0,0,0,0,0,0,0,0,0,1,0,0,0,0,0,0,0,1,0,2501,0,0,0,1,1,1,0,0,0,0,0,1,0,0,0,0,0,0,0,0,0,0,0,0,0,0,0,0,0,0,0,0,0,0,0,0,0,0,0,0,0,0,0,0,0,0,0,0,0,0,0,0,0,0,0,0,0,0,0,0,0,0,0,0,0,0,0,0,0,0,0,0,1,0,0,0,0,0,0,0,0,0,0,144,0,0,0,0,0,0,0,0,0,0,0,0,0,0,0,0,0,0,0,0,0,0,0,0,0,0,0,0,0,0,0,0,0,1,0,0,0,0,0,0,0,0,0,0,0,1,0,0,0,0,0,0,0,0,0,0,0,41,0,0,0,0,0,0,1,0,0,0,0,0,0,0,0,0,0,0,0,0,0,0,0,1,0,0,0,0,0,0,0,0
ZOTU143,0,0,0,0,0,0,0,0,0,0,0,0,0,0,0,0,0,0,0,0,0,0,0,0,0,0,0,0,0,0,0,0,0,0,0,0,0,0,0,0,0,0,0,0,0,0,0,0,0,0,1,0,0,0,0,0,0,0,0,0,0,0,0,0,0,0,0,0,0,0,0,0,0,0,0,0,0,0,0,0,0,0,0,0,0,0,0,0,0,0,0,0,70,0,0,0,0,0,0,75,0,0,0,0,0,0,0,0,0,0,0,0,0,0,0,0,0,0,0,0,0,0,0,0,0,0,0,158,0,0,0,0,0,0,0,0,0,0,0,0,0,0,0,0,0,0,0,0,0,0,0,0,0,0,0,0,0,0,0,0,0,0,0,0,0,0,0,0,0,0,0,0,0,0,0,0,0,0,0,0,0,0,0,0,0,0,0,0,0,0,0,0,0,0,0,0,0,0,0,0,0,0,0,0,0,0,0,0,0,0,0,0,0,0,0
ZOTU170,0,0,0,0,0,0,0,0,0,0,0,0,0,0,0,0,128,0,0,0,0,0,0,0,0,0,0,24,0,0,0,0,0,0,0,0,0,0,0,0,0,0,0,0,0,0,1,0,0,0,0,0,0,0,0,0,0,0,212,70,0,0,78,0,0,118,0,0,0,0,0,0,0,0,0,0,0,0,0,0,0,0,0,0,0,0,0,0,0,0,0,0,0,0,0,0,0,0,0,0,0,0,0,0,0,0,0,0,0,0,0,0,0,0,0,0,0,0,0,0,0,0,0,0,0,0,0,0,0,0,0,0,0,0,0,0,0,0,0,0,0,0,0,0,0,0,0,0,0,0,0,0,0,0,0,0,0,0,0,0,0,0,0,0,0,0,0,0,0,0,0,0,0,0,0,0,0,0,0,0,0,0,0,0,0,0,0,0,0,0,0,0,0,0,0,0,0,0,0,0,0,0,0,0,0,0,0,0,134,0,0,0,1,0,0
ZOTU98,0,0,0,0,0,0,0,0,0,0,0,0,0,0,0,0,1,0,0,0,0,0,0,0,0,0,0,109,0,0,0,0,0,1,0,0,0,0,0,0,0,77,0,0,0,0,0,0,0,0,0,1,0,0,1,0,0,0,0,205,1,0,52,0,0,0,0,0,0,0,0,0,0,0,0,0,0,0,0,0,0,0,0,0,0,0,0,0,0,0,116,0,0,0,0,0,0,0,0,0,0,0,0,0,0,0,0,0,0,0,0,0,0,0,0,0,0,0,0,0,0,0,0,0,0,0,0,0,0,0,0,0,0,0,0,0,0,0,0,0,0,0,0,0,0,0,0,0,0,0,0,0,0,0,0,0,0,0,0,0,0,0,0,0,0,0,0,0,0,0,0,0,0,0,0,0,0,0,0,0,0,0,1,0,2295,0,0,0,1,0,0,0,0,0,0,0,1,0,0,0,0,0,0,0,0,0,0,0,1,0,0,274,0,2,0
ZOTU190,0,0,0,0,0,0,0,0,0,0,0,0,140,0,0,0,0,0,0,0,0,0,0,0,0,0,0,0,0,0,0,0,0,0,0,0,0,0,0,0,0,0,0,0,0,0,0,0,0,0,0,0,0,0,0,0,0,0,0,0,0,0,0,0,0,0,0,0,0,0,0,0,0,0,0,0,0,0,0,0,0,0,0,0,0,0,0,0,0,0,0,0,0,0,0,0,0,0,0,0,0,0,0,0,0,0,0,0,0,0,0,0,0,0,0,0,0,0,0,0,0,0,0,0,0,0,0,0,0,0,0,0,0,0,0,0,0,0,0,0,0,0,0,0,0,0,0,0,0,0,0,0,0,0,0,0,0,0,0,0,0,0,0,0,0,0,0,0,0,0,0,0,0,0,0,0,0,0,0,0,0,0,0,0,0,0,0,0,0,0,0,0,0,0,0,0,0,0,0,0,0,0,0,0,0,0,0,0,0,0,0,0,0,0,0
ZOTU85,0,0,0,0,0,0,0,0,0,0,0,124,0,0,0,0,0,0,0,0,0,0,0,0,0,0,0,0,0,0,0,0,0,0,1,0,0,0,0,0,0,0,0,0,0,0,0,0,0,0,0,0,309,0,0,0,0,0,0,0,0,0,0,0,0,0,0,0,0,2,0,0,0,0,0,0,0,0,0,0,0,0,0,0,0,0,0,0,0,0,0,0,0,0,0,0,0,0,0,0,0,0,0,0,0,0,0,0,0,0,0,0,0,0,0,0,0,0,0,0,0,0,0,0,0,0,0,0,0,0,0,0,0,0,0,0,0,0,0,0,0,0,0,0,257,0,0,0,0,0,0,0,0,0,0,0,0,0,0,0,0,0,0,0,0,0,0,0,0,0,1,0,0,0,0,0,358,0,0,0,0,0,0,0,0,0,0,0,0,0,0,0,0,0,0,0,0,0,0,0,0,0,0,0,0,0,1,0,0,0,0,0,0,0,0
ZOTU156,0,0,0,0,0,0,0,0,0,0,0,0,0,0,0,0,0,0,0,0,0,0,0,0,0,0,0,0,0,0,0,0,0,0,0,0,0,0,0,0,0,0,0,0,0,0,0,0,0,0,0,0,0,0,0,0,0,0,0,0,0,0,0,0,0,0,0,0,0,0,0,0,0,0,0,0,0,0,0,0,0,0,0,0,0,0,0,0,0,0,0,0,0,0,0,0,0,0,0,0,0,0,0,0,0,0,0,0,0,0,0,0,0,0,0,0,0,0,0,0,0,0,0,0,0,0,0,0,0,0,0,0,0,0,0,0,0,0,0,0,0,0,0,0,0,0,0,0,0,0,0,0,0,0,0,0,230,0,0,0,0,0,0,0,0,0,0,0,0,0,0,0,0,0,0,0,0,0,0,0,0,0,0,0,0,0,0,0,0,0,0,0,0,0,0,0,0,0,0,0,0,0,0,0,0,0,0,0,0,0,0,0,0,0,0
ZOTU75,0,0,0,0,0,0,0,0,0,0,0,0,0,0,0,0,437,1,0,59,0,0,0,0,0,0,0,0,0,0,0,0,0,1,0,0,0,0,0,0,0,0,0,0,0,0,0,0,0,0,0,0,0,0,0,0,0,0,0,0,0,0,0,0,0,0,0,0,0,1,0,0,0,0,0,0,0,0,0,0,0,0,0,0,0,0,0,0,0,0,0,0,0,0,0,0,0,0,0,0,0,0,0,0,0,0,0,0,0,0,0,0,0,0,0,0,0,0,0,0,0,0,0,0,0,0,0,0,0,0,0,0,0,0,0,0,0,0,0,0,0,0,0,0,0,0,0,0,0,0,0,0,0,0,0,0,0,0,0,190,0,0,0,0,0,0,0,0,0,0,0,0,0,0,0,59,0,0,0,0,0,0,0,0,0,0,0,0,0,0,0,0,0,0,0,0,0,0,0,0,0,0,0,0,268,0,0,0,0,0,0,0,0,0,0
ZOTU62,0,0,0,511,0,0,2,0,0,0,0,1,0,0,0,1,0,0,0,2,0,0,0,0,1,0,0,0,0,0,74,0,0,0,0,0,0,0,0,1,0,0,0,0,0,0,0,0,0,0,0,0,0,0,0,0,0,0,0,470,140,0,0,0,0,0,0,0,0,0,0,0,0,0,0,0,0,0,0,0,0,0,0,0,0,0,0,0,0,0,0,0,0,0,0,0,0,0,0,0,0,0,0,0,0,0,0,0,0,0,0,0,0,2,0,0,0,0,0,0,0,0,0,0,0,0,0,3,0,0,0,0,0,0,0,0,0,0,0,0,0,0,0,0,0,0,0,0,1,0,0,0,0,0,0,0,0,0,0,0,0,0,0,0,0,0,0,0,0,0,0,0,0,0,0,0,1,0,0,0,0,0,11,0,0,0,0,0,0,0,0,0,0,0,0,0,0,0,0,0,0,0,0,0,0,0,0,0,0,0,0,154,0,3,0
ZOTU169,0,0,0,324,0,0,0,0,0,0,0,1,0,0,0,0,0,0,0,0,0,0,0,0,0,0,0,0,0,0,0,0,0,0,0,0,0,0,0,0,0,0,0,0,0,0,0,0,0,0,0,0,0,0,0,0,0,0,0,0,0,0,0,0,0,0,0,0,0,0,0,0,0,0,1,0,0,0,0,0,0,0,0,0,0,0,0,0,0,0,0,0,0,0,0,0,0,0,0,0,0,0,0,0,0,0,0,0,0,0,0,0,0,0,0,0,0,0,0,0,0,0,0,0,0,0,0,0,0,0,0,0,0,0,0,0,0,0,0,0,0,0,0,0,0,0,0,0,0,0,0,0,0,0,0,0,0,0,0,0,0,0,0,0,0,204,0,0,0,0,0,0,0,0,0,0,0,0,0,0,0,0,0,0,0,0,0,0,0,0,0,0,0,0,0,0,0,0,0,0,0,0,0,0,0,0,0,0,0,0,0,0,0,0,0
ZOTU56,0,0,0,232,0,0,0,0,0,0,154,0,0,0,0,0,0,0,0,0,0,0,0,58,0,0,0,0,0,0,0,0,0,0,0,0,0,0,0,0,21,0,0,0,0,0,0,0,0,0,0,26,1,0,0,0,0,0,0,1,0,0,0,0,0,0,0,0,0,0,0,0,0,0,0,0,0,0,0,0,0,0,0,0,0,0,0,0,0,0,0,0,0,0,0,0,0,0,0,32,0,0,0,0,0,0,0,0,0,0,0,0,0,0,47,0,0,0,0,0,0,468,0,0,0,0,0,0,207,0,0,0,0,0,0,0,0,0,0,0,0,0,0,0,0,0,0,0,0,0,0,0,0,0,0,0,0,0,0,0,0,0,0,0,1,669,0,0,0,0,0,0,0,0,0,0,0,0,0,0,0,0,0,116,0,0,0,0,0,0,0,0,0,0,0,0,0,0,0,0,0,0,0,0,0,0,0,0,0,0,0,0,0,0,0
ZOTU241,0,0,0,69,0,0,0,0,0,0,0,0,0,0,0,0,0,0,0,0,0,0,0,0,0,0,0,0,0,0,0,0,0,0,0,0,0,0,0,0,0,0,0,0,0,0,0,0,0,0,0,0,0,0,0,0,0,0,0,0,0,0,0,0,0,0,0,0,0,0,0,0,0,0,0,0,0,0,0,0,0,0,0,0,0,0,0,0,0,0,0,0,0,0,0,1,0,0,0,0,0,0,0,0,0,0,0,0,0,0,0,0,0,0,0,0,0,0,0,0,0,0,0,0,0,0,0,0,0,0,0,0,0,0,0,0,0,0,0,0,0,0,0,0,0,0,0,0,0,0,0,0,0,0,0,0,0,0,0,0,0,0,0,0,0,0,0,0,0,0,0,0,0,0,0,0,0,0,0,0,0,0,0,0,0,0,0,0,0,0,0,0,0,0,0,0,0,0,0,0,0,0,0,0,0,0,0,0,0,0,0,0,0,0,0
ZOTU216,0,0,0,0,0,0,0,0,0,0,0,0,0,0,0,93,0,0,0,0,0,0,0,0,0,0,0,0,0,0,0,0,0,0,0,0,0,0,0,0,0,0,0,0,0,0,0,0,0,0,0,0,0,0,0,0,0,0,0,0,0,0,0,0,0,0,0,0,0,0,0,0,0,0,0,0,0,0,0,0,0,0,0,0,0,0,0,0,0,0,0,0,0,0,0,0,0,0,0,0,0,0,0,0,0,0,0,0,0,0,0,0,0,0,0,0,0,0,0,0,0,0,0,0,0,0,0,0,0,0,0,0,0,0,0,0,0,0,0,0,0,0,0,0,0,0,0,0,0,0,0,0,0,0,0,0,0,0,0,0,0,0,0,0,0,0,0,0,0,0,0,0,0,0,0,0,0,0,0,0,0,0,0,0,0,0,0,0,0,0,0,0,0,0,0,0,0,0,0,0,0,0,0,0,0,0,0,0,0,0,0,0,0,0,0
ZOTU238,0,0,0,0,0,0,1,0,0,0,0,0,0,0,0,0,0,0,0,9,0,0,0,0,13,0,0,23,0,0,29,0,0,0,0,0,0,0,0,0,0,7,0,0,0,0,0,0,0,0,0,0,0,0,0,0,0,0,0,0,0,0,0,0,0,0,0,0,0,0,0,0,0,0,0,0,0,0,0,0,0,0,0,0,0,0,0,0,0,0,0,0,0,0,0,0,0,0,0,0,0,0,0,1,0,0,0,0,0,0,0,0,0,0,0,0,0,0,0,0,0,0,0,0,0,0,0,0,0,0,0,0,0,0,1,0,0,0,0,0,0,1,0,0,0,0,0,0,0,0,0,0,0,0,0,0,0,0,0,0,0,0,0,0,0,0,0,0,0,0,0,0,0,0,0,0,0,0,0,0,0,0,0,0,0,0,0,0,0,0,0,0,0,0,0,0,0,0,0,0,0,0,0,0,0,0,0,0,0,0,0,0,0,0,0
ZOTU234,0,0,0,0,0,0,0,0,0,0,0,0,0,0,0,0,0,0,0,0,0,0,0,0,0,0,0,0,0,1,0,1,0,3,0,43,0,0,0,28,0,0,0,0,0,0,0,0,0,0,0,0,0,0,0,0,0,0,0,0,0,0,0,0,0,0,0,0,0,0,0,0,0,0,0,0,0,0,0,0,0,0,0,0,0,0,0,0,0,0,0,0,0,0,0,0,0,0,0,22,0,0,0,0,0,0,0,0,0,0,0,0,0,0,0,0,0,0,0,1,0,0,0,0,0,0,0,0,0,0,0,0,0,0,0,0,0,0,0,0,0,0,0,0,0,0,0,0,0,0,0,0,0,0,0,0,0,0,0,0,0,0,0,0,0,0,0,0,0,0,0,0,0,0,0,0,0,0,0,0,0,5,0,0,0,0,0,3,0,0,0,0,0,0,0,0,0,0,0,0,0,0,0,0,0,0,0,0,0,0,0,0,0,0,0
ZOTU112,0,0,0,0,0,0,0,0,0,0,0,0,0,0,0,0,0,0,0,0,0,0,0,0,0,0,0,0,0,1,0,0,0,0,0,0,0,0,0,0,0,0,0,0,0,0,0,0,0,0,0,36,0,195,0,0,0,0,0,0,0,0,0,0,0,0,0,0,0,0,0,0,0,0,0,0,0,0,0,0,0,0,0,0,0,0,0,0,0,0,0,0,0,116,0,0,0,0,0,0,0,0,0,0,0,0,0,0,0,0,0,0,0,0,0,0,0,0,0,0,0,0,0,125,0,1,0,0,0,1,0,0,0,0,0,0,0,0,0,0,0,0,0,0,0,0,0,0,0,0,0,0,0,0,0,0,0,0,0,0,0,0,0,0,0,0,0,0,0,0,0,0,0,0,0,0,0,0,0,0,0,0,0,0,0,0,0,0,0,0,0,0,0,0,0,0,0,0,0,0,0,0,0,0,0,0,0,0,0,0,0,0,0,0,0
ZOTU149,0,0,0,0,0,0,0,0,0,0,0,0,0,0,0,0,0,0,0,0,0,0,0,0,0,0,0,0,0,0,0,0,0,0,0,0,0,0,0,0,0,0,0,0,0,0,0,0,1,0,0,0,0,12,0,0,0,0,0,0,1,0,0,0,0,0,0,0,0,0,0,0,0,0,0,0,0,0,0,0,0,0,0,0,0,0,0,0,0,0,0,0,0,0,0,0,0,0,0,0,0,0,0,0,0,0,0,0,0,0,0,0,0,0,0,0,0,0,0,0,0,0,0,0,0,0,0,0,0,0,0,0,0,0,0,0,1,0,0,0,0,0,0,0,0,0,0,0,0,0,0,0,1,0,0,0,0,0,0,0,0,0,0,0,0,0,0,0,0,0,0,0,0,0,0,0,0,0,0,0,0,0,0,0,0,0,0,0,0,0,0,0,0,0,0,0,0,0,0,0,0,0,0,0,0,0,0,0,0,0,0,0,0,0,0
ZOTU200,0,0,0,0,0,0,0,0,0,0,0,0,0,0,0,0,0,1,0,60,27,0,0,0,1,0,0,0,0,0,0,0,0,0,0,0,0,0,0,0,0,0,0,0,0,0,0,0,0,0,0,0,0,0,0,0,0,0,0,0,22,0,0,0,0,0,0,0,0,0,0,0,0,0,0,0,0,0,0,0,0,0,0,0,0,0,0,0,0,0,0,0,0,0,0,0,0,0,0,0,0,0,0,0,0,0,0,0,0,0,0,0,0,0,0,0,0,0,0,0,0,0,292,0,0,0,0,0,0,0,0,0,0,0,0,0,0,0,0,0,0,0,0,0,0,0,0,0,1,0,0,0,0,0,0,0,0,0,0,0,0,0,0,0,0,0,0,0,0,0,0,1,0,2,0,0,2,0,0,0,0,1,0,0,0,0,0,0,0,0,0,0,0,0,0,0,0,0,0,0,0,0,0,0,0,0,0,0,0,0,0,0,0,0,0
ZOTU225,0,0,0,0,0,0,0,0,0,0,0,0,0,0,0,0,0,0,0,0,0,0,0,0,0,0,0,0,0,6,0,4,0,0,0,0,0,0,0,0,0,0,0,0,0,0,0,0,0,0,0,0,0,0,0,0,0,0,0,0,0,0,0,0,0,0,0,0,0,0,0,0,0,0,0,0,0,0,0,0,0,0,0,0,0,0,0,0,0,0,0,0,42,0,0,0,0,0,0,0,0,0,0,0,0,0,0,0,0,0,0,0,0,0,0,0,0,0,0,0,0,0,0,0,0,0,0,0,0,0,0,0,0,0,0,0,0,0,0,0,0,0,0,0,0,0,0,0,0,0,0,0,0,0,0,0,0,0,0,0,0,0,0,0,0,0,0,0,0,0,0,0,0,0,0,0,0,0,0,0,0,20,0,0,0,0,0,0,0,0,0,0,0,0,0,0,23,0,0,0,0,0,0,0,0,0,0,0,0,0,0,0,0,0,0
ZOTU205,0,0,0,0,0,0,0,0,0,0,0,0,0,0,0,0,0,0,0,0,3,0,0,0,0,0,0,0,0,0,0,0,0,0,0,0,0,0,0,0,0,13,0,0,0,0,0,7,0,0,0,0,0,0,0,0,0,0,0,9,0,0,0,0,0,0,0,0,0,0,0,0,0,0,0,0,0,0,0,0,0,0,0,0,0,0,0,0,0,0,0,0,0,0,0,0,0,0,0,0,0,2,0,0,0,0,0,0,0,1,0,0,0,0,0,0,0,0,0,0,0,0,0,0,0,0,0,0,0,0,0,0,15,0,0,0,0,0,0,0,0,0,0,0,0,0,0,0,0,0,0,0,0,0,0,0,0,0,0,0,0,0,0,0,0,0,0,0,0,0,0,0,0,0,0,0,0,0,0,0,0,0,0,0,0,0,0,0,0,0,0,0,0,0,0,0,0,0,0,57,0,0,0,0,0,13,0,0,0,0,0,0,0,0,0
ZOTU71,0,0,0,0,0,0,0,0,0,0,0,0,0,0,0,0,0,0,0,0,0,0,0,0,0,0,0,0,0,0,0,0,0,1,1,0,162,0,0,0,532,1,0,0,0,0,0,1,0,0,0,0,2,0,0,0,0,0,0,0,0,0,0,0,1,0,0,0,0,0,0,0,0,0,0,0,0,0,0,0,0,0,0,0,0,0,0,0,1,0,0,0,0,0,0,0,0,0,0,0,0,0,0,0,0,0,0,0,0,1,0,0,0,0,0,0,0,0,0,0,0,1,0,0,188,0,0,0,0,0,0,0,0,0,0,0,0,0,0,0,0,0,0,0,0,0,0,0,0,0,0,0,0,0,0,0,0,0,0,0,0,0,0,1,0,124,0,0,0,0,0,0,0,0,0,0,0,0,0,0,0,0,143,0,0,0,0,0,0,0,0,0,0,0,0,0,0,0,0,0,0,0,0,0,0,1,0,0,0,0,0,0,0,0,0
ZOTU166,0,0,0,0,0,0,0,0,0,0,0,0,0,0,0,0,0,0,0,0,0,0,0,0,0,0,0,0,0,0,0,0,0,0,0,0,1,0,0,0,0,0,0,0,0,0,0,0,0,0,0,0,0,0,0,0,0,0,0,0,0,0,0,0,0,0,0,0,0,0,0,0,0,0,0,0,0,0,0,0,0,0,0,0,0,0,0,0,0,0,0,0,0,0,0,0,0,0,0,0,0,0,0,0,0,0,0,0,0,0,0,0,0,0,0,0,0,0,0,0,0,0,0,0,0,0,0,0,0,0,0,0,0,0,0,0,0,0,0,0,0,0,0,0,0,0,0,0,0,0,0,0,0,198,0,0,0,0,0,0,0,0,0,0,0,0,0,0,0,0,0,0,0,0,0,0,0,0,0,0,0,0,0,0,0,0,0,0,0,0,0,0,0,0,0,0,0,0,0,0,0,0,0,0,0,0,0,0,0,0,0,0,0,0,0
ZOTU154,0,0,0,0,0,0,0,0,0,0,0,0,0,0,0,0,0,209,0,0,0,0,0,0,0,0,0,0,0,0,0,0,0,0,0,0,0,0,0,0,0,0,0,0,0,0,0,0,0,0,0,0,0,1,0,0,0,0,0,0,0,0,0,0,0,0,0,0,0,0,0,0,0,0,0,0,0,0,0,0,0,0,0,0,0,0,0,0,0,0,0,0,0,0,0,0,0,0,0,0,0,0,0,0,0,0,0,0,0,0,0,0,0,0,0,0,0,0,0,0,0,0,0,0,0,0,0,0,0,0,0,0,0,0,0,0,0,0,0,0,0,0,0,0,0,0,0,0,0,0,0,0,0,0,0,0,0,0,0,0,0,0,0,0,0,0,0,0,0,0,0,0,0,0,0,0,0,0,0,0,0,0,0,0,0,0,0,0,0,0,0,0,0,0,0,0,0,0,0,0,0,0,0,0,0,0,0,0,0,0,0,0,0,0,0
ZOTU83,0,0,0,0,0,0,0,0,0,0,0,0,0,0,0,0,0,0,0,0,0,0,0,0,0,0,0,0,0,0,0,0,0,0,0,0,0,0,0,0,0,0,0,0,0,0,0,0,0,0,0,0,0,0,0,1,0,0,0,0,0,0,0,0,0,0,0,0,0,0,0,0,0,0,0,0,0,0,0,0,0,0,0,0,0,0,0,0,0,0,0,0,0,0,0,0,0,0,0,0,0,0,0,0,0,0,0,0,0,0,0,0,0,0,0,0,0,0,0,0,0,0,0,0,0,0,0,0,0,0,0,0,0,0,0,0,0,0,0,0,0,0,0,0,0,0,0,0,0,0,0,0,0,0,0,0,0,0,0,1,0,222,0,0,0,0,0,0,0,0,0,1,0,0,0,0,0,0,0,0,0,0,0,0,0,0,0,0,0,0,0,0,0,0,0,0,0,0,0,0,0,0,0,0,0,0,0,581,0,0,0,0,0,0,0
ZOTU226,0,0,0,0,0,0,0,0,0,0,0,0,0,0,0,0,0,0,0,0,0,0,0,0,0,0,0,0,0,0,0,0,0,0,0,0,0,0,0,0,0,0,0,0,0,0,0,0,28,0,0,0,0,0,0,0,0,0,0,0,0,0,0,0,0,0,0,0,0,0,0,0,0,0,0,0,0,0,0,0,0,0,0,0,0,0,0,0,0,0,0,0,0,0,0,0,0,0,0,0,0,0,0,0,0,0,0,0,0,0,0,0,0,0,0,0,0,0,0,0,0,0,0,0,0,0,0,0,0,0,0,0,0,0,0,0,0,0,0,0,0,9,0,0,0,0,0,0,0,0,0,0,0,0,0,0,0,0,0,0,0,0,0,0,0,0,0,0,0,0,0,0,0,0,0,0,0,0,0,0,0,0,0,0,0,0,0,0,0,0,0,0,0,0,0,0,0,0,0,0,0,0,0,0,0,0,0,0,0,0,0,0,0,0,0
ZOTU147,0,0,0,0,0,0,0,0,0,0,0,0,0,0,0,0,0,0,246,0,0,0,0,0,0,0,0,0,0,0,0,0,0,0,0,0,0,0,0,0,0,0,0,0,0,0,0,0,0,0,0,0,0,0,0,0,0,0,0,0,0,0,0,0,0,0,0,0,0,0,0,0,0,0,0,0,0,0,0,0,0,0,0,0,0,0,0,0,0,0,0,0,0,0,0,0,0,0,0,0,0,0,0,0,0,0,0,0,0,0,0,0,0,0,0,0,0,0,0,0,0,0,0,0,0,0,0,0,0,0,0,0,0,0,0,0,0,0,0,0,0,0,0,0,0,0,0,0,0,0,0,0,0,0,0,0,0,0,0,0,0,0,0,0,0,0,0,0,0,0,0,0,0,0,0,0,0,0,0,0,0,0,0,0,0,0,0,0,0,0,0,0,0,0,0,0,0,0,0,0,0,0,0,0,0,0,0,0,0,0,0,0,0,0,0
ZOTU192,0,0,0,0,0,0,0,0,0,0,0,0,0,0,0,0,0,0,0,0,0,0,0,0,0,0,0,0,0,0,0,0,0,0,0,0,0,0,0,0,0,0,0,0,0,0,0,0,0,0,0,0,0,0,0,0,0,0,0,0,0,0,0,0,0,0,1,0,0,0,0,0,0,0,0,0,0,0,0,0,0,0,0,0,0,0,0,0,0,0,0,0,0,0,0,0,0,0,0,0,0,0,0,0,0,0,0,0,0,0,0,0,0,0,0,0,0,0,0,0,0,0,0,0,0,0,0,0,0,0,0,0,0,0,0,0,0,0,0,0,0,0,0,0,0,0,0,0,0,0,0,0,0,0,0,0,0,0,0,0,0,0,0,0,0,0,0,0,0,0,0,0,0,0,0,0,0,0,0,0,0,0,0,0,99,0,0,0,0,0,0,0,0,0,0,0,0,0,0,0,0,0,0,0,0,0,0,0,0,0,0,0,0,0,0
ZOTU165,0,0,0,0,0,0,0,0,0,0,0,0,0,0,0,0,0,0,0,0,0,0,0,0,0,0,0,0,0,0,0,0,0,0,0,0,0,0,0,0,0,0,0,0,0,0,0,0,0,0,0,0,0,0,0,0,0,0,0,0,0,0,0,0,0,0,0,0,0,0,0,0,0,0,0,0,0,0,0,0,0,0,0,0,0,0,0,0,0,0,0,0,0,0,0,0,0,0,0,0,0,0,0,0,0,0,0,0,0,0,0,0,0,0,0,0,0,0,0,0,0,0,0,0,0,0,0,0,0,0,0,0,0,0,0,0,0,0,0,0,0,0,0,0,0,0,0,0,0,0,0,0,0,0,0,0,0,0,0,0,160,0,0,0,0,0,0,0,0,0,0,0,0,0,0,0,0,0,0,0,0,0,0,0,0,0,0,0,0,0,0,0,0,0,0,0,0,0,0,0,0,0,0,0,0,0,0,0,0,0,0,0,0,0,0
ZOTU94,0,0,0,0,0,0,0,0,0,0,0,0,0,0,0,0,0,0,0,0,0,0,0,0,0,0,0,0,0,0,0,0,0,0,0,1,0,0,0,0,0,0,0,0,0,0,0,0,0,0,0,0,0,0,0,0,0,0,0,0,0,0,0,0,0,0,0,0,0,0,1,0,0,0,0,0,0,0,0,0,0,0,0,0,0,0,0,0,0,0,0,0,0,0,0,0,0,0,0,0,0,150,0,0,0,0,0,0,0,0,0,0,0,0,0,0,0,0,0,0,0,0,0,0,0,0,0,0,0,0,0,0,0,0,0,0,0,0,0,0,0,0,0,0,0,0,0,0,0,0,0,0,0,0,0,0,0,0,0,0,0,0,0,0,328,0,0,0,0,0,0,0,0,0,0,0,0,0,0,0,0,0,0,0,106,0,0,0,0,0,0,0,0,0,0,0,0,0,0,0,0,0,0,0,0,0,0,0,0,0,0,0,0,0,0
ZOTU102,0,0,0,0,0,0,0,0,0,0,0,0,0,0,0,0,0,0,0,0,0,0,0,0,0,0,0,0,0,0,0,0,0,0,0,0,0,0,0,0,0,0,0,0,0,0,0,0,0,0,0,0,0,0,0,0,0,0,0,0,0,0,0,0,0,0,0,0,0,0,0,0,0,0,0,0,0,0,0,0,0,0,0,0,0,105,0,0,0,0,0,0,0,0,0,0,0,0,0,0,0,0,0,0,0,0,0,0,0,0,0,0,0,0,0,0,0,0,0,0,0,0,0,0,0,0,0,0,0,0,0,0,0,0,0,0,0,0,0,0,0,0,0,0,0,0,0,0,0,0,0,0,0,0,0,0,0,0,0,0,0,0,0,0,0,0,0,0,0,0,0,0,0,0,0,0,0,0,0,0,0,0,0,0,0,0,0,0,0,0,0,0,0,0,0,0,189,0,0,0,0,0,0,0,0,0,0,0,0,0,0,0,0,0,0
ZOTU96,0,0,0,0,0,0,0,0,0,0,0,0,0,0,0,0,0,0,0,0,0,0,0,0,0,0,0,0,0,0,0,0,0,0,0,0,0,0,0,0,0,0,0,1,0,0,0,0,0,0,0,0,0,0,0,0,0,0,0,0,0,0,0,0,0,0,0,0,0,0,0,0,0,0,0,0,0,0,0,0,0,0,0,0,0,0,0,0,0,0,0,0,0,0,0,0,0,0,0,0,0,0,0,0,0,0,0,0,0,120,0,0,0,0,98,0,0,0,0,0,0,0,0,0,0,0,0,0,0,0,0,276,0,0,0,0,0,0,0,0,0,0,0,0,0,0,0,0,0,0,0,0,0,0,0,0,0,0,0,0,0,0,0,0,0,0,0,0,0,0,0,0,0,0,0,0,0,0,0,0,0,0,0,0,0,0,0,0,0,0,0,0,0,0,0,0,0,0,0,0,0,0,0,0,0,0,0,0,0,0,0,0,0,0,0
ZOTU243,0,0,0,0,0,0,0,0,0,0,0,0,0,0,0,0,0,0,0,0,0,0,0,0,0,0,0,0,0,0,0,0,0,0,0,0,0,0,0,0,0,0,0,0,0,0,0,0,0,0,0,0,0,0,0,0,0,0,0,0,0,0,0,0,0,0,0,1,0,0,0,0,0,0,0,0,0,0,0,0,0,0,0,0,0,0,0,0,0,0,0,0,0,0,0,0,0,0,0,0,0,0,0,0,0,0,0,0,0,0,0,0,0,0,0,0,0,0,0,0,0,0,0,0,20,0,0,0,0,0,0,0,0,0,0,0,0,0,0,0,0,0,0,0,0,0,0,0,0,0,0,0,0,0,0,0,0,0,0,0,0,41,0,0,0,0,0,0,0,0,0,0,0,0,0,0,0,0,0,0,0,0,0,0,0,0,0,0,0,0,0,0,0,0,0,0,0,0,0,0,0,0,0,0,0,0,0,0,0,0,0,0,0,0,0
ZOTU182,0,0,0,0,0,0,0,0,0,0,0,0,0,0,0,0,0,0,0,0,0,0,0,0,0,0,0,0,0,0,0,0,0,0,0,0,0,0,0,0,0,0,0,0,0,0,0,0,0,0,0,0,0,0,0,0,0,0,0,0,0,0,0,0,0,0,0,0,0,0,0,0,0,0,0,0,0,0,0,0,0,0,0,0,0,0,0,0,0,0,0,0,0,0,0,0,0,0,0,0,0,0,0,0,0,0,0,0,0,0,0,0,0,0,0,0,0,0,0,0,0,0,0,0,0,0,0,0,0,0,0,0,0,0,0,0,0,0,0,0,0,0,0,0,0,0,0,0,0,0,0,0,0,0,0,0,0,0,0,0,0,0,0,0,0,0,0,0,0,0,0,0,0,0,0,0,0,0,0,0,0,0,0,0,0,125,0,0,0,0,0,0,0,0,0,0,0,0,0,0,0,0,0,0,0,0,0,0,0,0,0,0,0,0,0
ZOTU136,0,0,0,0,0,0,0,0,0,0,0,0,0,0,0,0,0,0,0,0,0,0,0,0,0,0,0,0,0,0,0,0,0,0,0,0,0,0,0,0,0,0,0,0,0,0,0,0,0,0,0,0,0,0,0,0,0,0,0,0,0,0,0,0,0,0,0,0,0,0,0,0,0,0,0,0,0,0,0,0,0,0,0,0,0,0,0,0,0,0,0,0,0,0,0,0,0,0,0,0,0,0,0,0,0,0,0,0,0,0,0,0,0,0,0,0,0,0,0,0,0,0,0,0,0,0,0,0,0,0,0,0,0,0,0,0,0,0,0,0,0,0,0,0,0,0,0,0,0,0,0,0,0,0,0,0,0,0,0,0,0,0,0,0,0,0,0,0,0,0,0,0,0,0,0,0,0,0,0,0,0,0,0,0,0,0,0,0,0,0,0,0,0,0,0,0,0,0,215,0,0,0,0,0,0,0,0,0,0,0,0,0,0,0,0
ZOTU210,0,0,0,0,0,0,0,0,0,0,0,0,0,0,0,0,0,0,0,0,0,0,0,0,0,0,0,0,0,0,0,0,0,0,0,0,0,0,0,0,0,0,0,0,0,103,0,0,0,0,0,0,0,0,0,0,0,0,0,0,0,0,0,0,0,0,0,0,0,0,0,0,0,0,0,0,0,0,0,0,0,0,0,0,0,0,0,0,0,0,0,0,0,0,0,0,0,0,0,0,0,0,0,0,0,0,0,0,0,0,0,0,0,0,0,0,0,0,0,0,0,0,0,0,0,0,0,0,0,0,0,0,0,0,0,0,0,0,0,0,0,0,0,0,0,0,0,0,0,0,0,0,0,0,0,0,0,0,0,0,0,0,0,0,0,0,0,0,0,0,0,0,0,0,0,0,0,0,0,0,0,0,0,0,0,0,0,0,0,0,0,0,0,0,0,0,0,0,0,0,0,0,0,0,0,0,0,0,0,0,0,0,0,0,0
ZOTU178,0,0,0,0,0,0,0,0,0,0,0,0,0,0,0,0,0,0,0,0,0,0,0,0,0,0,0,0,0,0,0,0,0,0,0,0,0,0,0,0,0,0,0,0,0,0,0,0,0,0,0,0,0,0,0,0,0,0,0,0,0,0,0,0,0,0,0,0,0,0,0,0,0,0,0,0,0,0,0,0,0,0,0,0,0,0,0,0,0,0,0,0,0,0,0,0,0,0,0,0,0,0,0,0,0,0,0,0,0,0,0,0,0,0,0,0,0,0,0,0,0,0,0,0,0,0,0,0,0,0,0,0,0,0,0,0,0,0,0,0,0,0,0,0,0,0,0,0,0,0,0,0,0,0,0,0,0,0,0,0,0,0,0,0,0,0,0,0,0,0,0,0,0,0,0,143,0,0,0,0,0,0,0,0,0,0,0,0,0,0,0,0,0,0,0,0,0,0,0,0,0,0,0,0,0,0,0,0,0,0,0,0,0,0,0
ZOTU163,0,0,0,0,0,0,0,0,0,0,1,0,0,0,0,0,0,0,0,0,0,0,0,0,0,0,0,0,0,0,0,0,0,0,0,0,0,0,0,0,0,0,0,0,0,0,0,0,0,0,0,0,0,0,0,0,0,0,0,0,0,0,0,0,0,0,0,0,0,0,0,0,0,0,0,0,0,0,0,0,0,0,0,0,0,0,0,0,0,0,0,0,0,0,0,0,0,0,0,0,0,0,0,0,0,0,0,0,0,0,0,0,0,0,0,0,0,0,0,0,0,0,0,0,0,0,0,0,0,0,0,0,0,0,0,0,0,0,0,0,0,0,0,0,0,0,0,0,0,0,0,0,0,0,0,0,0,0,0,0,0,0,0,0,0,0,0,0,0,0,0,0,0,0,0,0,234,0,0,0,0,0,0,0,0,0,0,0,0,0,0,0,0,0,0,0,0,0,0,0,0,0,0,0,0,0,0,0,0,0,0,0,0,0,0
ZOTU158,0,0,0,0,0,0,0,0,0,0,0,0,0,0,0,0,0,0,0,0,0,0,154,0,0,0,0,0,0,0,0,0,0,0,0,0,0,0,0,0,0,0,0,0,0,0,0,0,0,0,0,0,0,0,0,0,0,0,0,0,0,0,0,0,0,0,0,0,0,0,0,0,0,0,0,0,0,0,0,0,0,0,0,0,0,0,0,0,0,0,0,0,0,0,0,0,0,0,0,0,0,0,0,0,0,0,0,0,0,0,0,0,0,0,0,0,0,0,0,0,0,0,0,0,0,0,0,0,0,0,0,0,0,0,0,0,0,0,0,0,0,0,0,0,0,0,0,0,0,0,0,0,0,0,0,0,0,0,0,0,0,0,0,0,0,0,0,0,0,0,0,0,0,0,0,0,0,0,0,0,0,0,0,0,0,0,0,0,0,0,0,0,0,0,0,0,0,0,0,0,0,0,0,0,0,0,0,0,0,0,0,0,0,0,0
ZOTU175,0,0,0,0,0,0,0,0,0,0,0,0,0,0,0,0,0,0,0,0,0,0,0,0,0,0,0,0,0,0,0,0,0,0,0,0,0,0,0,0,0,0,0,0,0,0,204,0,0,0,0,0,0,0,0,0,0,0,0,0,0,0,0,0,0,0,0,0,0,0,0,0,0,0,0,0,0,0,0,0,0,0,0,0,0,0,0,0,0,0,0,0,0,0,0,0,0,0,0,0,0,0,0,0,0,0,0,0,0,0,0,0,0,1,0,0,0,0,0,0,0,0,0,0,0,0,0,0,0,0,0,0,0,0,0,0,0,0,0,0,0,0,0,0,0,0,0,0,0,0,0,0,0,0,0,0,0,0,0,0,0,0,0,0,0,0,0,0,0,0,0,0,0,0,0,0,0,0,0,0,0,0,0,0,0,0,0,0,0,0,0,0,0,0,0,0,0,0,0,0,0,0,0,0,0,0,0,0,0,0,0,0,0,0,0
ZOTU231,0,0,0,0,0,0,0,0,0,0,0,52,0,0,0,0,0,0,0,0,0,0,0,0,0,0,0,0,0,0,0,0,0,0,0,0,0,0,0,0,0,0,0,0,0,0,64,0,0,0,0,0,0,0,0,0,0,0,0,0,0,0,0,0,0,0,0,0,0,0,0,0,0,0,0,0,0,0,0,0,0,0,0,0,0,0,0,0,0,0,0,0,0,0,0,0,0,0,0,0,0,0,0,0,0,0,0,0,0,0,0,0,0,0,0,0,0,0,0,0,0,0,0,0,0,0,0,0,0,0,0,0,0,0,0,0,0,0,0,0,0,0,0,0,0,0,0,0,0,0,0,0,0,0,0,0,0,0,0,0,0,0,0,0,0,0,0,0,0,0,0,0,0,0,0,0,0,23,0,0,0,0,0,0,0,0,0,0,0,0,0,0,0,0,0,0,0,0,0,0,0,0,0,0,0,0,0,0,0,0,0,0,0,0,0
ZOTU183,0,0,0,0,0,0,0,0,0,0,0,0,0,0,0,0,0,0,0,0,0,0,0,0,0,0,0,0,0,0,0,0,0,0,0,0,0,0,0,0,0,0,0,0,0,0,0,135,0,0,0,0,0,0,0,0,0,0,0,0,0,0,0,0,0,0,0,0,0,0,0,0,0,0,0,0,0,0,0,0,0,0,0,0,0,0,0,0,0,0,0,0,0,0,0,0,0,0,0,0,0,0,0,0,0,0,0,0,0,0,0,0,0,0,0,0,0,0,0,0,0,0,0,0,0,0,0,0,0,0,0,0,0,0,0,0,0,0,0,0,0,0,0,0,0,0,0,0,0,0,0,0,0,0,0,0,0,0,0,0,0,0,0,0,0,0,0,0,0,0,0,0,0,0,0,0,0,0,0,0,0,0,0,0,0,0,0,0,0,0,0,0,0,0,0,0,0,0,0,0,0,0,0,0,0,0,0,0,0,0,0,0,0,0,0
ZOTU171,0,0,0,0,0,0,0,0,0,0,0,0,0,0,0,0,0,0,0,0,0,0,0,0,0,0,0,0,0,0,0,0,0,0,0,0,0,0,0,0,0,0,0,0,0,0,0,0,0,0,0,0,0,0,0,0,0,0,0,0,0,0,0,0,0,0,0,0,0,0,0,0,0,0,0,0,0,0,0,0,0,0,0,0,0,0,0,0,0,0,0,0,0,0,0,0,0,0,0,0,0,0,0,0,0,0,0,0,0,0,0,0,0,0,0,0,0,0,0,0,0,0,0,0,0,0,0,0,0,0,0,0,0,0,0,0,0,0,0,0,0,0,0,0,0,0,0,0,0,0,0,0,0,0,0,0,0,0,0,0,0,0,0,0,0,0,0,0,0,0,0,0,0,0,0,0,0,0,0,0,0,0,0,0,0,0,0,0,0,0,0,0,0,0,0,0,0,0,0,0,0,0,0,0,0,0,0,0,0,0,0,0,141,0,0
ZOTU185,0,0,0,0,0,0,0,0,0,0,0,0,0,0,0,0,0,0,0,0,0,0,0,0,0,0,0,0,0,0,0,0,0,0,0,0,0,0,0,0,0,0,0,0,0,0,0,0,0,0,0,0,0,0,0,0,0,0,0,0,0,0,0,0,0,0,0,0,0,0,0,0,0,0,0,0,0,0,0,0,0,0,0,0,0,0,0,0,0,0,0,0,0,0,0,0,0,0,0,0,0,0,0,0,0,0,0,0,0,0,0,0,0,0,0,0,0,0,0,0,0,0,0,0,0,0,0,0,0,0,0,0,0,0,0,0,0,0,0,0,0,0,0,0,0,0,0,0,0,0,0,0,0,0,0,0,0,0,0,0,0,0,0,0,0,0,0,0,0,0,0,0,0,0,0,0,0,0,0,0,0,0,0,0,0,0,0,0,0,0,0,0,0,0,0,0,0,0,0,0,0,0,0,0,0,0,0,0,0,0,0,0,62,0,0
ZOTU103,0,0,0,0,0,0,0,0,0,0,0,0,0,0,0,0,0,0,0,0,0,0,0,0,0,0,0,0,0,0,0,0,0,0,0,0,0,0,0,0,0,0,0,0,0,0,0,0,0,0,0,0,0,0,0,0,0,0,0,0,0,0,0,0,0,0,0,0,0,0,0,0,0,0,0,0,0,0,0,0,0,0,0,0,0,0,0,0,0,0,0,0,0,0,0,0,0,0,0,0,0,0,0,0,0,0,0,0,0,0,0,0,0,0,0,0,0,0,0,0,0,0,0,0,0,0,0,0,0,0,0,0,0,0,0,0,0,0,0,0,0,0,0,0,0,0,0,0,0,0,0,0,0,0,0,0,0,0,0,0,0,0,0,0,0,0,0,0,0,0,0,0,0,0,0,0,0,0,0,0,0,0,0,0,0,0,0,0,0,0,0,0,0,0,0,0,0,0,0,0,0,0,0,0,0,0,0,0,0,0,0,0,0,460,0
ZOTU181,0,0,0,0,0,0,0,0,0,0,0,0,0,0,0,0,0,0,0,0,0,0,0,0,0,0,0,0,0,0,0,0,0,0,0,122,0,0,0,0,0,0,0,0,0,0,0,0,0,0,0,0,0,0,0,0,0,0,0,0,0,0,0,0,0,0,0,0,0,0,0,0,0,0,0,0,0,0,0,0,0,0,0,0,0,0,0,0,0,0,0,0,0,0,0,0,0,0,0,0,0,0,0,0,0,0,0,0,0,0,0,0,0,0,0,0,0,0,0,0,0,0,0,0,0,0,0,0,0,0,0,0,0,0,0,0,0,0,0,0,0,0,0,0,0,0,0,0,0,0,0,0,0,0,0,0,0,0,0,0,0,0,0,0,0,0,0,0,0,0,0,0,0,0,0,0,0,0,0,0,0,0,0,0,0,0,0,0,0,0,0,0,0,0,0,0,0,0,0,0,0,0,0,0,0,0,0,0,0,0,0,0,0,0,0
ZOTU122,0,0,0,0,0,0,0,0,0,0,0,0,0,0,0,0,0,0,0,0,0,0,0,0,0,0,0,0,0,0,0,0,0,0,0,0,0,0,0,0,0,0,0,0,0,0,0,0,0,0,0,0,0,0,0,0,0,0,0,0,0,0,0,0,0,0,0,0,0,0,0,0,0,0,0,0,0,0,0,0,0,0,0,0,0,0,0,0,0,0,0,0,0,0,0,0,0,0,0,0,0,0,0,0,0,0,0,0,0,0,0,0,0,0,0,0,0,0,0,0,401,0,0,0,0,0,0,0,0,0,0,0,0,0,0,0,0,0,0,0,0,0,0,0,0,0,0,0,0,0,0,0,0,0,0,0,0,0,0,0,0,0,0,0,0,0,0,0,0,0,0,0,0,0,0,0,0,0,0,0,0,0,0,0,0,0,0,0,0,0,0,0,0,0,0,0,0,0,0,0,0,0,0,0,0,0,0,0,0,0,0,0,0,0,0
ZOTU146,0,0,0,0,0,0,0,0,0,0,0,0,0,0,0,0,0,0,0,0,0,0,0,0,0,0,0,0,0,0,0,0,0,0,0,0,0,0,0,0,0,0,0,0,0,0,0,0,0,0,0,0,0,0,0,0,0,0,0,0,0,0,0,0,0,0,0,0,0,0,0,0,0,0,0,0,0,0,0,0,0,0,0,0,0,0,0,0,0,0,0,0,0,0,0,0,0,0,0,0,0,0,0,0,0,0,0,0,0,0,0,0,0,0,0,0,0,0,0,0,0,0,0,0,0,0,0,0,0,0,0,260,0,0,0,0,0,0,0,0,0,0,0,0,0,0,0,0,0,0,0,0,0,0,0,0,0,0,0,0,0,0,0,0,0,0,0,0,0,0,0,0,0,0,0,0,0,0,0,0,0,0,0,0,0,0,0,0,0,0,0,0,0,0,0,0,0,0,0,0,0,0,0,0,0,0,0,0,0,0,0,0,0,0,0
ZOTU201,0,0,0,0,0,0,0,0,0,0,0,0,0,0,0,0,0,0,0,0,0,0,0,0,0,0,0,0,0,0,0,0,0,0,0,0,0,0,0,0,0,0,0,0,0,0,0,0,0,0,0,0,0,0,0,0,0,0,0,0,0,0,0,0,0,0,0,0,0,0,0,0,0,0,0,0,0,0,0,0,0,0,0,0,0,0,0,0,0,0,0,0,0,0,0,0,0,0,0,0,1,0,0,0,0,0,0,0,0,0,0,79,0,0,0,0,0,0,0,0,0,0,0,0,0,0,0,0,0,0,0,0,0,0,0,0,0,0,0,0,0,48,0,0,0,0,0,0,0,0,0,0,0,0,0,0,0,0,0,0,0,0,0,0,0,0,0,0,0,0,0,0,0,0,0,0,0,0,0,0,0,0,0,0,0,0,0,0,0,0,0,0,0,0,0,0,0,0,0,0,0,0,0,0,0,0,0,0,0,0,0,0,0,0,0
ZOTU159,0,0,0,0,0,0,0,0,0,0,0,0,0,0,0,0,0,0,0,0,0,0,0,0,0,0,0,0,0,0,0,0,0,0,0,0,0,0,0,0,0,0,0,0,0,0,0,0,0,0,0,0,0,0,0,0,0,0,0,0,0,0,0,0,0,0,0,0,0,0,0,0,0,0,0,0,0,0,0,0,0,0,0,0,0,0,0,0,0,0,0,0,0,0,0,0,0,0,0,0,0,0,0,0,0,0,0,0,0,0,0,0,0,0,0,0,0,0,0,0,0,0,202,0,0,0,0,0,0,0,0,0,0,0,0,0,0,0,0,0,0,0,0,0,0,0,0,0,0,0,0,0,0,0,0,0,0,0,0,0,0,0,0,0,0,0,0,0,0,0,0,0,0,0,0,0,0,0,0,0,0,0,0,0,0,0,0,0,0,0,0,0,0,0,0,0,0,0,0,0,0,0,0,0,0,0,0,0,0,0,0,0,0,0,0
ZOTU240,0,0,0,0,0,0,0,0,0,0,0,0,0,0,0,0,0,0,0,0,0,0,0,0,0,0,0,0,0,0,0,0,0,0,0,0,0,0,0,0,0,0,0,0,0,0,0,0,0,0,0,0,0,0,0,0,0,0,0,0,0,0,0,0,0,0,0,0,0,0,0,0,0,0,0,0,0,0,0,0,0,0,0,0,0,0,0,0,0,0,0,0,0,0,0,0,0,0,0,0,0,0,0,0,0,0,0,0,0,0,0,0,0,0,0,0,0,0,0,0,0,0,0,0,70,0,0,0,0,0,0,0,0,0,0,0,0,0,0,0,0,0,0,0,0,0,0,0,0,0,0,0,0,0,0,0,0,0,0,0,0,0,0,0,0,0,0,0,0,0,0,0,0,0,0,0,0,0,0,0,0,0,0,0,0,0,0,0,0,0,0,0,0,0,0,0,0,0,0,0,0,0,0,0,0,0,0,0,0,0,0,0,0,0,0
ZOTU188,0,0,0,0,0,0,0,0,0,0,0,0,0,0,0,0,0,0,0,0,0,0,0,0,0,0,0,0,0,0,0,0,0,0,0,0,0,0,0,0,0,0,0,0,0,0,0,0,0,0,0,0,0,0,0,0,0,0,0,0,0,0,0,0,0,0,0,0,0,0,0,0,0,0,0,0,0,0,0,0,0,0,0,0,0,0,0,0,0,0,0,0,0,0,0,0,0,0,0,0,0,0,0,0,0,0,0,0,0,0,0,0,0,0,0,0,0,0,0,0,0,0,0,0,0,0,0,0,0,0,0,0,0,0,0,0,0,0,0,0,0,0,0,0,0,0,0,0,0,0,0,0,0,0,0,0,0,0,0,0,0,0,0,0,0,0,0,0,0,0,0,0,0,0,0,0,0,0,0,0,0,0,0,0,0,0,0,0,0,0,0,0,0,0,0,0,0,0,0,0,0,0,0,0,0,0,0,0,0,0,0,0,0,0,0
ZOTU155,0,0,0,0,0,0,0,0,0,0,0,0,0,0,0,0,0,0,0,0,0,0,0,0,0,0,0,0,0,0,0,0,0,0,0,0,0,0,0,0,0,0,0,0,0,0,0,0,0,0,0,0,0,0,0,0,0,0,0,0,0,0,0,0,0,0,0,0,0,0,0,0,0,0,0,0,0,0,0,0,0,0,0,0,0,0,0,0,0,0,0,0,0,0,167,0,0,0,0,0,0,0,0,0,0,0,0,0,0,0,0,0,0,0,0,0,0,0,0,0,0,0,0,0,0,0,0,0,0,0,0,0,0,0,0,0,0,0,0,0,0,0,0,0,0,0,0,0,0,0,0,0,0,0,0,0,0,0,0,0,0,0,0,0,0,0,0,0,0,0,0,0,0,0,0,0,0,0,0,0,0,0,0,0,0,0,0,0,0,0,0,0,0,0,0,0,0,0,0,0,0,0,0,0,0,0,0,0,0,0,0,0,0,0,0