Site_id,Site_id_R,Site_no,Season,River,Detritus,12up,read.count.COI,read.count.12S
1G-01,X1G.01,1,Spring,Glatt,1,0,20015,39355
1G-02,X1G.02,2,Spring,Glatt,1,1,28647,47493
1G-03,X1G.03,3,Spring,Glatt,1,0,19511,45626
1G-04,X1G.04,4,Spring,Glatt,1,0,29762,65610
1G-05,X1G.05,5,Spring,Glatt,1,0,24702,46309
1G-06,X1G.06,6,Spring,Glatt,1,0,16600,37125
1G-07,X1G.07,7,Spring,Glatt,1,0,18493,43771
1G-08,X1G.08,8,Spring,Glatt,1,0,19943,30654
1G-09,X1G.09,9,Spring,Glatt,1,0,35186,39158
1G-10,X1G.10,10,Spring,Glatt,1,1,29120,46434
1G-11,X1G.11,11,Spring,Glatt,1,0,20505,53272
1G-12,X1G.12,12,Spring,Glatt,1,0,16991,60456
1G-13,X1G.13,13,Spring,Glatt,1,0,21951,35585
1G-14,X1G.14,14,Spring,Glatt,1,0,21818,54186
1G-15,X1G.15,15,Spring,Glatt,1,0,18934,54150
1N-01,X1N.01,1,Spring,Necker,1,0,24335,53892
1N-02,X1N.02,2,Spring,Necker,1,0,16837,47406
1N-03,X1N.03,3,Spring,Necker,1,0,17948,44849
1N-04,X1N.04,4,Spring,Necker,1,0,17750,61935
1N-05,X1N.05,5,Spring,Necker,1,0,19530,29563
1N-06,X1N.06,6,Spring,Necker,1,0,24710,19653
1N-07,X1N.07,7,Spring,Necker,1,0,23038,38009
1N-08,X1N.08,8,Spring,Necker,1,0,12930,46139
1N-09,X1N.09,9,Spring,Necker,1,0,21000,32891
1N-10,X1N.10,10,Spring,Necker,1,0,16966,38213
1N-11,X1N.11,11,Spring,Necker,1,0,12875,51778
1N-12,X1N.12,12,Spring,Necker,1,0,18056,63448
1N-13,X1N.13,13,Spring,Necker,1,0,20213,33889
1N-14,X1N.14,14,Spring,Necker,1,0,17137,38113
1T-01,X1T.01,1,Spring,Thur,1,0,17864,39570
1T-02,X1T.02,2,Spring,Thur,1,0,21451,30485
1T-03,X1T.03,3,Spring,Thur,1,0,17765,52866
1T-04,X1T.04,4,Spring,Thur,1,0,18589,48274
1T-05,X1T.05,5,Spring,Thur,1,0,17851,59129
1T-06,X1T.06,6,Spring,Thur,1,0,21437,59336
1T-07,X1T.07,7,Spring,Thur,1,0,24761,45933
1T-08,X1T.08,8,Spring,Thur,1,0,18800,70272
1T-09,X1T.09,9,Spring,Thur,1,0,14486,38109
1T-10,X1T.10,10,Spring,Thur,1,0,13460,34351
1T-11,X1T.11,11,Spring,Thur,1,0,22056,35617
1T-12,X1T.12,12,Spring,Thur,1,0,18524,35658
1T-13,X1T.13,13,Spring,Thur,1,0,17133,52479
1T-14,X1T.14,14,Spring,Thur,1,0,16697,252
1T-15,X1T.15,15,Spring,Thur,1,0,18896,48804
1T-16,X1T.16,16,Spring,Thur,1,0,23674,38189
1T-17,X1T.17,17,Spring,Thur,1,0,21076,59757
1T-18,X1T.18,18,Spring,Thur,1,0,20942,41845
1T-19,X1T.19,19,Spring,Thur,1,0,22181,35086
1T-20,X1T.20,20,Spring,Thur,1,0,24965,46737
1T-21,X1T.21,21,Spring,Thur,1,0,16383,55848
1T-22,X1T.22,22,Spring,Thur,1,0,18838,95915
1T-23,X1T.23,23,Spring,Thur,1,0,24095,23445
1T-24,X1T.24,24,Spring,Thur,1,0,25311,56693
1T-25,X1T.25,25,Spring,Thur,1,0,18443,35225
1T-26,X1T.26,26,Spring,Thur,1,0,24977,286
1T-27,X1T.27,27,Spring,Thur,1,0,19338,51641
1T-28,X1T.28,28,Spring,Thur,1,0,24408,78566
1T-29,X1T.29,29,Spring,Thur,1,0,21541,40354
1T-30,X1T.30,30,Spring,Thur,1,0,16568,51955
1T-31,X1T.31,31,Spring,Thur,1,0,26924,50748
1T-32,X1T.32,32,Spring,Thur,1,0,20585,59829
1T-33,X1T.33,33,Spring,Thur,1,0,22047,56023
1T-34,X1T.34,34,Spring,Thur,1,0,18682,57451
1T-35,X1T.35,35,Spring,Thur,1,0,21695,61581
1T-36,X1T.36,36,Spring,Thur,1,0,37251,49194
1T-37,X1T.37,37,Spring,Thur,1,0,14244,37051
1T-38,X1T.38,38,Spring,Thur,1,0,19196,317
1T-39,X1T.39,39,Spring,Thur,1,0,16878,48357
1T-40,X1T.40,40,Spring,Thur,1,0,19997,39438
1T-41,X1T.41,41,Spring,Thur,1,0,25689,61430
1T-42,X1T.42,42,Spring,Thur,1,0,23897,5089
1T-43,X1T.43,43,Spring,Thur,1,0,24158,60350
1T-44,X1T.44,44,Spring,Thur,1,0,11815,55367
2G-01,X2G.01,1,Summer,Glatt,1,0,19744,83
2G-02,X2G.02,2,Summer,Glatt,1,0,13187,118
2G-03,X2G.03,3,Summer,Glatt,1,0,13427,122
2G-04,X2G.04,4,Summer,Glatt,1,0,17316,105
2G-05,X2G.05,5,Summer,Glatt,1,0,19059,95
2G-07,X2G.07,7,Summer,Glatt,1,0,17072,95
2G-08,X2G.08,8,Summer,Glatt,1,0,16455,128
2G-09,X2G.09,9,Summer,Glatt,1,0,19047,91
2G-10,X2G.10,10,Summer,Glatt,1,0,119,120
2G-11,X2G.11,11,Summer,Glatt,1,0,18350,145
2G-12,X2G.12,12,Summer,Glatt,1,0,1,149
2G-13,X2G.13,13,Summer,Glatt,1,0,14802,51179
2G-14,X2G.14,14,Summer,Glatt,1,0,13605,46180
2G-15,X2G.15,15,Summer,Glatt,1,0,17303,49405
2N-01,X2N.01,1,Summer,Necker,1,0,19303,46143
2N-02,X2N.02,2,Summer,Necker,1,0,22300,51286
2N-03,X2N.03,3,Summer,Necker,1,1,9751,51360
2N-04,X2N.04,4,Summer,Necker,1,0,15470,32477
2N-05,X2N.05,5,Summer,Necker,1,0,17408,30940
2N-06,X2N.06,6,Summer,Necker,1,0,23247,48454
2N-07,X2N.07,7,Summer,Necker,1,0,15105,44399
2N-08,X2N.08,8,Summer,Necker,1,0,21215,55136
2N-09,X2N.09,9,Summer,Necker,1,0,17985,52408
2N-10,X2N.10,10,Summer,Necker,1,0,24309,54663
2N-11,X2N.11,11,Summer,Necker,1,0,11857,28220
2N-12,X2N.12,12,Summer,Necker,1,0,13155,35803
2N-13,X2N.13,13,Summer,Necker,1,0,14329,49188
2N-14,X2N.14,14,Summer,Necker,1,0,14838,45699
2T-01,X2T.01,1,Summer,Thur,1,0,18291,26115
2T-02,X2T.02,2,Summer,Thur,1,0,19968,51857
2T-03,X2T.03,3,Summer,Thur,1,0,18134,32120
2T-04,X2T.04,4,Summer,Thur,1,0,18063,26447
2T-05,X2T.05,5,Summer,Thur,1,0,14651,51531
2T-06,X2T.06,6,Summer,Thur,1,1,16089,60110
2T-07,X2T.07,7,Summer,Thur,1,0,16907,53514
2T-08,X2T.08,8,Summer,Thur,1,0,16331,74370
2T-09,X2T.09,9,Summer,Thur,1,0,13149,55765
2T-10,X2T.10,10,Summer,Thur,1,0,6348414,34836
2T-11,X2T.11,11,Summer,Thur,1,0,17844,42551
2T-12,X2T.12,12,Summer,Thur,1,0,21068,54511
2T-13,X2T.13,13,Summer,Thur,1,0,13206,52462
2T-14,X2T.14,14,Summer,Thur,1,0,16989,42752
2T-15,X2T.15,15,Summer,Thur,1,0,12846,58134
2T-16,X2T.16,16,Summer,Thur,1,0,21175,63161
2T-17,X2T.17,17,Summer,Thur,1,0,18472,54632
2T-18,X2T.18,18,Summer,Thur,1,0,12486,40127
2T-19,X2T.19,19,Summer,Thur,1,0,22103,29538
2T-20,X2T.20,20,Summer,Thur,1,0,13489,63680
2T-21,X2T.21,21,Summer,Thur,1,0,18227,51111
2T-22,X2T.22,22,Summer,Thur,1,0,22230,57762
2T-23,X2T.23,23,Summer,Thur,1,0,16187,49880
2T-24,X2T.24,24,Summer,Thur,1,0,7,44588
2T-25,X2T.25,25,Summer,Thur,1,0,12802,44829
2T-26,X2T.26,26,Summer,Thur,1,0,16847,44949
2T-27,X2T.27,27,Summer,Thur,1,0,20152,42350
2T-28,X2T.28,28,Summer,Thur,1,0,16126,26694
2T-30,X2T.30,30,Summer,Thur,1,0,15592,62350
2T-31,X2T.31,31,Summer,Thur,1,0,26304,37971
2T-32,X2T.32,32,Summer,Thur,1,0,19795,81929
2T-33,X2T.33,33,Summer,Thur,1,0,18428,43258
2T-34,X2T.34,34,Summer,Thur,1,0,17864,39778
2T-35,X2T.35,35,Summer,Thur,1,0,21356,34870
2T-36,X2T.36,36,Summer,Thur,1,0,18207,42094
2T-37,X2T.37,37,Summer,Thur,1,0,12514,37572
2T-38,X2T.38,38,Summer,Thur,1,0,15787,61400
2T-39,X2T.39,39,Summer,Thur,1,0,21016,56207
2T-41,X2T.41,41,Summer,Thur,1,0,22092,33771
2T-42,X2T.42,42,Summer,Thur,1,0,20046,53239
2T-44,X2T.44,44,Summer,Thur,1,0,9251,30889
3G-01,X3G.01,1,Autumn,Glatt,1,0,14844,67143
3G-02,X3G.02,2,Autumn,Glatt,1,0,15137,58894
3G-03,X3G.03,3,Autumn,Glatt,1,0,15979,54457
3G-04,X3G.04,4,Autumn,Glatt,1,0,17190,44934
3G-05,X3G.05,5,Autumn,Glatt,1,0,18637,47312
3G-06,X3G.06,6,Autumn,Glatt,1,0,14458,89036
3G-07,X3G.07,7,Autumn,Glatt,1,0,1370173,62629
3G-08,X3G.08,8,Autumn,Glatt,1,0,9616,45248
3G-09,X3G.09,9,Autumn,Glatt,1,0,15921,41738
3G-10,X3G.10,10,Autumn,Glatt,1,0,17167,25812
3G-11,X3G.11,11,Autumn,Glatt,1,0,33679,55834
3G-12,X3G.12,12,Autumn,Glatt,1,0,19817,45645
3G-13,X3G.13,13,Autumn,Glatt,1,0,14210,62606
3G-14,X3G.14,14,Autumn,Glatt,1,0,17033,58889
3G-15,X3G.15,15,Autumn,Glatt,1,0,32479,50563
3N-01,X3N.01,1,Autumn,Necker,1,0,36960,47646
3N-02,X3N.02,2,Autumn,Necker,1,0,20576,62441
3N-03,X3N.03,3,Autumn,Necker,1,0,13276,51362
3N-04,X3N.04,4,Autumn,Necker,1,0,19616,45441
3N-05,X3N.05,5,Autumn,Necker,1,0,9206,50189
3N-06,X3N.06,6,Autumn,Necker,1,0,17999,61483
3N-07,X3N.07,7,Autumn,Necker,1,0,71,41594
3N-08,X3N.08,8,Autumn,Necker,1,0,15216,26942
3N-09,X3N.09,9,Autumn,Necker,1,0,15804,28801
3N-10,X3N.10,10,Autumn,Necker,1,0,14454,58293
3N-11,X3N.11,11,Autumn,Necker,1,0,12997,28978
3N-12,X3N.12,12,Autumn,Necker,1,0,15887,59085
3N-13,X3N.13,13,Autumn,Necker,1,0,11539,46610
3N-14,X3N.14,14,Autumn,Necker,1,0,11685,50223
3T-01,X3T.01,1,Autumn,Thur,1,0,16273,57259
3T-02,X3T.02,2,Autumn,Thur,1,0,15323,45007
3T-03,X3T.03,3,Autumn,Thur,1,0,11693,32563
3T-04,X3T.04,4,Autumn,Thur,1,0,14832,47988
3T-05,X3T.05,5,Autumn,Thur,1,0,19167,37273
3T-06,X3T.06,6,Autumn,Thur,1,0,21589,51558
3T-07,X3T.07,7,Autumn,Thur,1,0,14431,52134
3T-08,X3T.08,8,Autumn,Thur,1,0,15898,62909
3T-09,X3T.09,9,Autumn,Thur,1,0,16005,33179
3T-10,X3T.10,10,Autumn,Thur,1,0,20486,59593
3T-11,X3T.11,11,Autumn,Thur,1,0,17872,50647
3T-12,X3T.12,12,Autumn,Thur,1,0,16727,51630
3T-13,X3T.13,13,Autumn,Thur,1,0,17269,44042
3T-14,X3T.14,14,Autumn,Thur,1,0,43995,53687
3T-15,X3T.15,15,Autumn,Thur,1,0,8864,30407
3T-16,X3T.16,16,Autumn,Thur,1,0,17912,49454
3T-17,X3T.17,17,Autumn,Thur,1,0,17279,37160
3T-18,X3T.18,18,Autumn,Thur,1,0,16460,38150
3T-19,X3T.19,19,Autumn,Thur,1,0,13957,61768
3T-20,X3T.20,20,Autumn,Thur,1,0,15716,67792
3T-21,X3T.21,21,Autumn,Thur,1,0,17514,39306
3T-22,X3T.22,22,Autumn,Thur,1,0,2903,51649
3T-23,X3T.23,23,Autumn,Thur,1,0,21312,61777
3T-24,X3T.24,24,Autumn,Thur,1,0,19007,54658
3T-25,X3T.25,25,Autumn,Thur,1,0,15154,26686
3T-26,X3T.26,26,Autumn,Thur,1,0,21684,59789
3T-27,X3T.27,27,Autumn,Thur,1,0,9944,46126
3T-28,X3T.28,28,Autumn,Thur,1,0,12766,48355
3T-29,X3T.29,29,Autumn,Thur,1,0,15712,46479
3T-30,X3T.30,30,Autumn,Thur,1,0,17829,47411
3T-31,X3T.31,31,Autumn,Thur,1,0,12029,51218
3T-32,X3T.32,32,Autumn,Thur,1,0,17394,73717
3T-33,X3T.33,33,Autumn,Thur,1,0,13206,68155
3T-34,X3T.34,34,Autumn,Thur,1,0,20690,43013
3T-35,X3T.35,35,Autumn,Thur,1,0,22339,60167
3T-36,X3T.36,36,Autumn,Thur,1,0,17921,65556
3T-37,X3T.37,37,Autumn,Thur,1,0,14081,66787
3T-38,X3T.38,38,Autumn,Thur,1,0,27293,56961
3T-39,X3T.39,39,Autumn,Thur,1,0,12932,60078
3T-40,X3T.40,40,Autumn,Thur,1,0,16890,32427
3T-41,X3T.41,41,Autumn,Thur,1,0,36262,60207
3T-42,X3T.42,42,Autumn,Thur,1,0,15298,31558
3T-43,X3T.43,43,Autumn,Thur,1,0,5129,65095
3T-44,X3T.44,44,Autumn,Thur,1,0,9855,28329