parentEventID,materialSampleID,eventID,eventDate,samplingProtocol,locationID,waterBody,locality,minimumDepthInMeters,decimalLatitude,decimalLongitude,# ASVs
GOMECC4_27N_Sta1_DCM_A,SAMN37516094,GOMECC4_27N_Sta1_DCM_A_18S,2021-09-14T11:00-04:00,CTD rosette,27N_Sta1,Atlantic Ocean,"USA: Atlantic Ocean, east of Florida (27 N)",49,26.997,-79.618,279
GOMECC4_27N_Sta1_DCM_B,SAMN37516095,GOMECC4_27N_Sta1_DCM_B_18S,2021-09-14T11:00-04:00,CTD rosette,27N_Sta1,Atlantic Ocean,"USA: Atlantic Ocean, east of Florida (27 N)",49,26.997,-79.618,419
GOMECC4_27N_Sta1_DCM_C,SAMN37516096,GOMECC4_27N_Sta1_DCM_C_18S,2021-09-14T11:00-04:00,CTD rosette,27N_Sta1,Atlantic Ocean,"USA: Atlantic Ocean, east of Florida (27 N)",49,26.997,-79.618,320
GOMECC4_27N_Sta1_Deep_A,SAMN37516091,GOMECC4_27N_Sta1_Deep_A_18S,2021-09-14T11:00-04:00,CTD rosette,27N_Sta1,Atlantic Ocean,"USA: Atlantic Ocean, east of Florida (27 N)",618,26.997,-79.618,325
GOMECC4_27N_Sta1_Deep_B,SAMN37516092,GOMECC4_27N_Sta1_Deep_B_18S,2021-09-14T11:00-04:00,CTD rosette,27N_Sta1,Atlantic Ocean,"USA: Atlantic Ocean, east of Florida (27 N)",618,26.997,-79.618,378
GOMECC4_27N_Sta1_Deep_C,SAMN37516093,GOMECC4_27N_Sta1_Deep_C_18S,2021-09-14T11:00-04:00,CTD rosette,27N_Sta1,Atlantic Ocean,"USA: Atlantic Ocean, east of Florida (27 N)",618,26.997,-79.618,421
GOMECC4_27N_Sta1_Surface_A,SAMN37516097,GOMECC4_27N_Sta1_Surface_A_18S,2021-09-14T11:00-04:00,CTD rosette,27N_Sta1,Atlantic Ocean,"USA: Atlantic Ocean, east of Florida (27 N)",6,26.997,-79.618,370
GOMECC4_27N_Sta1_Surface_B,SAMN37516098,GOMECC4_27N_Sta1_Surface_B_18S,2021-09-14T11:00-04:00,CTD rosette,27N_Sta1,Atlantic Ocean,"USA: Atlantic Ocean, east of Florida (27 N)",6,26.997,-79.618,394
GOMECC4_27N_Sta4_DCM_A,SAMN37516102,GOMECC4_27N_Sta4_DCM_A_18S,2021-09-14T19:47-04:00,CTD rosette,27N_Sta4,Atlantic Ocean,"USA: Atlantic Ocean, east of Florida (27 N)",73,26.994,-79.859,262
GOMECC4_27N_Sta4_DCM_B,SAMN37516103,GOMECC4_27N_Sta4_DCM_B_18S,2021-09-14T19:47-04:00,CTD rosette,27N_Sta4,Atlantic Ocean,"USA: Atlantic Ocean, east of Florida (27 N)",73,26.994,-79.859,300
GOMECC4_27N_Sta4_DCM_C,SAMN37516104,GOMECC4_27N_Sta4_DCM_C_18S,2021-09-14T19:47-04:00,CTD rosette,27N_Sta4,Atlantic Ocean,"USA: Atlantic Ocean, east of Florida (27 N)",73,26.994,-79.859,303
GOMECC4_27N_Sta4_Deep_A,SAMN37516099,GOMECC4_27N_Sta4_Deep_A_18S,2021-09-14T19:47-04:00,CTD rosette,27N_Sta4,Atlantic Ocean,"USA: Atlantic Ocean, east of Florida (27 N)",267,26.994,-79.859,331
GOMECC4_27N_Sta4_Deep_B,SAMN37516100,GOMECC4_27N_Sta4_Deep_B_18S,2021-09-14T19:47-04:00,CTD rosette,27N_Sta4,Atlantic Ocean,"USA: Atlantic Ocean, east of Florida (27 N)",267,26.994,-79.859,352
GOMECC4_27N_Sta4_Deep_C,SAMN37516101,GOMECC4_27N_Sta4_Deep_C_18S,2021-09-14T19:47-04:00,CTD rosette,27N_Sta4,Atlantic Ocean,"USA: Atlantic Ocean, east of Florida (27 N)",267,26.994,-79.859,384
GOMECC4_27N_Sta4_Surface_A,SAMN37516105,GOMECC4_27N_Sta4_Surface_A_18S,2021-09-14T19:47-04:00,CTD rosette,27N_Sta4,Atlantic Ocean,"USA: Atlantic Ocean, east of Florida (27 N)",2,26.994,-79.859,233
GOMECC4_27N_Sta4_Surface_B,SAMN37516106,GOMECC4_27N_Sta4_Surface_B_18S,2021-09-14T19:47-04:00,CTD rosette,27N_Sta4,Atlantic Ocean,"USA: Atlantic Ocean, east of Florida (27 N)",2,26.994,-79.859,279
GOMECC4_27N_Sta4_Surface_C,SAMN37516107,GOMECC4_27N_Sta4_Surface_C_18S,2021-09-14T19:47-04:00,CTD rosette,27N_Sta4,Atlantic Ocean,"USA: Atlantic Ocean, east of Florida (27 N)",2,26.994,-79.859,291
GOMECC4_27N_Sta6_DCM_A,SAMN37516111,GOMECC4_27N_Sta6_DCM_A_18S,2021-09-14T23:45-04:00,CTD rosette,27N_Sta6,Atlantic Ocean,"USA: Atlantic Ocean, east of Florida (27 N)",29,26.991,-79.987,274
GOMECC4_27N_Sta6_DCM_B,SAMN37516112,GOMECC4_27N_Sta6_DCM_B_18S,2021-09-14T23:45-04:00,CTD rosette,27N_Sta6,Atlantic Ocean,"USA: Atlantic Ocean, east of Florida (27 N)",29,26.991,-79.987,341
GOMECC4_27N_Sta6_DCM_C,SAMN37516113,GOMECC4_27N_Sta6_DCM_C_18S,2021-09-14T23:45-04:00,CTD rosette,27N_Sta6,Atlantic Ocean,"USA: Atlantic Ocean, east of Florida (27 N)",29,26.991,-79.987,323
GOMECC4_27N_Sta6_Deep_A,SAMN37516108,GOMECC4_27N_Sta6_Deep_A_18S,2021-09-14T23:45-04:00,CTD rosette,27N_Sta6,Atlantic Ocean,"USA: Atlantic Ocean, east of Florida (27 N)",52,26.991,-79.987,268
GOMECC4_27N_Sta6_Deep_B,SAMN37516109,GOMECC4_27N_Sta6_Deep_B_18S,2021-09-14T23:45-04:00,CTD rosette,27N_Sta6,Atlantic Ocean,"USA: Atlantic Ocean, east of Florida (27 N)",52,26.991,-79.987,266
GOMECC4_27N_Sta6_Deep_C,SAMN37516110,GOMECC4_27N_Sta6_Deep_C_18S,2021-09-14T23:45-04:00,CTD rosette,27N_Sta6,Atlantic Ocean,"USA: Atlantic Ocean, east of Florida (27 N)",52,26.991,-79.987,143
GOMECC4_27N_Sta6_Surface_A,SAMN37516114,GOMECC4_27N_Sta6_Surface_A_18S,2021-09-14T23:45-04:00,CTD rosette,27N_Sta6,Atlantic Ocean,"USA: Atlantic Ocean, east of Florida (27 N)",4,26.991,-79.987,359
GOMECC4_27N_Sta6_Surface_B,SAMN37516115,GOMECC4_27N_Sta6_Surface_B_18S,2021-09-14T23:45-04:00,CTD rosette,27N_Sta6,Atlantic Ocean,"USA: Atlantic Ocean, east of Florida (27 N)",4,26.991,-79.987,256
GOMECC4_27N_Sta6_Surface_C,SAMN37516116,GOMECC4_27N_Sta6_Surface_C_18S,2021-09-14T23:45-04:00,CTD rosette,27N_Sta6,Atlantic Ocean,"USA: Atlantic Ocean, east of Florida (27 N)",4,26.991,-79.987,283
GOMECC4_BROWNSVILLE_Sta63_DCM_A,SAMN37516297,GOMECC4_BROWNSVILLE_Sta63_DCM_A_18S,2021-10-02T14:27-04:00,CTD rosette,BROWNSVILLE_Sta63,"Mexico, Gulf of",USA: Gulf of Mexico,10,26.061,-96.807,270
GOMECC4_BROWNSVILLE_Sta63_DCM_B,SAMN37516298,GOMECC4_BROWNSVILLE_Sta63_DCM_B_18S,2021-10-02T14:27-04:00,CTD rosette,BROWNSVILLE_Sta63,"Mexico, Gulf of",USA: Gulf of Mexico,10,26.061,-96.807,236
GOMECC4_BROWNSVILLE_Sta63_DCM_C,SAMN37516299,GOMECC4_BROWNSVILLE_Sta63_DCM_C_18S,2021-10-02T14:27-04:00,CTD rosette,BROWNSVILLE_Sta63,"Mexico, Gulf of",USA: Gulf of Mexico,10,26.061,-96.807,251
GOMECC4_BROWNSVILLE_Sta63_Deep_A,SAMN37516294,GOMECC4_BROWNSVILLE_Sta63_Deep_A_18S,2021-10-02T14:27-04:00,CTD rosette,BROWNSVILLE_Sta63,"Mexico, Gulf of",USA: Gulf of Mexico,19,26.061,-96.807,257
GOMECC4_BROWNSVILLE_Sta63_Deep_B,SAMN37516295,GOMECC4_BROWNSVILLE_Sta63_Deep_B_18S,2021-10-02T14:27-04:00,CTD rosette,BROWNSVILLE_Sta63,"Mexico, Gulf of",USA: Gulf of Mexico,19,26.061,-96.807,297
GOMECC4_BROWNSVILLE_Sta63_Deep_C,SAMN37516296,GOMECC4_BROWNSVILLE_Sta63_Deep_C_18S,2021-10-02T14:27-04:00,CTD rosette,BROWNSVILLE_Sta63,"Mexico, Gulf of",USA: Gulf of Mexico,19,26.061,-96.807,247
GOMECC4_BROWNSVILLE_Sta63_Surface_A,SAMN37516300,GOMECC4_BROWNSVILLE_Sta63_Surface_A_18S,2021-10-02T14:27-04:00,CTD rosette,BROWNSVILLE_Sta63,"Mexico, Gulf of",USA: Gulf of Mexico,3,26.061,-96.807,290
GOMECC4_BROWNSVILLE_Sta63_Surface_B,SAMN37516301,GOMECC4_BROWNSVILLE_Sta63_Surface_B_18S,2021-10-02T14:27-04:00,CTD rosette,BROWNSVILLE_Sta63,"Mexico, Gulf of",USA: Gulf of Mexico,3,26.061,-96.807,253
GOMECC4_BROWNSVILLE_Sta63_Surface_C,SAMN37516302,GOMECC4_BROWNSVILLE_Sta63_Surface_C_18S,2021-10-02T14:27-04:00,CTD rosette,BROWNSVILLE_Sta63,"Mexico, Gulf of",USA: Gulf of Mexico,3,26.061,-96.807,243
GOMECC4_BROWNSVILLE_Sta66_DCM_A,SAMN37516306,GOMECC4_BROWNSVILLE_Sta66_DCM_A_18S,2021-10-02T19:41-04:00,CTD rosette,BROWNSVILLE_Sta66,"Mexico, Gulf of",USA: Gulf of Mexico,74,26.059,-96.082,476
GOMECC4_BROWNSVILLE_Sta66_DCM_B,SAMN37516307,GOMECC4_BROWNSVILLE_Sta66_DCM_B_18S,2021-10-02T19:41-04:00,CTD rosette,BROWNSVILLE_Sta66,"Mexico, Gulf of",USA: Gulf of Mexico,74,26.059,-96.082,458
GOMECC4_BROWNSVILLE_Sta66_DCM_C,SAMN37516308,GOMECC4_BROWNSVILLE_Sta66_DCM_C_18S,2021-10-02T19:41-04:00,CTD rosette,BROWNSVILLE_Sta66,"Mexico, Gulf of",USA: Gulf of Mexico,74,26.059,-96.082,507
GOMECC4_BROWNSVILLE_Sta66_Deep_A,SAMN37516303,GOMECC4_BROWNSVILLE_Sta66_Deep_A_18S,2021-10-02T19:41-04:00,CTD rosette,BROWNSVILLE_Sta66,"Mexico, Gulf of",USA: Gulf of Mexico,851,26.059,-96.082,362
GOMECC4_BROWNSVILLE_Sta66_Deep_B,SAMN37516304,GOMECC4_BROWNSVILLE_Sta66_Deep_B_18S,2021-10-02T19:41-04:00,CTD rosette,BROWNSVILLE_Sta66,"Mexico, Gulf of",USA: Gulf of Mexico,851,26.059,-96.082,312
GOMECC4_BROWNSVILLE_Sta66_Deep_C,SAMN37516305,GOMECC4_BROWNSVILLE_Sta66_Deep_C_18S,2021-10-02T19:41-04:00,CTD rosette,BROWNSVILLE_Sta66,"Mexico, Gulf of",USA: Gulf of Mexico,851,26.059,-96.082,292
GOMECC4_BROWNSVILLE_Sta66_Surface_A,SAMN37516309,GOMECC4_BROWNSVILLE_Sta66_Surface_A_18S,2021-10-02T19:41-04:00,CTD rosette,BROWNSVILLE_Sta66,"Mexico, Gulf of",USA: Gulf of Mexico,3,26.059,-96.082,228
GOMECC4_BROWNSVILLE_Sta66_Surface_B,SAMN37516310,GOMECC4_BROWNSVILLE_Sta66_Surface_B_18S,2021-10-02T19:41-04:00,CTD rosette,BROWNSVILLE_Sta66,"Mexico, Gulf of",USA: Gulf of Mexico,3,26.059,-96.082,169
GOMECC4_BROWNSVILLE_Sta66_Surface_C,SAMN37516311,GOMECC4_BROWNSVILLE_Sta66_Surface_C_18S,2021-10-02T19:41-04:00,CTD rosette,BROWNSVILLE_Sta66,"Mexico, Gulf of",USA: Gulf of Mexico,3,26.059,-96.082,272
GOMECC4_BROWNSVILLE_Sta71_DCM_A,SAMN37516315,GOMECC4_BROWNSVILLE_Sta71_DCM_A_18S,2021-10-03T18:40-04:00,CTD rosette,BROWNSVILLE_Sta71,"Mexico, Gulf of",USA: Gulf of Mexico,79,26.058,-94.197,326
GOMECC4_BROWNSVILLE_Sta71_DCM_B,SAMN37516316,GOMECC4_BROWNSVILLE_Sta71_DCM_B_18S,2021-10-03T18:40-04:00,CTD rosette,BROWNSVILLE_Sta71,"Mexico, Gulf of",USA: Gulf of Mexico,79,26.058,-94.197,348
GOMECC4_BROWNSVILLE_Sta71_DCM_C,SAMN37516317,GOMECC4_BROWNSVILLE_Sta71_DCM_C_18S,2021-10-03T18:40-04:00,CTD rosette,BROWNSVILLE_Sta71,"Mexico, Gulf of",USA: Gulf of Mexico,79,26.058,-94.197,334
GOMECC4_BROWNSVILLE_Sta71_Deep_A,SAMN37516312,GOMECC4_BROWNSVILLE_Sta71_Deep_A_18S,2021-10-03T18:40-04:00,CTD rosette,BROWNSVILLE_Sta71,"Mexico, Gulf of",USA: Gulf of Mexico,2993,26.058,-94.197,289
GOMECC4_BROWNSVILLE_Sta71_Deep_B,SAMN37516313,GOMECC4_BROWNSVILLE_Sta71_Deep_B_18S,2021-10-03T18:40-04:00,CTD rosette,BROWNSVILLE_Sta71,"Mexico, Gulf of",USA: Gulf of Mexico,2993,26.058,-94.197,266
GOMECC4_BROWNSVILLE_Sta71_Deep_C,SAMN37516314,GOMECC4_BROWNSVILLE_Sta71_Deep_C_18S,2021-10-03T18:40-04:00,CTD rosette,BROWNSVILLE_Sta71,"Mexico, Gulf of",USA: Gulf of Mexico,2993,26.058,-94.197,247
GOMECC4_BROWNSVILLE_Sta71_Surface_A,SAMN37516318,GOMECC4_BROWNSVILLE_Sta71_Surface_A_18S,2021-10-03T18:40-04:00,CTD rosette,BROWNSVILLE_Sta71,"Mexico, Gulf of",USA: Gulf of Mexico,3,26.058,-94.197,280
GOMECC4_BROWNSVILLE_Sta71_Surface_B,SAMN37516319,GOMECC4_BROWNSVILLE_Sta71_Surface_B_18S,2021-10-03T18:40-04:00,CTD rosette,BROWNSVILLE_Sta71,"Mexico, Gulf of",USA: Gulf of Mexico,3,26.058,-94.197,332
GOMECC4_BROWNSVILLE_Sta71_Surface_C,SAMN37516320,GOMECC4_BROWNSVILLE_Sta71_Surface_C_18S,2021-10-03T18:40-04:00,CTD rosette,BROWNSVILLE_Sta71,"Mexico, Gulf of",USA: Gulf of Mexico,3,26.058,-94.197,394
GOMECC4_CAMPECHE_Sta90_DCM_A,SAMN37516377,GOMECC4_CAMPECHE_Sta90_DCM_A_18S,2021-10-09T14:20-04:00,CTD rosette,CAMPECHE_Sta90,"Mexico, Gulf of",Mexico: Gulf of Mexico,67,22.0,-92.917,243
GOMECC4_CAMPECHE_Sta90_DCM_B,SAMN37516378,GOMECC4_CAMPECHE_Sta90_DCM_B_18S,2021-10-09T14:20-04:00,CTD rosette,CAMPECHE_Sta90,"Mexico, Gulf of",Mexico: Gulf of Mexico,67,22.0,-92.917,332
GOMECC4_CAMPECHE_Sta90_DCM_C,SAMN37516379,GOMECC4_CAMPECHE_Sta90_DCM_C_18S,2021-10-09T14:20-04:00,CTD rosette,CAMPECHE_Sta90,"Mexico, Gulf of",Mexico: Gulf of Mexico,67,22.0,-92.917,260
GOMECC4_CAMPECHE_Sta90_Deep_A,SAMN37516374,GOMECC4_CAMPECHE_Sta90_Deep_A_18S,2021-10-09T14:20-04:00,CTD rosette,CAMPECHE_Sta90,"Mexico, Gulf of",Mexico: Gulf of Mexico,2862,22.0,-92.917,215
GOMECC4_CAMPECHE_Sta90_Deep_B,SAMN37516375,GOMECC4_CAMPECHE_Sta90_Deep_B_18S,2021-10-09T14:20-04:00,CTD rosette,CAMPECHE_Sta90,"Mexico, Gulf of",Mexico: Gulf of Mexico,2862,22.0,-92.917,256
GOMECC4_CAMPECHE_Sta90_Deep_C,SAMN37516376,GOMECC4_CAMPECHE_Sta90_Deep_C_18S,2021-10-09T14:20-04:00,CTD rosette,CAMPECHE_Sta90,"Mexico, Gulf of",Mexico: Gulf of Mexico,2862,22.0,-92.917,291
GOMECC4_CAMPECHE_Sta90_Surface_A,SAMN37516380,GOMECC4_CAMPECHE_Sta90_Surface_A_18S,2021-10-09T14:20-04:00,CTD rosette,CAMPECHE_Sta90,"Mexico, Gulf of",Mexico: Gulf of Mexico,3,22.0,-92.917,352
GOMECC4_CAMPECHE_Sta90_Surface_B,SAMN37516381,GOMECC4_CAMPECHE_Sta90_Surface_B_18S,2021-10-09T14:20-04:00,CTD rosette,CAMPECHE_Sta90,"Mexico, Gulf of",Mexico: Gulf of Mexico,3,22.0,-92.917,325
GOMECC4_CAMPECHE_Sta90_Surface_C,SAMN37516382,GOMECC4_CAMPECHE_Sta90_Surface_C_18S,2021-10-09T14:20-04:00,CTD rosette,CAMPECHE_Sta90,"Mexico, Gulf of",Mexico: Gulf of Mexico,3,22.0,-92.917,355
GOMECC4_CAMPECHE_Sta91_DCM_A,SAMN37516386,GOMECC4_CAMPECHE_Sta91_DCM_A_18S,2021-10-09T22:18-04:00,CTD rosette,CAMPECHE_Sta91,"Mexico, Gulf of",Mexico: Gulf of Mexico,60,21.733,-92.318,314
GOMECC4_CAMPECHE_Sta91_DCM_B,SAMN37516387,GOMECC4_CAMPECHE_Sta91_DCM_B_18S,2021-10-09T22:18-04:00,CTD rosette,CAMPECHE_Sta91,"Mexico, Gulf of",Mexico: Gulf of Mexico,60,21.733,-92.318,295
GOMECC4_CAMPECHE_Sta91_DCM_C,SAMN37516388,GOMECC4_CAMPECHE_Sta91_DCM_C_18S,2021-10-09T22:18-04:00,CTD rosette,CAMPECHE_Sta91,"Mexico, Gulf of",Mexico: Gulf of Mexico,60,21.733,-92.318,367
GOMECC4_CAMPECHE_Sta91_Deep_A,SAMN37516383,GOMECC4_CAMPECHE_Sta91_Deep_A_18S,2021-10-09T22:18-04:00,CTD rosette,CAMPECHE_Sta91,"Mexico, Gulf of",Mexico: Gulf of Mexico,106,21.733,-92.318,355
GOMECC4_CAMPECHE_Sta91_Deep_B,SAMN37516384,GOMECC4_CAMPECHE_Sta91_Deep_B_18S,2021-10-09T22:18-04:00,CTD rosette,CAMPECHE_Sta91,"Mexico, Gulf of",Mexico: Gulf of Mexico,106,21.733,-92.318,420
GOMECC4_CAMPECHE_Sta91_Deep_C,SAMN37516385,GOMECC4_CAMPECHE_Sta91_Deep_C_18S,2021-10-09T22:18-04:00,CTD rosette,CAMPECHE_Sta91,"Mexico, Gulf of",Mexico: Gulf of Mexico,106,21.733,-92.318,430
GOMECC4_CAMPECHE_Sta91_Surface_A,SAMN37516389,GOMECC4_CAMPECHE_Sta91_Surface_A_18S,2021-10-09T22:18-04:00,CTD rosette,CAMPECHE_Sta91,"Mexico, Gulf of",Mexico: Gulf of Mexico,4,21.733,-92.318,313
GOMECC4_CAMPECHE_Sta91_Surface_B,SAMN37516390,GOMECC4_CAMPECHE_Sta91_Surface_B_18S,2021-10-09T22:18-04:00,CTD rosette,CAMPECHE_Sta91,"Mexico, Gulf of",Mexico: Gulf of Mexico,4,21.733,-92.318,238
GOMECC4_CAMPECHE_Sta91_Surface_C,SAMN37516391,GOMECC4_CAMPECHE_Sta91_Surface_C_18S,2021-10-09T22:18-04:00,CTD rosette,CAMPECHE_Sta91,"Mexico, Gulf of",Mexico: Gulf of Mexico,4,21.733,-92.318,224
GOMECC4_CAMPECHE_Sta93_Deep_A,SAMN37516392,GOMECC4_CAMPECHE_Sta93_Deep_A_18S,2021-10-10T11:19-04:00,CTD rosette,CAMPECHE_Sta93,"Mexico, Gulf of",Mexico: Gulf of Mexico,19,21.167,-90.768,343
GOMECC4_CAMPECHE_Sta93_Deep_B,SAMN37516393,GOMECC4_CAMPECHE_Sta93_Deep_B_18S,2021-10-10T11:19-04:00,CTD rosette,CAMPECHE_Sta93,"Mexico, Gulf of",Mexico: Gulf of Mexico,19,21.167,-90.768,256
GOMECC4_CAMPECHE_Sta93_Deep_C,SAMN37516394,GOMECC4_CAMPECHE_Sta93_Deep_C_18S,2021-10-10T11:19-04:00,CTD rosette,CAMPECHE_Sta93,"Mexico, Gulf of",Mexico: Gulf of Mexico,19,21.167,-90.768,171
GOMECC4_CAMPECHE_Sta93_Surface_A,SAMN37516395,GOMECC4_CAMPECHE_Sta93_Surface_A_18S,2021-10-10T11:19-04:00,CTD rosette,CAMPECHE_Sta93,"Mexico, Gulf of",Mexico: Gulf of Mexico,3,21.167,-90.768,214
GOMECC4_CAMPECHE_Sta93_Surface_B,SAMN37516396,GOMECC4_CAMPECHE_Sta93_Surface_B_18S,2021-10-10T11:19-04:00,CTD rosette,CAMPECHE_Sta93,"Mexico, Gulf of",Mexico: Gulf of Mexico,3,21.167,-90.768,207
GOMECC4_CAMPECHE_Sta93_Surface_C,SAMN37516397,GOMECC4_CAMPECHE_Sta93_Surface_C_18S,2021-10-10T11:19-04:00,CTD rosette,CAMPECHE_Sta93,"Mexico, Gulf of",Mexico: Gulf of Mexico,3,21.167,-90.768,199
GOMECC4_CANCUN_Sta117_DCM_A,SAMN37516485,GOMECC4_CANCUN_Sta117_DCM_A_18S,2021-10-15T19:00-04:00,CTD rosette,CANCUN_Sta117,"Mexico, Gulf of",Mexico: Gulf of Mexico,30,21.591,-86.503,440
GOMECC4_CANCUN_Sta117_DCM_B,SAMN37516486,GOMECC4_CANCUN_Sta117_DCM_B_18S,2021-10-15T19:00-04:00,CTD rosette,CANCUN_Sta117,"Mexico, Gulf of",Mexico: Gulf of Mexico,30,21.591,-86.503,428
GOMECC4_CANCUN_Sta117_DCM_C,SAMN37516487,GOMECC4_CANCUN_Sta117_DCM_C_18S,2021-10-15T19:00-04:00,CTD rosette,CANCUN_Sta117,"Mexico, Gulf of",Mexico: Gulf of Mexico,30,21.591,-86.503,468
GOMECC4_CANCUN_Sta117_Deep_A,SAMN37516482,GOMECC4_CANCUN_Sta117_Deep_A_18S,2021-10-15T19:00-04:00,CTD rosette,CANCUN_Sta117,"Mexico, Gulf of",Mexico: Gulf of Mexico,54,21.591,-86.503,467
GOMECC4_CANCUN_Sta117_Deep_B,SAMN37516483,GOMECC4_CANCUN_Sta117_Deep_B_18S,2021-10-15T19:00-04:00,CTD rosette,CANCUN_Sta117,"Mexico, Gulf of",Mexico: Gulf of Mexico,54,21.591,-86.503,524
GOMECC4_CANCUN_Sta117_Deep_C,SAMN37516484,GOMECC4_CANCUN_Sta117_Deep_C_18S,2021-10-15T19:00-04:00,CTD rosette,CANCUN_Sta117,"Mexico, Gulf of",Mexico: Gulf of Mexico,54,21.591,-86.503,364
GOMECC4_CANCUN_Sta117_Surface_A,SAMN37516488,GOMECC4_CANCUN_Sta117_Surface_A_18S,2021-10-15T19:00-04:00,CTD rosette,CANCUN_Sta117,"Mexico, Gulf of",Mexico: Gulf of Mexico,3,21.591,-86.503,330
GOMECC4_CANCUN_Sta117_Surface_B,SAMN37516489,GOMECC4_CANCUN_Sta117_Surface_B_18S,2021-10-15T19:00-04:00,CTD rosette,CANCUN_Sta117,"Mexico, Gulf of",Mexico: Gulf of Mexico,3,21.591,-86.503,349
GOMECC4_CANCUN_Sta117_Surface_C,SAMN37516490,GOMECC4_CANCUN_Sta117_Surface_C_18S,2021-10-15T19:00-04:00,CTD rosette,CANCUN_Sta117,"Mexico, Gulf of",Mexico: Gulf of Mexico,3,21.591,-86.503,289
GOMECC4_CANCUN_Sta118_DCM_A,SAMN37516494,GOMECC4_CANCUN_Sta118_DCM_A_18S,2021-10-15T22:00-04:00,CTD rosette,CANCUN_Sta118,"Mexico, Gulf of",Mexico: Gulf of Mexico,64,21.633,-86.242,340
GOMECC4_CANCUN_Sta118_DCM_B,SAMN37516495,GOMECC4_CANCUN_Sta118_DCM_B_18S,2021-10-15T22:00-04:00,CTD rosette,CANCUN_Sta118,"Mexico, Gulf of",Mexico: Gulf of Mexico,64,21.633,-86.242,319
GOMECC4_CANCUN_Sta118_DCM_C,SAMN37516496,GOMECC4_CANCUN_Sta118_DCM_C_18S,2021-10-15T22:00-04:00,CTD rosette,CANCUN_Sta118,"Mexico, Gulf of",Mexico: Gulf of Mexico,64,21.633,-86.242,492
GOMECC4_CANCUN_Sta118_Deep_A,SAMN37516491,GOMECC4_CANCUN_Sta118_Deep_A_18S,2021-10-15T22:00-04:00,CTD rosette,CANCUN_Sta118,"Mexico, Gulf of",Mexico: Gulf of Mexico,1045,21.633,-86.242,409
GOMECC4_CANCUN_Sta118_Deep_B,SAMN37516492,GOMECC4_CANCUN_Sta118_Deep_B_18S,2021-10-15T22:00-04:00,CTD rosette,CANCUN_Sta118,"Mexico, Gulf of",Mexico: Gulf of Mexico,1045,21.633,-86.242,374
GOMECC4_CANCUN_Sta118_Deep_C,SAMN37516493,GOMECC4_CANCUN_Sta118_Deep_C_18S,2021-10-15T22:00-04:00,CTD rosette,CANCUN_Sta118,"Mexico, Gulf of",Mexico: Gulf of Mexico,1045,21.633,-86.242,417
GOMECC4_CANCUN_Sta118_Surface_A,SAMN37516497,GOMECC4_CANCUN_Sta118_Surface_A_18S,2021-10-15T22:00-04:00,CTD rosette,CANCUN_Sta118,"Mexico, Gulf of",Mexico: Gulf of Mexico,2,21.633,-86.242,227
GOMECC4_CANCUN_Sta118_Surface_B,SAMN37516498,GOMECC4_CANCUN_Sta118_Surface_B_18S,2021-10-15T22:00-04:00,CTD rosette,CANCUN_Sta118,"Mexico, Gulf of",Mexico: Gulf of Mexico,2,21.633,-86.242,201
GOMECC4_CANCUN_Sta118_Surface_C,SAMN37516499,GOMECC4_CANCUN_Sta118_Surface_C_18S,2021-10-15T22:00-04:00,CTD rosette,CANCUN_Sta118,"Mexico, Gulf of",Mexico: Gulf of Mexico,2,21.633,-86.242,280
GOMECC4_CAPECORAL_Sta131_DCM_A,SAMN37516533,GOMECC4_CAPECORAL_Sta131_DCM_A_18S,2021-10-19T12:31-04:00,CTD rosette,CAPECORAL_Sta131,"Mexico, Gulf of",USA: Gulf of Mexico,24,26.729,-83.101,213
GOMECC4_CAPECORAL_Sta131_DCM_B,SAMN37516534,GOMECC4_CAPECORAL_Sta131_DCM_B_18S,2021-10-19T12:31-04:00,CTD rosette,CAPECORAL_Sta131,"Mexico, Gulf of",USA: Gulf of Mexico,24,26.729,-83.101,230
GOMECC4_CAPECORAL_Sta131_DCM_C,SAMN37516535,GOMECC4_CAPECORAL_Sta131_DCM_C_18S,2021-10-19T12:31-04:00,CTD rosette,CAPECORAL_Sta131,"Mexico, Gulf of",USA: Gulf of Mexico,24,26.729,-83.101,212
GOMECC4_CAPECORAL_Sta131_Deep_A,SAMN37516530,GOMECC4_CAPECORAL_Sta131_Deep_A_18S,2021-10-19T12:31-04:00,CTD rosette,CAPECORAL_Sta131,"Mexico, Gulf of",USA: Gulf of Mexico,33,26.729,-83.101,375
GOMECC4_CAPECORAL_Sta131_Deep_B,SAMN37516531,GOMECC4_CAPECORAL_Sta131_Deep_B_18S,2021-10-19T12:31-04:00,CTD rosette,CAPECORAL_Sta131,"Mexico, Gulf of",USA: Gulf of Mexico,33,26.729,-83.101,233
GOMECC4_CAPECORAL_Sta131_Deep_C,SAMN37516532,GOMECC4_CAPECORAL_Sta131_Deep_C_18S,2021-10-19T12:31-04:00,CTD rosette,CAPECORAL_Sta131,"Mexico, Gulf of",USA: Gulf of Mexico,33,26.729,-83.101,172
GOMECC4_CAPECORAL_Sta131_Surface_A,SAMN37516536,GOMECC4_CAPECORAL_Sta131_Surface_A_18S,2021-10-19T12:31-04:00,CTD rosette,CAPECORAL_Sta131,"Mexico, Gulf of",USA: Gulf of Mexico,3,26.729,-83.101,226
GOMECC4_CAPECORAL_Sta131_Surface_B,SAMN37516537,GOMECC4_CAPECORAL_Sta131_Surface_B_18S,2021-10-19T12:31-04:00,CTD rosette,CAPECORAL_Sta131,"Mexico, Gulf of",USA: Gulf of Mexico,3,26.729,-83.101,280
GOMECC4_CAPECORAL_Sta131_Surface_C,SAMN37516538,GOMECC4_CAPECORAL_Sta131_Surface_C_18S,2021-10-19T12:31-04:00,CTD rosette,CAPECORAL_Sta131,"Mexico, Gulf of",USA: Gulf of Mexico,3,26.729,-83.101,259
GOMECC4_CAPECORAL_Sta132_DCM_A,SAMN37516542,GOMECC4_CAPECORAL_Sta132_DCM_A_18S,2021-10-19T14:25-04:00,CTD rosette,CAPECORAL_Sta132,"Mexico, Gulf of",USA: Gulf of Mexico,20,26.62,-83.24,248
GOMECC4_CAPECORAL_Sta132_DCM_B,SAMN37516543,GOMECC4_CAPECORAL_Sta132_DCM_B_18S,2021-10-19T14:25-04:00,CTD rosette,CAPECORAL_Sta132,"Mexico, Gulf of",USA: Gulf of Mexico,20,26.62,-83.24,278
GOMECC4_CAPECORAL_Sta132_DCM_C,SAMN37516544,GOMECC4_CAPECORAL_Sta132_DCM_C_18S,2021-10-19T14:25-04:00,CTD rosette,CAPECORAL_Sta132,"Mexico, Gulf of",USA: Gulf of Mexico,20,26.62,-83.24,225
GOMECC4_CAPECORAL_Sta132_Deep_A,SAMN37516539,GOMECC4_CAPECORAL_Sta132_Deep_A_18S,2021-10-19T14:25-04:00,CTD rosette,CAPECORAL_Sta132,"Mexico, Gulf of",USA: Gulf of Mexico,40,26.62,-83.24,163
GOMECC4_CAPECORAL_Sta132_Deep_B,SAMN37516540,GOMECC4_CAPECORAL_Sta132_Deep_B_18S,2021-10-19T14:25-04:00,CTD rosette,CAPECORAL_Sta132,"Mexico, Gulf of",USA: Gulf of Mexico,40,26.62,-83.24,158
GOMECC4_CAPECORAL_Sta132_Deep_C,SAMN37516541,GOMECC4_CAPECORAL_Sta132_Deep_C_18S,2021-10-19T14:25-04:00,CTD rosette,CAPECORAL_Sta132,"Mexico, Gulf of",USA: Gulf of Mexico,40,26.62,-83.24,157
GOMECC4_CAPECORAL_Sta132_Surface_A,SAMN37516545,GOMECC4_CAPECORAL_Sta132_Surface_A_18S,2021-10-19T14:25-04:00,CTD rosette,CAPECORAL_Sta132,"Mexico, Gulf of",USA: Gulf of Mexico,3,26.62,-83.24,310
GOMECC4_CAPECORAL_Sta132_Surface_B,SAMN37516546,GOMECC4_CAPECORAL_Sta132_Surface_B_18S,2021-10-19T14:25-04:00,CTD rosette,CAPECORAL_Sta132,"Mexico, Gulf of",USA: Gulf of Mexico,3,26.62,-83.24,266
GOMECC4_CAPECORAL_Sta132_Surface_C,SAMN37516547,GOMECC4_CAPECORAL_Sta132_Surface_C_18S,2021-10-19T14:25-04:00,CTD rosette,CAPECORAL_Sta132,"Mexico, Gulf of",USA: Gulf of Mexico,3,26.62,-83.24,298
GOMECC4_CAPECORAL_Sta135_DCM_A,SAMN37516551,GOMECC4_CAPECORAL_Sta135_DCM_A_18S,2021-10-19T21:35-04:00,CTD rosette,CAPECORAL_Sta135,"Mexico, Gulf of",USA: Gulf of Mexico,67,26.259,-83.806,351
GOMECC4_CAPECORAL_Sta135_DCM_B,SAMN37516552,GOMECC4_CAPECORAL_Sta135_DCM_B_18S,2021-10-19T21:35-04:00,CTD rosette,CAPECORAL_Sta135,"Mexico, Gulf of",USA: Gulf of Mexico,67,26.259,-83.806,353
GOMECC4_CAPECORAL_Sta135_DCM_C,SAMN37516553,GOMECC4_CAPECORAL_Sta135_DCM_C_18S,2021-10-19T21:35-04:00,CTD rosette,CAPECORAL_Sta135,"Mexico, Gulf of",USA: Gulf of Mexico,67,26.259,-83.806,251
GOMECC4_CAPECORAL_Sta135_Deep_A,SAMN37516548,GOMECC4_CAPECORAL_Sta135_Deep_A_18S,2021-10-19T21:35-04:00,CTD rosette,CAPECORAL_Sta135,"Mexico, Gulf of",USA: Gulf of Mexico,87,26.259,-83.806,384
GOMECC4_CAPECORAL_Sta135_Deep_B,SAMN37516549,GOMECC4_CAPECORAL_Sta135_Deep_B_18S,2021-10-19T21:35-04:00,CTD rosette,CAPECORAL_Sta135,"Mexico, Gulf of",USA: Gulf of Mexico,87,26.259,-83.806,313
GOMECC4_CAPECORAL_Sta135_Deep_C,SAMN37516550,GOMECC4_CAPECORAL_Sta135_Deep_C_18S,2021-10-19T21:35-04:00,CTD rosette,CAPECORAL_Sta135,"Mexico, Gulf of",USA: Gulf of Mexico,87,26.259,-83.806,274
GOMECC4_CAPECORAL_Sta135_Surface_A,SAMN37516554,GOMECC4_CAPECORAL_Sta135_Surface_A_18S,2021-10-19T21:35-04:00,CTD rosette,CAPECORAL_Sta135,"Mexico, Gulf of",USA: Gulf of Mexico,3,26.259,-83.806,367
GOMECC4_CAPECORAL_Sta135_Surface_B,SAMN37516555,GOMECC4_CAPECORAL_Sta135_Surface_B_18S,2021-10-19T21:35-04:00,CTD rosette,CAPECORAL_Sta135,"Mexico, Gulf of",USA: Gulf of Mexico,3,26.259,-83.806,261
GOMECC4_CAPECORAL_Sta135_Surface_C,SAMN37516556,GOMECC4_CAPECORAL_Sta135_Surface_C_18S,2021-10-19T21:35-04:00,CTD rosette,CAPECORAL_Sta135,"Mexico, Gulf of",USA: Gulf of Mexico,3,26.259,-83.806,351
GOMECC4_CAPECORAL_Sta140_DCM_A,SAMN37516560,GOMECC4_CAPECORAL_Sta140_DCM_A_18S,2021-10-20T09:23-04:00,CTD rosette,CAPECORAL_Sta140,"Mexico, Gulf of",USA: Gulf of Mexico,69,25.658,-84.715,395
GOMECC4_CAPECORAL_Sta140_DCM_B,SAMN37516561,GOMECC4_CAPECORAL_Sta140_DCM_B_18S,2021-10-20T09:23-04:00,CTD rosette,CAPECORAL_Sta140,"Mexico, Gulf of",USA: Gulf of Mexico,69,25.658,-84.715,304
GOMECC4_CAPECORAL_Sta140_DCM_C,SAMN37516562,GOMECC4_CAPECORAL_Sta140_DCM_C_18S,2021-10-20T09:23-04:00,CTD rosette,CAPECORAL_Sta140,"Mexico, Gulf of",USA: Gulf of Mexico,69,25.658,-84.715,299
GOMECC4_CAPECORAL_Sta140_Deep_A,SAMN37516557,GOMECC4_CAPECORAL_Sta140_Deep_A_18S,2021-10-20T09:23-04:00,CTD rosette,CAPECORAL_Sta140,"Mexico, Gulf of",USA: Gulf of Mexico,1087,25.658,-84.715,291
GOMECC4_CAPECORAL_Sta140_Deep_B,SAMN37516558,GOMECC4_CAPECORAL_Sta140_Deep_B_18S,2021-10-20T09:23-04:00,CTD rosette,CAPECORAL_Sta140,"Mexico, Gulf of",USA: Gulf of Mexico,1087,25.658,-84.715,299
GOMECC4_CAPECORAL_Sta140_Deep_C,SAMN37516559,GOMECC4_CAPECORAL_Sta140_Deep_C_18S,2021-10-20T09:23-04:00,CTD rosette,CAPECORAL_Sta140,"Mexico, Gulf of",USA: Gulf of Mexico,1087,25.658,-84.715,356
GOMECC4_CAPECORAL_Sta140_Surface_A,SAMN37516563,GOMECC4_CAPECORAL_Sta140_Surface_A_18S,2021-10-20T09:23-04:00,CTD rosette,CAPECORAL_Sta140,"Mexico, Gulf of",USA: Gulf of Mexico,5,25.658,-84.715,305
GOMECC4_CAPECORAL_Sta140_Surface_B,SAMN37516564,GOMECC4_CAPECORAL_Sta140_Surface_B_18S,2021-10-20T09:23-04:00,CTD rosette,CAPECORAL_Sta140,"Mexico, Gulf of",USA: Gulf of Mexico,5,25.658,-84.715,350
GOMECC4_CAPECORAL_Sta140_Surface_C,SAMN37516565,GOMECC4_CAPECORAL_Sta140_Surface_C_18S,2021-10-20T09:23-04:00,CTD rosette,CAPECORAL_Sta140,"Mexico, Gulf of",USA: Gulf of Mexico,5,25.658,-84.715,380
GOMECC4_CAPECORAL_Sta141_DCM_A,SAMN37516569,GOMECC4_CAPECORAL_Sta141_DCM_A_18S,2021-10-20T12:47-04:00,CTD rosette,CAPECORAL_Sta141,"Mexico, Gulf of",USA: Gulf of Mexico,59,25.574,-84.843,361
GOMECC4_CAPECORAL_Sta141_DCM_B,SAMN37516570,GOMECC4_CAPECORAL_Sta141_DCM_B_18S,2021-10-20T12:47-04:00,CTD rosette,CAPECORAL_Sta141,"Mexico, Gulf of",USA: Gulf of Mexico,59,25.574,-84.843,357
GOMECC4_CAPECORAL_Sta141_DCM_C,SAMN37516571,GOMECC4_CAPECORAL_Sta141_DCM_C_18S,2021-10-20T12:47-04:00,CTD rosette,CAPECORAL_Sta141,"Mexico, Gulf of",USA: Gulf of Mexico,59,25.574,-84.843,247
GOMECC4_CAPECORAL_Sta141_Deep_A,SAMN37516566,GOMECC4_CAPECORAL_Sta141_Deep_A_18S,2021-10-20T12:47-04:00,CTD rosette,CAPECORAL_Sta141,"Mexico, Gulf of",USA: Gulf of Mexico,3326,25.574,-84.843,232
GOMECC4_CAPECORAL_Sta141_Deep_B,SAMN37516567,GOMECC4_CAPECORAL_Sta141_Deep_B_18S,2021-10-20T12:47-04:00,CTD rosette,CAPECORAL_Sta141,"Mexico, Gulf of",USA: Gulf of Mexico,3326,25.574,-84.843,278
GOMECC4_CAPECORAL_Sta141_Deep_C,SAMN37516568,GOMECC4_CAPECORAL_Sta141_Deep_C_18S,2021-10-20T12:47-04:00,CTD rosette,CAPECORAL_Sta141,"Mexico, Gulf of",USA: Gulf of Mexico,3326,25.574,-84.843,283
GOMECC4_CAPECORAL_Sta141_Surface_A,SAMN37516572,GOMECC4_CAPECORAL_Sta141_Surface_A_18S,2021-10-20T12:47-04:00,CTD rosette,CAPECORAL_Sta141,"Mexico, Gulf of",USA: Gulf of Mexico,4,25.574,-84.843,401
GOMECC4_CAPECORAL_Sta141_Surface_B,SAMN37516573,GOMECC4_CAPECORAL_Sta141_Surface_B_18S,2021-10-20T12:47-04:00,CTD rosette,CAPECORAL_Sta141,"Mexico, Gulf of",USA: Gulf of Mexico,4,25.574,-84.843,294
GOMECC4_CAPECORAL_Sta141_Surface_C,SAMN37516574,GOMECC4_CAPECORAL_Sta141_Surface_C_18S,2021-10-20T12:47-04:00,CTD rosette,CAPECORAL_Sta141,"Mexico, Gulf of",USA: Gulf of Mexico,4,25.574,-84.843,416
GOMECC4_CATOCHE_Sta107_DCM_A,SAMN37516458,GOMECC4_CATOCHE_Sta107_DCM_A_18S,2021-10-14T13:47-04:00,CTD rosette,CATOCHE_Sta107,"Mexico, Gulf of",Mexico: Gulf of Mexico,99,23.088,-86.273,385
GOMECC4_CATOCHE_Sta107_DCM_B,SAMN37516459,GOMECC4_CATOCHE_Sta107_DCM_B_18S,2021-10-14T13:47-04:00,CTD rosette,CATOCHE_Sta107,"Mexico, Gulf of",Mexico: Gulf of Mexico,99,23.088,-86.273,346
GOMECC4_CATOCHE_Sta107_DCM_C,SAMN37516460,GOMECC4_CATOCHE_Sta107_DCM_C_18S,2021-10-14T13:47-04:00,CTD rosette,CATOCHE_Sta107,"Mexico, Gulf of",Mexico: Gulf of Mexico,99,23.088,-86.273,386
GOMECC4_CATOCHE_Sta107_Deep_A,SAMN37516455,GOMECC4_CATOCHE_Sta107_Deep_A_18S,2021-10-14T13:47-04:00,CTD rosette,CATOCHE_Sta107,"Mexico, Gulf of",Mexico: Gulf of Mexico,1220,23.088,-86.273,84
GOMECC4_CATOCHE_Sta107_Deep_B,SAMN37516456,GOMECC4_CATOCHE_Sta107_Deep_B_18S,2021-10-14T13:47-04:00,CTD rosette,CATOCHE_Sta107,"Mexico, Gulf of",Mexico: Gulf of Mexico,1220,23.088,-86.273,324
GOMECC4_CATOCHE_Sta107_Deep_C,SAMN37516457,GOMECC4_CATOCHE_Sta107_Deep_C_18S,2021-10-14T13:47-04:00,CTD rosette,CATOCHE_Sta107,"Mexico, Gulf of",Mexico: Gulf of Mexico,1220,23.088,-86.273,235
GOMECC4_CATOCHE_Sta107_Surface_A,SAMN37516461,GOMECC4_CATOCHE_Sta107_Surface_A_18S,2021-10-14T13:47-04:00,CTD rosette,CATOCHE_Sta107,"Mexico, Gulf of",Mexico: Gulf of Mexico,3,23.088,-86.273,358
GOMECC4_CATOCHE_Sta107_Surface_B,SAMN37516462,GOMECC4_CATOCHE_Sta107_Surface_B_18S,2021-10-14T13:47-04:00,CTD rosette,CATOCHE_Sta107,"Mexico, Gulf of",Mexico: Gulf of Mexico,3,23.088,-86.273,267
GOMECC4_CATOCHE_Sta107_Surface_C,SAMN37516463,GOMECC4_CATOCHE_Sta107_Surface_C_18S,2021-10-14T13:47-04:00,CTD rosette,CATOCHE_Sta107,"Mexico, Gulf of",Mexico: Gulf of Mexico,3,23.088,-86.273,336
GOMECC4_CATOCHE_Sta109_DCM_A,SAMN37516467,GOMECC4_CATOCHE_Sta109_DCM_A_18S,2021-10-14T21:45-04:00,CTD rosette,CATOCHE_Sta109,"Mexico, Gulf of",Mexico: Gulf of Mexico,74,22.734,-86.49,437
GOMECC4_CATOCHE_Sta109_DCM_B,SAMN37516468,GOMECC4_CATOCHE_Sta109_DCM_B_18S,2021-10-14T21:45-04:00,CTD rosette,CATOCHE_Sta109,"Mexico, Gulf of",Mexico: Gulf of Mexico,74,22.734,-86.49,364
GOMECC4_CATOCHE_Sta109_DCM_C,SAMN37516469,GOMECC4_CATOCHE_Sta109_DCM_C_18S,2021-10-14T21:45-04:00,CTD rosette,CATOCHE_Sta109,"Mexico, Gulf of",Mexico: Gulf of Mexico,74,22.734,-86.49,353
GOMECC4_CATOCHE_Sta109_Deep_A,SAMN37516464,GOMECC4_CATOCHE_Sta109_Deep_A_18S,2021-10-14T21:45-04:00,CTD rosette,CATOCHE_Sta109,"Mexico, Gulf of",Mexico: Gulf of Mexico,652,22.734,-86.49,419
GOMECC4_CATOCHE_Sta109_Deep_B,SAMN37516465,GOMECC4_CATOCHE_Sta109_Deep_B_18S,2021-10-14T21:45-04:00,CTD rosette,CATOCHE_Sta109,"Mexico, Gulf of",Mexico: Gulf of Mexico,652,22.734,-86.49,471
GOMECC4_CATOCHE_Sta109_Deep_C,SAMN37516466,GOMECC4_CATOCHE_Sta109_Deep_C_18S,2021-10-14T21:45-04:00,CTD rosette,CATOCHE_Sta109,"Mexico, Gulf of",Mexico: Gulf of Mexico,652,22.734,-86.49,347
GOMECC4_CATOCHE_Sta109_Surface_A,SAMN37516470,GOMECC4_CATOCHE_Sta109_Surface_A_18S,2021-10-14T21:45-04:00,CTD rosette,CATOCHE_Sta109,"Mexico, Gulf of",Mexico: Gulf of Mexico,3,22.734,-86.49,383
GOMECC4_CATOCHE_Sta109_Surface_B,SAMN37516471,GOMECC4_CATOCHE_Sta109_Surface_B_18S,2021-10-14T21:45-04:00,CTD rosette,CATOCHE_Sta109,"Mexico, Gulf of",Mexico: Gulf of Mexico,3,22.734,-86.49,380
GOMECC4_CATOCHE_Sta109_Surface_C,SAMN37516472,GOMECC4_CATOCHE_Sta109_Surface_C_18S,2021-10-14T21:45-04:00,CTD rosette,CATOCHE_Sta109,"Mexico, Gulf of",Mexico: Gulf of Mexico,3,22.734,-86.49,421
GOMECC4_CATOCHE_Sta115_DCM_A,SAMN37516476,GOMECC4_CATOCHE_Sta115_DCM_A_18S,2021-10-15T12:40-04:00,CTD rosette,CATOCHE_Sta115,"Mexico, Gulf of",Mexico: Gulf of Mexico,10,21.948,-86.992,333
GOMECC4_CATOCHE_Sta115_DCM_B,SAMN37516477,GOMECC4_CATOCHE_Sta115_DCM_B_18S,2021-10-15T12:40-04:00,CTD rosette,CATOCHE_Sta115,"Mexico, Gulf of",Mexico: Gulf of Mexico,10,21.948,-86.992,346
GOMECC4_CATOCHE_Sta115_DCM_C,SAMN37516478,GOMECC4_CATOCHE_Sta115_DCM_C_18S,2021-10-15T12:40-04:00,CTD rosette,CATOCHE_Sta115,"Mexico, Gulf of",Mexico: Gulf of Mexico,10,21.948,-86.992,274
GOMECC4_CATOCHE_Sta115_Deep_A,SAMN37516473,GOMECC4_CATOCHE_Sta115_Deep_A_18S,2021-10-15T12:40-04:00,CTD rosette,CATOCHE_Sta115,"Mexico, Gulf of",Mexico: Gulf of Mexico,22,21.948,-86.992,257
GOMECC4_CATOCHE_Sta115_Deep_B,SAMN37516474,GOMECC4_CATOCHE_Sta115_Deep_B_18S,2021-10-15T12:40-04:00,CTD rosette,CATOCHE_Sta115,"Mexico, Gulf of",Mexico: Gulf of Mexico,22,21.948,-86.992,270
GOMECC4_CATOCHE_Sta115_Deep_C,SAMN37516475,GOMECC4_CATOCHE_Sta115_Deep_C_18S,2021-10-15T12:40-04:00,CTD rosette,CATOCHE_Sta115,"Mexico, Gulf of",Mexico: Gulf of Mexico,22,21.948,-86.992,295
GOMECC4_CATOCHE_Sta115_Surface_A,SAMN37516479,GOMECC4_CATOCHE_Sta115_Surface_A_18S,2021-10-15T12:40-04:00,CTD rosette,CATOCHE_Sta115,"Mexico, Gulf of",Mexico: Gulf of Mexico,3,21.948,-86.992,275
GOMECC4_CATOCHE_Sta115_Surface_B,SAMN37516480,GOMECC4_CATOCHE_Sta115_Surface_B_18S,2021-10-15T12:40-04:00,CTD rosette,CATOCHE_Sta115,"Mexico, Gulf of",Mexico: Gulf of Mexico,3,21.948,-86.992,294
GOMECC4_CATOCHE_Sta115_Surface_C,SAMN37516481,GOMECC4_CATOCHE_Sta115_Surface_C_18S,2021-10-15T12:40-04:00,CTD rosette,CATOCHE_Sta115,"Mexico, Gulf of",Mexico: Gulf of Mexico,3,21.948,-86.992,233
GOMECC4_FLSTRAITS_Sta121_DCM_A,SAMN37516506,GOMECC4_FLSTRAITS_Sta121_DCM_A_18S,2021-10-17T14:30-04:00,CTD rosette,FLSTRAITS_Sta121,"Mexico, Gulf of",USA: Straits of Florida,91,24.4,-80.625,412
GOMECC4_FLSTRAITS_Sta121_DCM_B,SAMN37516507,GOMECC4_FLSTRAITS_Sta121_DCM_B_18S,2021-10-17T14:30-04:00,CTD rosette,FLSTRAITS_Sta121,"Mexico, Gulf of",USA: Straits of Florida,91,24.4,-80.625,328
GOMECC4_FLSTRAITS_Sta121_DCM_C,SAMN37516508,GOMECC4_FLSTRAITS_Sta121_DCM_C_18S,2021-10-17T14:30-04:00,CTD rosette,FLSTRAITS_Sta121,"Mexico, Gulf of",USA: Straits of Florida,91,24.4,-80.625,317
GOMECC4_FLSTRAITS_Sta121_Deep_A,SAMN37516503,GOMECC4_FLSTRAITS_Sta121_Deep_A_18S,2021-10-17T14:30-04:00,CTD rosette,FLSTRAITS_Sta121,"Mexico, Gulf of",USA: Straits of Florida,358,24.4,-80.625,327
GOMECC4_FLSTRAITS_Sta121_Deep_B,SAMN37516504,GOMECC4_FLSTRAITS_Sta121_Deep_B_18S,2021-10-17T14:30-04:00,CTD rosette,FLSTRAITS_Sta121,"Mexico, Gulf of",USA: Straits of Florida,358,24.4,-80.625,276
GOMECC4_FLSTRAITS_Sta121_Deep_C,SAMN37516505,GOMECC4_FLSTRAITS_Sta121_Deep_C_18S,2021-10-17T14:30-04:00,CTD rosette,FLSTRAITS_Sta121,"Mexico, Gulf of",USA: Straits of Florida,358,24.4,-80.625,345
GOMECC4_FLSTRAITS_Sta121_Surface_A,SAMN37516509,GOMECC4_FLSTRAITS_Sta121_Surface_A_18S,2021-10-17T14:30-04:00,CTD rosette,FLSTRAITS_Sta121,"Mexico, Gulf of",USA: Straits of Florida,2,24.4,-80.625,281
GOMECC4_FLSTRAITS_Sta121_Surface_B,SAMN37516510,GOMECC4_FLSTRAITS_Sta121_Surface_B_18S,2021-10-17T14:30-04:00,CTD rosette,FLSTRAITS_Sta121,"Mexico, Gulf of",USA: Straits of Florida,2,24.4,-80.625,438
GOMECC4_FLSTRAITS_Sta121_Surface_C,SAMN37516511,GOMECC4_FLSTRAITS_Sta121_Surface_C_18S,2021-10-17T14:30-04:00,CTD rosette,FLSTRAITS_Sta121,"Mexico, Gulf of",USA: Straits of Florida,2,24.4,-80.625,409
GOMECC4_FLSTRAITS_Sta122_DCM_A,SAMN37516515,GOMECC4_FLSTRAITS_Sta122_DCM_A_18S,2021-10-17T16:39-04:00,CTD rosette,FLSTRAITS_Sta122,"Mexico, Gulf of",USA: Straits of Florida,79,24.517,-80.63,384
GOMECC4_FLSTRAITS_Sta122_DCM_B,SAMN37516516,GOMECC4_FLSTRAITS_Sta122_DCM_B_18S,2021-10-17T16:39-04:00,CTD rosette,FLSTRAITS_Sta122,"Mexico, Gulf of",USA: Straits of Florida,79,24.517,-80.63,393
GOMECC4_FLSTRAITS_Sta122_DCM_C,SAMN37516517,GOMECC4_FLSTRAITS_Sta122_DCM_C_18S,2021-10-17T16:39-04:00,CTD rosette,FLSTRAITS_Sta122,"Mexico, Gulf of",USA: Straits of Florida,79,24.517,-80.63,290
GOMECC4_FLSTRAITS_Sta122_Deep_A,SAMN37516512,GOMECC4_FLSTRAITS_Sta122_Deep_A_18S,2021-10-17T16:39-04:00,CTD rosette,FLSTRAITS_Sta122,"Mexico, Gulf of",USA: Straits of Florida,234,24.517,-80.63,400
GOMECC4_FLSTRAITS_Sta122_Deep_B,SAMN37516513,GOMECC4_FLSTRAITS_Sta122_Deep_B_18S,2021-10-17T16:39-04:00,CTD rosette,FLSTRAITS_Sta122,"Mexico, Gulf of",USA: Straits of Florida,234,24.517,-80.63,322
GOMECC4_FLSTRAITS_Sta122_Deep_C,SAMN37516514,GOMECC4_FLSTRAITS_Sta122_Deep_C_18S,2021-10-17T16:39-04:00,CTD rosette,FLSTRAITS_Sta122,"Mexico, Gulf of",USA: Straits of Florida,234,24.517,-80.63,433
GOMECC4_FLSTRAITS_Sta122_Surface_A,SAMN37516518,GOMECC4_FLSTRAITS_Sta122_Surface_A_18S,2021-10-17T16:39-04:00,CTD rosette,FLSTRAITS_Sta122,"Mexico, Gulf of",USA: Straits of Florida,3,24.517,-80.63,339
GOMECC4_FLSTRAITS_Sta122_Surface_B,SAMN37516519,GOMECC4_FLSTRAITS_Sta122_Surface_B_18S,2021-10-17T16:39-04:00,CTD rosette,FLSTRAITS_Sta122,"Mexico, Gulf of",USA: Straits of Florida,3,24.517,-80.63,273
GOMECC4_FLSTRAITS_Sta122_Surface_C,SAMN37516520,GOMECC4_FLSTRAITS_Sta122_Surface_C_18S,2021-10-17T16:39-04:00,CTD rosette,FLSTRAITS_Sta122,"Mexico, Gulf of",USA: Straits of Florida,3,24.517,-80.63,318
GOMECC4_FLSTRAITS_Sta123_DCM_A,SAMN37516524,GOMECC4_FLSTRAITS_Sta123_DCM_A_18S,2021-10-17T19:06-04:00,CTD rosette,FLSTRAITS_Sta123,"Mexico, Gulf of",USA: Straits of Florida,30,24.735,-80.622,293
GOMECC4_FLSTRAITS_Sta123_DCM_B,SAMN37516525,GOMECC4_FLSTRAITS_Sta123_DCM_B_18S,2021-10-17T19:06-04:00,CTD rosette,FLSTRAITS_Sta123,"Mexico, Gulf of",USA: Straits of Florida,30,24.735,-80.622,314
GOMECC4_FLSTRAITS_Sta123_DCM_C,SAMN37516526,GOMECC4_FLSTRAITS_Sta123_DCM_C_18S,2021-10-17T19:06-04:00,CTD rosette,FLSTRAITS_Sta123,"Mexico, Gulf of",USA: Straits of Florida,30,24.735,-80.622,265
GOMECC4_FLSTRAITS_Sta123_Deep_A,SAMN37516521,GOMECC4_FLSTRAITS_Sta123_Deep_A_18S,2021-10-17T19:06-04:00,CTD rosette,FLSTRAITS_Sta123,"Mexico, Gulf of",USA: Straits of Florida,135,24.735,-80.622,357
GOMECC4_FLSTRAITS_Sta123_Deep_B,SAMN37516522,GOMECC4_FLSTRAITS_Sta123_Deep_B_18S,2021-10-17T19:06-04:00,CTD rosette,FLSTRAITS_Sta123,"Mexico, Gulf of",USA: Straits of Florida,135,24.735,-80.622,367
GOMECC4_FLSTRAITS_Sta123_Deep_C,SAMN37516523,GOMECC4_FLSTRAITS_Sta123_Deep_C_18S,2021-10-17T19:06-04:00,CTD rosette,FLSTRAITS_Sta123,"Mexico, Gulf of",USA: Straits of Florida,135,24.735,-80.622,266
GOMECC4_FLSTRAITS_Sta123_Surface_A,SAMN37516527,GOMECC4_FLSTRAITS_Sta123_Surface_A_18S,2021-10-17T19:06-04:00,CTD rosette,FLSTRAITS_Sta123,"Mexico, Gulf of",USA: Straits of Florida,3,24.735,-80.622,295
GOMECC4_FLSTRAITS_Sta123_Surface_B,SAMN37516528,GOMECC4_FLSTRAITS_Sta123_Surface_B_18S,2021-10-17T19:06-04:00,CTD rosette,FLSTRAITS_Sta123,"Mexico, Gulf of",USA: Straits of Florida,3,24.735,-80.622,336
GOMECC4_FLSTRAITS_Sta123_Surface_C,SAMN37516529,GOMECC4_FLSTRAITS_Sta123_Surface_C_18S,2021-10-17T19:06-04:00,CTD rosette,FLSTRAITS_Sta123,"Mexico, Gulf of",USA: Straits of Florida,3,24.735,-80.622,350
GOMECC4_GALVESTON_Sta49_DCM_A,SAMN37516249,GOMECC4_GALVESTON_Sta49_DCM_A_18S,2021-09-27T08:15-04:00,CTD rosette,GALVESTON_Sta49,"Mexico, Gulf of",USA: Gulf of Mexico,38,27.92,-93.579,302
GOMECC4_GALVESTON_Sta49_DCM_B,SAMN37516250,GOMECC4_GALVESTON_Sta49_DCM_B_18S,2021-09-27T08:15-04:00,CTD rosette,GALVESTON_Sta49,"Mexico, Gulf of",USA: Gulf of Mexico,38,27.92,-93.579,226
GOMECC4_GALVESTON_Sta49_DCM_C,SAMN37516251,GOMECC4_GALVESTON_Sta49_DCM_C_18S,2021-09-27T08:15-04:00,CTD rosette,GALVESTON_Sta49,"Mexico, Gulf of",USA: Gulf of Mexico,38,27.92,-93.579,395
GOMECC4_GALVESTON_Sta49_Deep_A,SAMN37516246,GOMECC4_GALVESTON_Sta49_Deep_A_18S,2021-09-27T08:15-04:00,CTD rosette,GALVESTON_Sta49,"Mexico, Gulf of",USA: Gulf of Mexico,67,27.92,-93.579,310
GOMECC4_GALVESTON_Sta49_Deep_B,SAMN37516247,GOMECC4_GALVESTON_Sta49_Deep_B_18S,2021-09-27T08:15-04:00,CTD rosette,GALVESTON_Sta49,"Mexico, Gulf of",USA: Gulf of Mexico,67,27.92,-93.579,309
GOMECC4_GALVESTON_Sta49_Deep_C,SAMN37516248,GOMECC4_GALVESTON_Sta49_Deep_C_18S,2021-09-27T08:15-04:00,CTD rosette,GALVESTON_Sta49,"Mexico, Gulf of",USA: Gulf of Mexico,67,27.92,-93.579,390
GOMECC4_GALVESTON_Sta49_Surface_A,SAMN37516252,GOMECC4_GALVESTON_Sta49_Surface_A_18S,2021-09-27T08:15-04:00,CTD rosette,GALVESTON_Sta49,"Mexico, Gulf of",USA: Gulf of Mexico,3,27.92,-93.579,366
GOMECC4_GALVESTON_Sta49_Surface_B,SAMN37516253,GOMECC4_GALVESTON_Sta49_Surface_B_18S,2021-09-27T08:15-04:00,CTD rosette,GALVESTON_Sta49,"Mexico, Gulf of",USA: Gulf of Mexico,3,27.92,-93.579,370
GOMECC4_GALVESTON_Sta49_Surface_C,SAMN37516254,GOMECC4_GALVESTON_Sta49_Surface_C_18S,2021-09-27T08:15-04:00,CTD rosette,GALVESTON_Sta49,"Mexico, Gulf of",USA: Gulf of Mexico,3,27.92,-93.579,271
GOMECC4_GALVESTON_Sta50_DCM_A,SAMN37516258,GOMECC4_GALVESTON_Sta50_DCM_A_18S,2021-09-27T10:45-04:00,CTD rosette,GALVESTON_Sta50,"Mexico, Gulf of",USA: Gulf of Mexico,68,27.87,-93.831,449
GOMECC4_GALVESTON_Sta50_DCM_B,SAMN37516259,GOMECC4_GALVESTON_Sta50_DCM_B_18S,2021-09-27T10:45-04:00,CTD rosette,GALVESTON_Sta50,"Mexico, Gulf of",USA: Gulf of Mexico,68,27.87,-93.831,476
GOMECC4_GALVESTON_Sta50_DCM_C,SAMN37516260,GOMECC4_GALVESTON_Sta50_DCM_C_18S,2021-09-27T10:45-04:00,CTD rosette,GALVESTON_Sta50,"Mexico, Gulf of",USA: Gulf of Mexico,68,27.87,-93.831,359
GOMECC4_GALVESTON_Sta50_Deep_A,SAMN37516261,GOMECC4_GALVESTON_Sta50_Deep_A_18S,2021-09-27T10:45-04:00,CTD rosette,GALVESTON_Sta50,"Mexico, Gulf of",USA: Gulf of Mexico,88,27.87,-93.831,374
GOMECC4_GALVESTON_Sta50_Deep_B,SAMN37516262,GOMECC4_GALVESTON_Sta50_Deep_B_18S,2021-09-27T10:45-04:00,CTD rosette,GALVESTON_Sta50,"Mexico, Gulf of",USA: Gulf of Mexico,88,27.87,-93.831,408
GOMECC4_GALVESTON_Sta50_Deep_C,SAMN37516263,GOMECC4_GALVESTON_Sta50_Deep_C_18S,2021-09-27T10:45-04:00,CTD rosette,GALVESTON_Sta50,"Mexico, Gulf of",USA: Gulf of Mexico,88,27.87,-93.831,395
GOMECC4_GALVESTON_Sta50_Surface_A,SAMN37516255,GOMECC4_GALVESTON_Sta50_Surface_A_18S,2021-09-27T10:45-04:00,CTD rosette,GALVESTON_Sta50,"Mexico, Gulf of",USA: Gulf of Mexico,2,27.87,-93.831,390
GOMECC4_GALVESTON_Sta50_Surface_B,SAMN37516256,GOMECC4_GALVESTON_Sta50_Surface_B_18S,2021-09-27T10:45-04:00,CTD rosette,GALVESTON_Sta50,"Mexico, Gulf of",USA: Gulf of Mexico,2,27.87,-93.831,338
GOMECC4_GALVESTON_Sta50_Surface_C,SAMN37516257,GOMECC4_GALVESTON_Sta50_Surface_C_18S,2021-09-27T10:45-04:00,CTD rosette,GALVESTON_Sta50,"Mexico, Gulf of",USA: Gulf of Mexico,2,27.87,-93.831,352
GOMECC4_GALVESTON_Sta54_DCM_A,SAMN37516267,GOMECC4_GALVESTON_Sta54_DCM_A_18S,2021-09-28T08:36-04:00,CTD rosette,GALVESTON_Sta54,"Mexico, Gulf of",USA: Gulf of Mexico,73,27.5,-95.004,448
GOMECC4_GALVESTON_Sta54_DCM_B,SAMN37516268,GOMECC4_GALVESTON_Sta54_DCM_B_18S,2021-09-28T08:36-04:00,CTD rosette,GALVESTON_Sta54,"Mexico, Gulf of",USA: Gulf of Mexico,73,27.5,-95.004,383
GOMECC4_GALVESTON_Sta54_DCM_C,SAMN37516269,GOMECC4_GALVESTON_Sta54_DCM_C_18S,2021-09-28T08:36-04:00,CTD rosette,GALVESTON_Sta54,"Mexico, Gulf of",USA: Gulf of Mexico,73,27.5,-95.004,374
GOMECC4_GALVESTON_Sta54_Deep_A,SAMN37516264,GOMECC4_GALVESTON_Sta54_Deep_A_18S,2021-09-28T08:36-04:00,CTD rosette,GALVESTON_Sta54,"Mexico, Gulf of",USA: Gulf of Mexico,869,27.5,-95.004,329
GOMECC4_GALVESTON_Sta54_Deep_B,SAMN37516265,GOMECC4_GALVESTON_Sta54_Deep_B_18S,2021-09-28T08:36-04:00,CTD rosette,GALVESTON_Sta54,"Mexico, Gulf of",USA: Gulf of Mexico,869,27.5,-95.004,279
GOMECC4_GALVESTON_Sta54_Deep_C,SAMN37516266,GOMECC4_GALVESTON_Sta54_Deep_C_18S,2021-09-28T08:36-04:00,CTD rosette,GALVESTON_Sta54,"Mexico, Gulf of",USA: Gulf of Mexico,869,27.5,-95.004,288
GOMECC4_GALVESTON_Sta54_Surface_A,SAMN37516270,GOMECC4_GALVESTON_Sta54_Surface_A_18S,2021-09-28T08:36-04:00,CTD rosette,GALVESTON_Sta54,"Mexico, Gulf of",USA: Gulf of Mexico,3,27.5,-95.004,290
GOMECC4_GALVESTON_Sta54_Surface_B,SAMN37516271,GOMECC4_GALVESTON_Sta54_Surface_B_18S,2021-09-28T08:36-04:00,CTD rosette,GALVESTON_Sta54,"Mexico, Gulf of",USA: Gulf of Mexico,3,27.5,-95.004,292
GOMECC4_GALVESTON_Sta54_Surface_C,SAMN37516272,GOMECC4_GALVESTON_Sta54_Surface_C_18S,2021-09-28T08:36-04:00,CTD rosette,GALVESTON_Sta54,"Mexico, Gulf of",USA: Gulf of Mexico,3,27.5,-95.004,289
GOMECC4_GALVESTON_Sta59_DCM_A,SAMN37516276,GOMECC4_GALVESTON_Sta59_DCM_A_18S,2021-09-29T08:00-04:00,CTD rosette,GALVESTON_Sta59,"Mexico, Gulf of",USA: Gulf of Mexico,9,28.683,-95.0,243
GOMECC4_GALVESTON_Sta59_DCM_B,SAMN37516277,GOMECC4_GALVESTON_Sta59_DCM_B_18S,2021-09-29T08:00-04:00,CTD rosette,GALVESTON_Sta59,"Mexico, Gulf of",USA: Gulf of Mexico,9,28.683,-95.0,233
GOMECC4_GALVESTON_Sta59_DCM_C,SAMN37516278,GOMECC4_GALVESTON_Sta59_DCM_C_18S,2021-09-29T08:00-04:00,CTD rosette,GALVESTON_Sta59,"Mexico, Gulf of",USA: Gulf of Mexico,9,28.683,-95.0,241
GOMECC4_GALVESTON_Sta59_Deep_A,SAMN37516273,GOMECC4_GALVESTON_Sta59_Deep_A_18S,2021-09-29T08:00-04:00,CTD rosette,GALVESTON_Sta59,"Mexico, Gulf of",USA: Gulf of Mexico,22,28.683,-95.0,265
GOMECC4_GALVESTON_Sta59_Deep_B,SAMN37516274,GOMECC4_GALVESTON_Sta59_Deep_B_18S,2021-09-29T08:00-04:00,CTD rosette,GALVESTON_Sta59,"Mexico, Gulf of",USA: Gulf of Mexico,22,28.683,-95.0,277
GOMECC4_GALVESTON_Sta59_Deep_C,SAMN37516275,GOMECC4_GALVESTON_Sta59_Deep_C_18S,2021-09-29T08:00-04:00,CTD rosette,GALVESTON_Sta59,"Mexico, Gulf of",USA: Gulf of Mexico,22,28.683,-95.0,230
GOMECC4_GALVESTON_Sta59_Surface_A,SAMN37516279,GOMECC4_GALVESTON_Sta59_Surface_A_18S,2021-09-29T08:00-04:00,CTD rosette,GALVESTON_Sta59,"Mexico, Gulf of",USA: Gulf of Mexico,3,28.683,-95.0,212
GOMECC4_GALVESTON_Sta59_Surface_B,SAMN37516280,GOMECC4_GALVESTON_Sta59_Surface_B_18S,2021-09-29T08:00-04:00,CTD rosette,GALVESTON_Sta59,"Mexico, Gulf of",USA: Gulf of Mexico,3,28.683,-95.0,267
GOMECC4_GALVESTON_Sta59_Surface_C,SAMN37516281,GOMECC4_GALVESTON_Sta59_Surface_C_18S,2021-09-29T08:00-04:00,CTD rosette,GALVESTON_Sta59,"Mexico, Gulf of",USA: Gulf of Mexico,3,28.683,-95.0,226
GOMECC4_LA_Sta38_DCM_A,SAMN37516213,GOMECC4_LA_Sta38_DCM_A_18S,2021-09-25T10:05-04:00,CTD rosette,LA_Sta38,"Mexico, Gulf of",USA: Gulf of Mexico,63,27.584,-89.999,405
GOMECC4_LA_Sta38_DCM_B,SAMN37516214,GOMECC4_LA_Sta38_DCM_B_18S,2021-09-25T10:05-04:00,CTD rosette,LA_Sta38,"Mexico, Gulf of",USA: Gulf of Mexico,63,27.584,-89.999,422
GOMECC4_LA_Sta38_DCM_C,SAMN37516215,GOMECC4_LA_Sta38_DCM_C_18S,2021-09-25T10:05-04:00,CTD rosette,LA_Sta38,"Mexico, Gulf of",USA: Gulf of Mexico,63,27.584,-89.999,405
GOMECC4_LA_Sta38_Deep_A,SAMN37516210,GOMECC4_LA_Sta38_Deep_A_18S,2021-09-25T10:05-04:00,CTD rosette,LA_Sta38,"Mexico, Gulf of",USA: Gulf of Mexico,1232,27.584,-89.999,291
GOMECC4_LA_Sta38_Deep_B,SAMN37516211,GOMECC4_LA_Sta38_Deep_B_18S,2021-09-25T10:05-04:00,CTD rosette,LA_Sta38,"Mexico, Gulf of",USA: Gulf of Mexico,1232,27.584,-89.999,405
GOMECC4_LA_Sta38_Deep_C,SAMN37516212,GOMECC4_LA_Sta38_Deep_C_18S,2021-09-25T10:05-04:00,CTD rosette,LA_Sta38,"Mexico, Gulf of",USA: Gulf of Mexico,1232,27.584,-89.999,414
GOMECC4_LA_Sta38_Surface_A,SAMN37516216,GOMECC4_LA_Sta38_Surface_A_18S,2021-09-25T10:05-04:00,CTD rosette,LA_Sta38,"Mexico, Gulf of",USA: Gulf of Mexico,3,27.584,-89.999,285
GOMECC4_LA_Sta38_Surface_B,SAMN37516217,GOMECC4_LA_Sta38_Surface_B_18S,2021-09-25T10:05-04:00,CTD rosette,LA_Sta38,"Mexico, Gulf of",USA: Gulf of Mexico,3,27.584,-89.999,351
GOMECC4_LA_Sta38_Surface_C,SAMN37516218,GOMECC4_LA_Sta38_Surface_C_18S,2021-09-25T10:05-04:00,CTD rosette,LA_Sta38,"Mexico, Gulf of",USA: Gulf of Mexico,3,27.584,-89.999,472
GOMECC4_LA_Sta39_DCM_A,SAMN37516222,GOMECC4_LA_Sta39_DCM_A_18S,2021-09-25T16:55-04:00,CTD rosette,LA_Sta39,"Mexico, Gulf of",USA: Gulf of Mexico,63,27.737,-89.999,332
GOMECC4_LA_Sta39_DCM_B,SAMN37516223,GOMECC4_LA_Sta39_DCM_B_18S,2021-09-25T16:55-04:00,CTD rosette,LA_Sta39,"Mexico, Gulf of",USA: Gulf of Mexico,63,27.737,-89.999,366
GOMECC4_LA_Sta39_DCM_C,SAMN37516224,GOMECC4_LA_Sta39_DCM_C_18S,2021-09-25T16:55-04:00,CTD rosette,LA_Sta39,"Mexico, Gulf of",USA: Gulf of Mexico,63,27.737,-89.999,384
GOMECC4_LA_Sta39_Deep_A,SAMN37516219,GOMECC4_LA_Sta39_Deep_A_18S,2021-09-25T16:55-04:00,CTD rosette,LA_Sta39,"Mexico, Gulf of",USA: Gulf of Mexico,941,27.737,-89.999,404
GOMECC4_LA_Sta39_Deep_B,SAMN37516220,GOMECC4_LA_Sta39_Deep_B_18S,2021-09-25T16:55-04:00,CTD rosette,LA_Sta39,"Mexico, Gulf of",USA: Gulf of Mexico,941,27.737,-89.999,368
GOMECC4_LA_Sta39_Deep_C,SAMN37516221,GOMECC4_LA_Sta39_Deep_C_18S,2021-09-25T16:55-04:00,CTD rosette,LA_Sta39,"Mexico, Gulf of",USA: Gulf of Mexico,941,27.737,-89.999,433
GOMECC4_LA_Sta39_Surface_A,SAMN37516225,GOMECC4_LA_Sta39_Surface_A_18S,2021-09-25T16:55-04:00,CTD rosette,LA_Sta39,"Mexico, Gulf of",USA: Gulf of Mexico,3,27.737,-89.999,380
GOMECC4_LA_Sta39_Surface_B,SAMN37516226,GOMECC4_LA_Sta39_Surface_B_18S,2021-09-25T16:55-04:00,CTD rosette,LA_Sta39,"Mexico, Gulf of",USA: Gulf of Mexico,3,27.737,-89.999,255
GOMECC4_LA_Sta39_Surface_C,SAMN37516227,GOMECC4_LA_Sta39_Surface_C_18S,2021-09-25T16:55-04:00,CTD rosette,LA_Sta39,"Mexico, Gulf of",USA: Gulf of Mexico,3,27.737,-89.999,381
GOMECC4_LA_Sta40_DCM_A,SAMN37516231,GOMECC4_LA_Sta40_DCM_A_18S,2021-09-25T19:28-04:00,CTD rosette,LA_Sta40,"Mexico, Gulf of",USA: Gulf of Mexico,39,27.91,-90.001,280
GOMECC4_LA_Sta40_DCM_B,SAMN37516232,GOMECC4_LA_Sta40_DCM_B_18S,2021-09-25T19:28-04:00,CTD rosette,LA_Sta40,"Mexico, Gulf of",USA: Gulf of Mexico,39,27.91,-90.001,281
GOMECC4_LA_Sta40_DCM_C,SAMN37516233,GOMECC4_LA_Sta40_DCM_C_18S,2021-09-25T19:28-04:00,CTD rosette,LA_Sta40,"Mexico, Gulf of",USA: Gulf of Mexico,39,27.91,-90.001,248
GOMECC4_LA_Sta40_Deep_A,SAMN37516228,GOMECC4_LA_Sta40_Deep_A_18S,2021-09-25T19:28-04:00,CTD rosette,LA_Sta40,"Mexico, Gulf of",USA: Gulf of Mexico,670,27.91,-90.001,377
GOMECC4_LA_Sta40_Deep_B,SAMN37516229,GOMECC4_LA_Sta40_Deep_B_18S,2021-09-25T19:28-04:00,CTD rosette,LA_Sta40,"Mexico, Gulf of",USA: Gulf of Mexico,670,27.91,-90.001,375
GOMECC4_LA_Sta40_Deep_C,SAMN37516230,GOMECC4_LA_Sta40_Deep_C_18S,2021-09-25T19:28-04:00,CTD rosette,LA_Sta40,"Mexico, Gulf of",USA: Gulf of Mexico,670,27.91,-90.001,390
GOMECC4_LA_Sta40_Surface_A,SAMN37516234,GOMECC4_LA_Sta40_Surface_A_18S,2021-09-25T19:28-04:00,CTD rosette,LA_Sta40,"Mexico, Gulf of",USA: Gulf of Mexico,3,27.91,-90.001,298
GOMECC4_LA_Sta40_Surface_B,SAMN37516235,GOMECC4_LA_Sta40_Surface_B_18S,2021-09-25T19:28-04:00,CTD rosette,LA_Sta40,"Mexico, Gulf of",USA: Gulf of Mexico,3,27.91,-90.001,245
GOMECC4_LA_Sta40_Surface_C,SAMN37516236,GOMECC4_LA_Sta40_Surface_C_18S,2021-09-25T19:28-04:00,CTD rosette,LA_Sta40,"Mexico, Gulf of",USA: Gulf of Mexico,3,27.91,-90.001,354
GOMECC4_LA_Sta45_DCM_A,SAMN37516240,GOMECC4_LA_Sta45_DCM_A_18S,2021-09-26T08:09-04:00,CTD rosette,LA_Sta45,"Mexico, Gulf of",USA: Gulf of Mexico,9,28.935,-90.123,302
GOMECC4_LA_Sta45_DCM_B,SAMN37516241,GOMECC4_LA_Sta45_DCM_B_18S,2021-09-26T08:09-04:00,CTD rosette,LA_Sta45,"Mexico, Gulf of",USA: Gulf of Mexico,9,28.935,-90.123,260
GOMECC4_LA_Sta45_DCM_C,SAMN37516242,GOMECC4_LA_Sta45_DCM_C_18S,2021-09-26T08:09-04:00,CTD rosette,LA_Sta45,"Mexico, Gulf of",USA: Gulf of Mexico,9,28.935,-90.123,195
GOMECC4_LA_Sta45_Deep_A,SAMN37516237,GOMECC4_LA_Sta45_Deep_A_18S,2021-09-26T08:09-04:00,CTD rosette,LA_Sta45,"Mexico, Gulf of",USA: Gulf of Mexico,20,28.935,-90.123,359
GOMECC4_LA_Sta45_Deep_B,SAMN37516238,GOMECC4_LA_Sta45_Deep_B_18S,2021-09-26T08:09-04:00,CTD rosette,LA_Sta45,"Mexico, Gulf of",USA: Gulf of Mexico,20,28.935,-90.123,403
GOMECC4_LA_Sta45_Deep_C,SAMN37516239,GOMECC4_LA_Sta45_Deep_C_18S,2021-09-26T08:09-04:00,CTD rosette,LA_Sta45,"Mexico, Gulf of",USA: Gulf of Mexico,20,28.935,-90.123,347
GOMECC4_LA_Sta45_Surface_A,SAMN37516243,GOMECC4_LA_Sta45_Surface_A_18S,2021-09-26T08:09-04:00,CTD rosette,LA_Sta45,"Mexico, Gulf of",USA: Gulf of Mexico,3,28.935,-90.123,167
GOMECC4_LA_Sta45_Surface_B,SAMN37516244,GOMECC4_LA_Sta45_Surface_B_18S,2021-09-26T08:09-04:00,CTD rosette,LA_Sta45,"Mexico, Gulf of",USA: Gulf of Mexico,3,28.935,-90.123,196
GOMECC4_LA_Sta45_Surface_C,SAMN37516245,GOMECC4_LA_Sta45_Surface_C_18S,2021-09-26T08:09-04:00,CTD rosette,LA_Sta45,"Mexico, Gulf of",USA: Gulf of Mexico,3,28.935,-90.123,182
GOMECC4_MERIDA_Sta94_DCM_A,SAMN37516401,GOMECC4_MERIDA_Sta94_DCM_A_18S,2021-10-10T18:35-04:00,CTD rosette,MERIDA_Sta94,"Mexico, Gulf of",Mexico: Gulf of Mexico,10,21.701,-89.667,242
GOMECC4_MERIDA_Sta94_DCM_B,SAMN37516402,GOMECC4_MERIDA_Sta94_DCM_B_18S,2021-10-10T18:35-04:00,CTD rosette,MERIDA_Sta94,"Mexico, Gulf of",Mexico: Gulf of Mexico,10,21.701,-89.667,289
GOMECC4_MERIDA_Sta94_DCM_C,SAMN37516403,GOMECC4_MERIDA_Sta94_DCM_C_18S,2021-10-10T18:35-04:00,CTD rosette,MERIDA_Sta94,"Mexico, Gulf of",Mexico: Gulf of Mexico,10,21.701,-89.667,213
GOMECC4_MERIDA_Sta94_Deep_A,SAMN37516398,GOMECC4_MERIDA_Sta94_Deep_A_18S,2021-10-10T18:35-04:00,CTD rosette,MERIDA_Sta94,"Mexico, Gulf of",Mexico: Gulf of Mexico,22,21.701,-89.667,236
GOMECC4_MERIDA_Sta94_Deep_B,SAMN37516399,GOMECC4_MERIDA_Sta94_Deep_B_18S,2021-10-10T18:35-04:00,CTD rosette,MERIDA_Sta94,"Mexico, Gulf of",Mexico: Gulf of Mexico,22,21.701,-89.667,149
GOMECC4_MERIDA_Sta94_Deep_C,SAMN37516400,GOMECC4_MERIDA_Sta94_Deep_C_18S,2021-10-10T18:35-04:00,CTD rosette,MERIDA_Sta94,"Mexico, Gulf of",Mexico: Gulf of Mexico,22,21.701,-89.667,224
GOMECC4_MERIDA_Sta94_Surface_A,SAMN37516404,GOMECC4_MERIDA_Sta94_Surface_A_18S,2021-10-10T18:35-04:00,CTD rosette,MERIDA_Sta94,"Mexico, Gulf of",Mexico: Gulf of Mexico,3,21.701,-89.667,307
GOMECC4_MERIDA_Sta94_Surface_B,SAMN37516405,GOMECC4_MERIDA_Sta94_Surface_B_18S,2021-10-10T18:35-04:00,CTD rosette,MERIDA_Sta94,"Mexico, Gulf of",Mexico: Gulf of Mexico,3,21.701,-89.667,455
GOMECC4_MERIDA_Sta94_Surface_C,SAMN37516406,GOMECC4_MERIDA_Sta94_Surface_C_18S,2021-10-10T18:35-04:00,CTD rosette,MERIDA_Sta94,"Mexico, Gulf of",Mexico: Gulf of Mexico,3,21.701,-89.667,319
GOMECC4_MERIDA_Sta97_DCM_A,SAMN37516410,GOMECC4_MERIDA_Sta97_DCM_A_18S,2021-10-11T07:26-04:00,CTD rosette,MERIDA_Sta97,"Mexico, Gulf of",Mexico: Gulf of Mexico,89,22.971,-90.499,355
GOMECC4_MERIDA_Sta97_DCM_B,SAMN37516411,GOMECC4_MERIDA_Sta97_DCM_B_18S,2021-10-11T07:26-04:00,CTD rosette,MERIDA_Sta97,"Mexico, Gulf of",Mexico: Gulf of Mexico,89,22.971,-90.499,279
GOMECC4_MERIDA_Sta97_DCM_C,SAMN37516412,GOMECC4_MERIDA_Sta97_DCM_C_18S,2021-10-11T07:26-04:00,CTD rosette,MERIDA_Sta97,"Mexico, Gulf of",Mexico: Gulf of Mexico,89,22.971,-90.499,304
GOMECC4_MERIDA_Sta97_Deep_A,SAMN37516407,GOMECC4_MERIDA_Sta97_Deep_A_18S,2021-10-11T07:26-04:00,CTD rosette,MERIDA_Sta97,"Mexico, Gulf of",Mexico: Gulf of Mexico,957,22.971,-90.499,317
GOMECC4_MERIDA_Sta97_Deep_B,SAMN37516408,GOMECC4_MERIDA_Sta97_Deep_B_18S,2021-10-11T07:26-04:00,CTD rosette,MERIDA_Sta97,"Mexico, Gulf of",Mexico: Gulf of Mexico,957,22.971,-90.499,434
GOMECC4_MERIDA_Sta97_Deep_C,SAMN37516409,GOMECC4_MERIDA_Sta97_Deep_C_18S,2021-10-11T07:26-04:00,CTD rosette,MERIDA_Sta97,"Mexico, Gulf of",Mexico: Gulf of Mexico,957,22.971,-90.499,292
GOMECC4_MERIDA_Sta97_Surface_A,SAMN37516413,GOMECC4_MERIDA_Sta97_Surface_A_18S,2021-10-11T07:26-04:00,CTD rosette,MERIDA_Sta97,"Mexico, Gulf of",Mexico: Gulf of Mexico,3,22.971,-90.499,245
GOMECC4_MERIDA_Sta97_Surface_B,SAMN37516414,GOMECC4_MERIDA_Sta97_Surface_B_18S,2021-10-11T07:26-04:00,CTD rosette,MERIDA_Sta97,"Mexico, Gulf of",Mexico: Gulf of Mexico,3,22.971,-90.499,416
GOMECC4_MERIDA_Sta97_Surface_C,SAMN37516415,GOMECC4_MERIDA_Sta97_Surface_C_18S,2021-10-11T07:26-04:00,CTD rosette,MERIDA_Sta97,"Mexico, Gulf of",Mexico: Gulf of Mexico,3,22.971,-90.499,384
GOMECC4_MERIDA_Sta98_DCM_A,SAMN37516419,GOMECC4_MERIDA_Sta98_DCM_A_18S,2021-10-11T13:00-04:00,CTD rosette,MERIDA_Sta98,"Mexico, Gulf of",Mexico: Gulf of Mexico,59,23.183,-90.642,393
GOMECC4_MERIDA_Sta98_DCM_B,SAMN37516420,GOMECC4_MERIDA_Sta98_DCM_B_18S,2021-10-11T13:00-04:00,CTD rosette,MERIDA_Sta98,"Mexico, Gulf of",Mexico: Gulf of Mexico,59,23.183,-90.642,350
GOMECC4_MERIDA_Sta98_DCM_C,SAMN37516421,GOMECC4_MERIDA_Sta98_DCM_C_18S,2021-10-11T13:00-04:00,CTD rosette,MERIDA_Sta98,"Mexico, Gulf of",Mexico: Gulf of Mexico,59,23.183,-90.642,371
GOMECC4_MERIDA_Sta98_Deep_A,SAMN37516416,GOMECC4_MERIDA_Sta98_Deep_A_18S,2021-10-11T13:00-04:00,CTD rosette,MERIDA_Sta98,"Mexico, Gulf of",Mexico: Gulf of Mexico,2960,23.183,-90.642,244
GOMECC4_MERIDA_Sta98_Deep_B,SAMN37516417,GOMECC4_MERIDA_Sta98_Deep_B_18S,2021-10-11T13:00-04:00,CTD rosette,MERIDA_Sta98,"Mexico, Gulf of",Mexico: Gulf of Mexico,2960,23.183,-90.642,348
GOMECC4_MERIDA_Sta98_Deep_C,SAMN37516418,GOMECC4_MERIDA_Sta98_Deep_C_18S,2021-10-11T13:00-04:00,CTD rosette,MERIDA_Sta98,"Mexico, Gulf of",Mexico: Gulf of Mexico,2960,23.183,-90.642,337
GOMECC4_MERIDA_Sta98_Surface_A,SAMN37516422,GOMECC4_MERIDA_Sta98_Surface_A_18S,2021-10-11T13:00-04:00,CTD rosette,MERIDA_Sta98,"Mexico, Gulf of",Mexico: Gulf of Mexico,3,23.183,-90.642,205
GOMECC4_MERIDA_Sta98_Surface_B,SAMN37516423,GOMECC4_MERIDA_Sta98_Surface_B_18S,2021-10-11T13:00-04:00,CTD rosette,MERIDA_Sta98,"Mexico, Gulf of",Mexico: Gulf of Mexico,3,23.183,-90.642,188
GOMECC4_MERIDA_Sta98_Surface_C,SAMN37516424,GOMECC4_MERIDA_Sta98_Surface_C_18S,2021-10-11T13:00-04:00,CTD rosette,MERIDA_Sta98,"Mexico, Gulf of",Mexico: Gulf of Mexico,3,23.183,-90.642,391
GOMECC4_PAISNP_Sta61_DCM_A,SAMN37516285,GOMECC4_PAISNP_Sta61_DCM_A_18S,2021-09-29T19:15-04:00,CTD rosette,PAISNP_Sta61,"Mexico, Gulf of",USA: Gulf of Mexico,35,27.335,-96.783,215
GOMECC4_PAISNP_Sta61_DCM_B,SAMN37516286,GOMECC4_PAISNP_Sta61_DCM_B_18S,2021-09-29T19:15-04:00,CTD rosette,PAISNP_Sta61,"Mexico, Gulf of",USA: Gulf of Mexico,35,27.335,-96.783,194
GOMECC4_PAISNP_Sta61_DCM_C,SAMN37516287,GOMECC4_PAISNP_Sta61_DCM_C_18S,2021-09-29T19:15-04:00,CTD rosette,PAISNP_Sta61,"Mexico, Gulf of",USA: Gulf of Mexico,35,27.335,-96.783,310
GOMECC4_PAISNP_Sta61_Deep_A,SAMN37516282,GOMECC4_PAISNP_Sta61_Deep_A_18S,2021-09-29T19:15-04:00,CTD rosette,PAISNP_Sta61,"Mexico, Gulf of",USA: Gulf of Mexico,46,27.335,-96.783,254
GOMECC4_PAISNP_Sta61_Deep_B,SAMN37516283,GOMECC4_PAISNP_Sta61_Deep_B_18S,2021-09-29T19:15-04:00,CTD rosette,PAISNP_Sta61,"Mexico, Gulf of",USA: Gulf of Mexico,46,27.335,-96.783,248
GOMECC4_PAISNP_Sta61_Deep_C,SAMN37516284,GOMECC4_PAISNP_Sta61_Deep_C_18S,2021-09-29T19:15-04:00,CTD rosette,PAISNP_Sta61,"Mexico, Gulf of",USA: Gulf of Mexico,46,27.335,-96.783,282
GOMECC4_PAISNP_Sta61_Surface_A,SAMN37516288,GOMECC4_PAISNP_Sta61_Surface_A_18S,2021-09-29T19:15-04:00,CTD rosette,PAISNP_Sta61,"Mexico, Gulf of",USA: Gulf of Mexico,3,27.335,-96.783,248
GOMECC4_PAISNP_Sta61_Surface_B,SAMN37516289,GOMECC4_PAISNP_Sta61_Surface_B_18S,2021-09-29T19:15-04:00,CTD rosette,PAISNP_Sta61,"Mexico, Gulf of",USA: Gulf of Mexico,3,27.335,-96.783,340
GOMECC4_PAISNP_Sta61_Surface_C,SAMN37516290,GOMECC4_PAISNP_Sta61_Surface_C_18S,2021-09-29T19:15-04:00,CTD rosette,PAISNP_Sta61,"Mexico, Gulf of",USA: Gulf of Mexico,3,27.335,-96.783,363
GOMECC4_PANAMACITY_Sta19_DCM_A,SAMN37516150,GOMECC4_PANAMACITY_Sta19_DCM_A_18S,2021-09-20T13:30-04:00,CTD rosette,PANAMACITY_Sta19,"Mexico, Gulf of",USA: Gulf of Mexico,9,29.5,-85.378,272
GOMECC4_PANAMACITY_Sta19_DCM_B,SAMN37516151,GOMECC4_PANAMACITY_Sta19_DCM_B_18S,2021-09-20T13:30-04:00,CTD rosette,PANAMACITY_Sta19,"Mexico, Gulf of",USA: Gulf of Mexico,9,29.5,-85.378,234
GOMECC4_PANAMACITY_Sta19_DCM_C,SAMN37516152,GOMECC4_PANAMACITY_Sta19_DCM_C_18S,2021-09-20T13:30-04:00,CTD rosette,PANAMACITY_Sta19,"Mexico, Gulf of",USA: Gulf of Mexico,9,29.5,-85.378,268
GOMECC4_PANAMACITY_Sta19_Deep_A,SAMN37516147,GOMECC4_PANAMACITY_Sta19_Deep_A_18S,2021-09-20T13:30-04:00,CTD rosette,PANAMACITY_Sta19,"Mexico, Gulf of",USA: Gulf of Mexico,17,29.5,-85.378,322
GOMECC4_PANAMACITY_Sta19_Deep_B,SAMN37516148,GOMECC4_PANAMACITY_Sta19_Deep_B_18S,2021-09-20T13:30-04:00,CTD rosette,PANAMACITY_Sta19,"Mexico, Gulf of",USA: Gulf of Mexico,17,29.5,-85.378,381
GOMECC4_PANAMACITY_Sta19_Deep_C,SAMN37516149,GOMECC4_PANAMACITY_Sta19_Deep_C_18S,2021-09-20T13:30-04:00,CTD rosette,PANAMACITY_Sta19,"Mexico, Gulf of",USA: Gulf of Mexico,17,29.5,-85.378,317
GOMECC4_PANAMACITY_Sta19_Surface_A,SAMN37516153,GOMECC4_PANAMACITY_Sta19_Surface_A_18S,2021-09-20T13:30-04:00,CTD rosette,PANAMACITY_Sta19,"Mexico, Gulf of",USA: Gulf of Mexico,3,29.5,-85.378,168
GOMECC4_PANAMACITY_Sta19_Surface_B,SAMN37516154,GOMECC4_PANAMACITY_Sta19_Surface_B_18S,2021-09-20T13:30-04:00,CTD rosette,PANAMACITY_Sta19,"Mexico, Gulf of",USA: Gulf of Mexico,3,29.5,-85.378,192
GOMECC4_PANAMACITY_Sta19_Surface_C,SAMN37516155,GOMECC4_PANAMACITY_Sta19_Surface_C_18S,2021-09-20T13:30-04:00,CTD rosette,PANAMACITY_Sta19,"Mexico, Gulf of",USA: Gulf of Mexico,3,29.5,-85.378,197
GOMECC4_PANAMACITY_Sta21_DCM_A,SAMN37516159,GOMECC4_PANAMACITY_Sta21_DCM_A_18S,2021-09-20T18:04-04:00,CTD rosette,PANAMACITY_Sta21,"Mexico, Gulf of",USA: Gulf of Mexico,39,29.206,-85.647,294
GOMECC4_PANAMACITY_Sta21_DCM_B,SAMN37516160,GOMECC4_PANAMACITY_Sta21_DCM_B_18S,2021-09-20T18:04-04:00,CTD rosette,PANAMACITY_Sta21,"Mexico, Gulf of",USA: Gulf of Mexico,39,29.206,-85.647,220
GOMECC4_PANAMACITY_Sta21_DCM_C,SAMN37516161,GOMECC4_PANAMACITY_Sta21_DCM_C_18S,2021-09-20T18:04-04:00,CTD rosette,PANAMACITY_Sta21,"Mexico, Gulf of",USA: Gulf of Mexico,39,29.206,-85.647,367
GOMECC4_PANAMACITY_Sta21_Deep_A,SAMN37516156,GOMECC4_PANAMACITY_Sta21_Deep_A_18S,2021-09-20T18:04-04:00,CTD rosette,PANAMACITY_Sta21,"Mexico, Gulf of",USA: Gulf of Mexico,74,29.206,-85.647,299
GOMECC4_PANAMACITY_Sta21_Deep_B,SAMN37516157,GOMECC4_PANAMACITY_Sta21_Deep_B_18S,2021-09-20T18:04-04:00,CTD rosette,PANAMACITY_Sta21,"Mexico, Gulf of",USA: Gulf of Mexico,74,29.206,-85.647,279
GOMECC4_PANAMACITY_Sta21_Deep_C,SAMN37516158,GOMECC4_PANAMACITY_Sta21_Deep_C_18S,2021-09-20T18:04-04:00,CTD rosette,PANAMACITY_Sta21,"Mexico, Gulf of",USA: Gulf of Mexico,74,29.206,-85.647,248
GOMECC4_PANAMACITY_Sta21_Surface_A,SAMN37516162,GOMECC4_PANAMACITY_Sta21_Surface_A_18S,2021-09-20T18:04-04:00,CTD rosette,PANAMACITY_Sta21,"Mexico, Gulf of",USA: Gulf of Mexico,2,29.206,-85.647,285
GOMECC4_PANAMACITY_Sta21_Surface_B,SAMN37516163,GOMECC4_PANAMACITY_Sta21_Surface_B_18S,2021-09-20T18:04-04:00,CTD rosette,PANAMACITY_Sta21,"Mexico, Gulf of",USA: Gulf of Mexico,2,29.206,-85.647,271
GOMECC4_PANAMACITY_Sta21_Surface_C,SAMN37516164,GOMECC4_PANAMACITY_Sta21_Surface_C_18S,2021-09-20T18:04-04:00,CTD rosette,PANAMACITY_Sta21,"Mexico, Gulf of",USA: Gulf of Mexico,2,29.206,-85.647,286
GOMECC4_PANAMACITY_Sta23_DCM_A,SAMN37516168,GOMECC4_PANAMACITY_Sta23_DCM_A_18S,2021-09-20T23:13-04:00,CTD rosette,PANAMACITY_Sta23,"Mexico, Gulf of",USA: Gulf of Mexico,49,28.866,-85.922,254
GOMECC4_PANAMACITY_Sta23_DCM_B,SAMN37516169,GOMECC4_PANAMACITY_Sta23_DCM_B_18S,2021-09-20T23:13-04:00,CTD rosette,PANAMACITY_Sta23,"Mexico, Gulf of",USA: Gulf of Mexico,49,28.866,-85.922,278
GOMECC4_PANAMACITY_Sta23_DCM_C,SAMN37516170,GOMECC4_PANAMACITY_Sta23_DCM_C_18S,2021-09-20T23:13-04:00,CTD rosette,PANAMACITY_Sta23,"Mexico, Gulf of",USA: Gulf of Mexico,49,28.866,-85.922,280
GOMECC4_PANAMACITY_Sta23_Deep_A,SAMN37516165,GOMECC4_PANAMACITY_Sta23_Deep_A_18S,2021-09-20T23:13-04:00,CTD rosette,PANAMACITY_Sta23,"Mexico, Gulf of",USA: Gulf of Mexico,245,28.866,-85.922,320
GOMECC4_PANAMACITY_Sta23_Deep_B,SAMN37516166,GOMECC4_PANAMACITY_Sta23_Deep_B_18S,2021-09-20T23:13-04:00,CTD rosette,PANAMACITY_Sta23,"Mexico, Gulf of",USA: Gulf of Mexico,245,28.866,-85.922,333
GOMECC4_PANAMACITY_Sta23_Deep_C,SAMN37516167,GOMECC4_PANAMACITY_Sta23_Deep_C_18S,2021-09-20T23:13-04:00,CTD rosette,PANAMACITY_Sta23,"Mexico, Gulf of",USA: Gulf of Mexico,245,28.866,-85.922,277
GOMECC4_PANAMACITY_Sta23_Surface_A,SAMN37516171,GOMECC4_PANAMACITY_Sta23_Surface_A_18S,2021-09-20T23:13-04:00,CTD rosette,PANAMACITY_Sta23,"Mexico, Gulf of",USA: Gulf of Mexico,3,28.866,-85.922,408
GOMECC4_PANAMACITY_Sta23_Surface_B,SAMN37516172,GOMECC4_PANAMACITY_Sta23_Surface_B_18S,2021-09-20T23:13-04:00,CTD rosette,PANAMACITY_Sta23,"Mexico, Gulf of",USA: Gulf of Mexico,3,28.866,-85.922,291
GOMECC4_PANAMACITY_Sta23_Surface_C,SAMN37516173,GOMECC4_PANAMACITY_Sta23_Surface_C_18S,2021-09-20T23:13-04:00,CTD rosette,PANAMACITY_Sta23,"Mexico, Gulf of",USA: Gulf of Mexico,3,28.866,-85.922,268
GOMECC4_PANAMACITY_Sta28_DCM_A,SAMN37516177,GOMECC4_PANAMACITY_Sta28_DCM_A_18S,2021-09-21T14:30-04:00,CTD rosette,PANAMACITY_Sta28,"Mexico, Gulf of",USA: Gulf of Mexico,43,28.0,-86.62,348
GOMECC4_PANAMACITY_Sta28_DCM_B,SAMN37516178,GOMECC4_PANAMACITY_Sta28_DCM_B_18S,2021-09-21T14:30-04:00,CTD rosette,PANAMACITY_Sta28,"Mexico, Gulf of",USA: Gulf of Mexico,43,28.0,-86.62,304
GOMECC4_PANAMACITY_Sta28_DCM_C,SAMN37516179,GOMECC4_PANAMACITY_Sta28_DCM_C_18S,2021-09-21T14:30-04:00,CTD rosette,PANAMACITY_Sta28,"Mexico, Gulf of",USA: Gulf of Mexico,43,28.0,-86.62,303
GOMECC4_PANAMACITY_Sta28_Deep_A,SAMN37516174,GOMECC4_PANAMACITY_Sta28_Deep_A_18S,2021-09-21T14:30-04:00,CTD rosette,PANAMACITY_Sta28,"Mexico, Gulf of",USA: Gulf of Mexico,2960,28.0,-86.62,275
GOMECC4_PANAMACITY_Sta28_Deep_B,SAMN37516175,GOMECC4_PANAMACITY_Sta28_Deep_B_18S,2021-09-21T14:30-04:00,CTD rosette,PANAMACITY_Sta28,"Mexico, Gulf of",USA: Gulf of Mexico,2960,28.0,-86.62,298
GOMECC4_PANAMACITY_Sta28_Deep_C,SAMN37516176,GOMECC4_PANAMACITY_Sta28_Deep_C_18S,2021-09-21T14:30-04:00,CTD rosette,PANAMACITY_Sta28,"Mexico, Gulf of",USA: Gulf of Mexico,2960,28.0,-86.62,267
GOMECC4_PANAMACITY_Sta28_Surface_A,SAMN37516180,GOMECC4_PANAMACITY_Sta28_Surface_A_18S,2021-09-21T14:30-04:00,CTD rosette,PANAMACITY_Sta28,"Mexico, Gulf of",USA: Gulf of Mexico,2,28.0,-86.62,222
GOMECC4_PANAMACITY_Sta28_Surface_B,SAMN37516181,GOMECC4_PANAMACITY_Sta28_Surface_B_18S,2021-09-21T14:30-04:00,CTD rosette,PANAMACITY_Sta28,"Mexico, Gulf of",USA: Gulf of Mexico,2,28.0,-86.62,278
GOMECC4_PANAMACITY_Sta28_Surface_C,SAMN37516182,GOMECC4_PANAMACITY_Sta28_Surface_C_18S,2021-09-21T14:30-04:00,CTD rosette,PANAMACITY_Sta28,"Mexico, Gulf of",USA: Gulf of Mexico,2,28.0,-86.62,294
GOMECC4_PENSACOLA_Sta31_DCM_A,SAMN37516186,GOMECC4_PENSACOLA_Sta31_DCM_A_18S,2021-09-23T12:06-04:00,CTD rosette,PENSACOLA_Sta31,"Mexico, Gulf of",USA: Gulf of Mexico,29,30.111,-86.8,342
GOMECC4_PENSACOLA_Sta31_DCM_B,SAMN37516187,GOMECC4_PENSACOLA_Sta31_DCM_B_18S,2021-09-23T12:06-04:00,CTD rosette,PENSACOLA_Sta31,"Mexico, Gulf of",USA: Gulf of Mexico,29,30.111,-86.8,287
GOMECC4_PENSACOLA_Sta31_DCM_C,SAMN37516188,GOMECC4_PENSACOLA_Sta31_DCM_C_18S,2021-09-23T12:06-04:00,CTD rosette,PENSACOLA_Sta31,"Mexico, Gulf of",USA: Gulf of Mexico,29,30.111,-86.8,251
GOMECC4_PENSACOLA_Sta31_Deep_A,SAMN37516183,GOMECC4_PENSACOLA_Sta31_Deep_A_18S,2021-09-23T12:06-04:00,CTD rosette,PENSACOLA_Sta31,"Mexico, Gulf of",USA: Gulf of Mexico,67,30.111,-86.8,347
GOMECC4_PENSACOLA_Sta31_Deep_B,SAMN37516184,GOMECC4_PENSACOLA_Sta31_Deep_B_18S,2021-09-23T12:06-04:00,CTD rosette,PENSACOLA_Sta31,"Mexico, Gulf of",USA: Gulf of Mexico,67,30.111,-86.8,356
GOMECC4_PENSACOLA_Sta31_Deep_C,SAMN37516185,GOMECC4_PENSACOLA_Sta31_Deep_C_18S,2021-09-23T12:06-04:00,CTD rosette,PENSACOLA_Sta31,"Mexico, Gulf of",USA: Gulf of Mexico,67,30.111,-86.8,401
GOMECC4_PENSACOLA_Sta31_Surface_A,SAMN37516189,GOMECC4_PENSACOLA_Sta31_Surface_A_18S,2021-09-23T12:06-04:00,CTD rosette,PENSACOLA_Sta31,"Mexico, Gulf of",USA: Gulf of Mexico,3,30.111,-86.8,165
GOMECC4_PENSACOLA_Sta31_Surface_B,SAMN37516190,GOMECC4_PENSACOLA_Sta31_Surface_B_18S,2021-09-23T12:06-04:00,CTD rosette,PENSACOLA_Sta31,"Mexico, Gulf of",USA: Gulf of Mexico,3,30.111,-86.8,209
GOMECC4_PENSACOLA_Sta31_Surface_C,SAMN37516191,GOMECC4_PENSACOLA_Sta31_Surface_C_18S,2021-09-23T12:06-04:00,CTD rosette,PENSACOLA_Sta31,"Mexico, Gulf of",USA: Gulf of Mexico,3,30.111,-86.8,216
GOMECC4_PENSACOLA_Sta33_DCM_A,SAMN37516195,GOMECC4_PENSACOLA_Sta33_DCM_A_18S,2021-09-23T19:50-04:00,CTD rosette,PENSACOLA_Sta33,"Mexico, Gulf of",USA: Gulf of Mexico,48,29.463,-87.236,291
GOMECC4_PENSACOLA_Sta33_DCM_B,SAMN37516196,GOMECC4_PENSACOLA_Sta33_DCM_B_18S,2021-09-23T19:50-04:00,CTD rosette,PENSACOLA_Sta33,"Mexico, Gulf of",USA: Gulf of Mexico,48,29.463,-87.236,361
GOMECC4_PENSACOLA_Sta33_DCM_C,SAMN37516197,GOMECC4_PENSACOLA_Sta33_DCM_C_18S,2021-09-23T19:50-04:00,CTD rosette,PENSACOLA_Sta33,"Mexico, Gulf of",USA: Gulf of Mexico,48,29.463,-87.236,248
GOMECC4_PENSACOLA_Sta33_Deep_A,SAMN37516192,GOMECC4_PENSACOLA_Sta33_Deep_A_18S,2021-09-23T19:50-04:00,CTD rosette,PENSACOLA_Sta33,"Mexico, Gulf of",USA: Gulf of Mexico,344,29.463,-87.236,435
GOMECC4_PENSACOLA_Sta33_Deep_B,SAMN37516193,GOMECC4_PENSACOLA_Sta33_Deep_B_18S,2021-09-23T19:50-04:00,CTD rosette,PENSACOLA_Sta33,"Mexico, Gulf of",USA: Gulf of Mexico,344,29.463,-87.236,338
GOMECC4_PENSACOLA_Sta33_Deep_C,SAMN37516194,GOMECC4_PENSACOLA_Sta33_Deep_C_18S,2021-09-23T19:50-04:00,CTD rosette,PENSACOLA_Sta33,"Mexico, Gulf of",USA: Gulf of Mexico,344,29.463,-87.236,264
GOMECC4_PENSACOLA_Sta33_Surface_A,SAMN37516198,GOMECC4_PENSACOLA_Sta33_Surface_A_18S,2021-09-23T19:50-04:00,CTD rosette,PENSACOLA_Sta33,"Mexico, Gulf of",USA: Gulf of Mexico,3,29.463,-87.236,305
GOMECC4_PENSACOLA_Sta33_Surface_B,SAMN37516199,GOMECC4_PENSACOLA_Sta33_Surface_B_18S,2021-09-23T19:50-04:00,CTD rosette,PENSACOLA_Sta33,"Mexico, Gulf of",USA: Gulf of Mexico,3,29.463,-87.236,314
GOMECC4_PENSACOLA_Sta33_Surface_C,SAMN37516200,GOMECC4_PENSACOLA_Sta33_Surface_C_18S,2021-09-23T19:50-04:00,CTD rosette,PENSACOLA_Sta33,"Mexico, Gulf of",USA: Gulf of Mexico,3,29.463,-87.236,297
GOMECC4_PENSACOLA_Sta35_DCM_A,SAMN37516204,GOMECC4_PENSACOLA_Sta35_DCM_A_18S,2021-09-24T07:00-04:00,CTD rosette,PENSACOLA_Sta35,"Mexico, Gulf of",USA: Gulf of Mexico,39,28.701,-87.76,356
GOMECC4_PENSACOLA_Sta35_DCM_B,SAMN37516205,GOMECC4_PENSACOLA_Sta35_DCM_B_18S,2021-09-24T07:00-04:00,CTD rosette,PENSACOLA_Sta35,"Mexico, Gulf of",USA: Gulf of Mexico,39,28.701,-87.76,361
GOMECC4_PENSACOLA_Sta35_DCM_C,SAMN37516206,GOMECC4_PENSACOLA_Sta35_DCM_C_18S,2021-09-24T07:00-04:00,CTD rosette,PENSACOLA_Sta35,"Mexico, Gulf of",USA: Gulf of Mexico,39,28.701,-87.76,384
GOMECC4_PENSACOLA_Sta35_Deep_A,SAMN37516201,GOMECC4_PENSACOLA_Sta35_Deep_A_18S,2021-09-24T07:00-04:00,CTD rosette,PENSACOLA_Sta35,"Mexico, Gulf of",USA: Gulf of Mexico,2245,28.701,-87.76,253
GOMECC4_PENSACOLA_Sta35_Deep_B,SAMN37516202,GOMECC4_PENSACOLA_Sta35_Deep_B_18S,2021-09-24T07:00-04:00,CTD rosette,PENSACOLA_Sta35,"Mexico, Gulf of",USA: Gulf of Mexico,2245,28.701,-87.76,281
GOMECC4_PENSACOLA_Sta35_Deep_C,SAMN37516203,GOMECC4_PENSACOLA_Sta35_Deep_C_18S,2021-09-24T07:00-04:00,CTD rosette,PENSACOLA_Sta35,"Mexico, Gulf of",USA: Gulf of Mexico,2245,28.701,-87.76,289
GOMECC4_PENSACOLA_Sta35_Surface_A,SAMN37516207,GOMECC4_PENSACOLA_Sta35_Surface_A_18S,2021-09-24T07:00-04:00,CTD rosette,PENSACOLA_Sta35,"Mexico, Gulf of",USA: Gulf of Mexico,2,28.701,-87.76,308
GOMECC4_PENSACOLA_Sta35_Surface_B,SAMN37516208,GOMECC4_PENSACOLA_Sta35_Surface_B_18S,2021-09-24T07:00-04:00,CTD rosette,PENSACOLA_Sta35,"Mexico, Gulf of",USA: Gulf of Mexico,2,28.701,-87.76,221
GOMECC4_PENSACOLA_Sta35_Surface_C,SAMN37516209,GOMECC4_PENSACOLA_Sta35_Surface_C_18S,2021-09-24T07:00-04:00,CTD rosette,PENSACOLA_Sta35,"Mexico, Gulf of",USA: Gulf of Mexico,2,28.701,-87.76,243
GOMECC4_TAMPA_Sta10_DCM_A,SAMN37516126,GOMECC4_TAMPA_Sta10_DCM_A_18S,2021-09-17T17:27-04:00,CTD rosette,TAMPA_Sta10,"Mexico, Gulf of",USA: Gulf of Mexico,58,26.221,-85.665,374
GOMECC4_TAMPA_Sta10_DCM_B,SAMN37516127,GOMECC4_TAMPA_Sta10_DCM_B_18S,2021-09-17T17:27-04:00,CTD rosette,TAMPA_Sta10,"Mexico, Gulf of",USA: Gulf of Mexico,58,26.221,-85.665,388
GOMECC4_TAMPA_Sta10_DCM_C,SAMN37516128,GOMECC4_TAMPA_Sta10_DCM_C_18S,2021-09-17T17:27-04:00,CTD rosette,TAMPA_Sta10,"Mexico, Gulf of",USA: Gulf of Mexico,58,26.221,-85.665,362
GOMECC4_TAMPA_Sta10_Deep_A,SAMN37516123,GOMECC4_TAMPA_Sta10_Deep_A_18S,2021-09-17T17:27-04:00,CTD rosette,TAMPA_Sta10,"Mexico, Gulf of",USA: Gulf of Mexico,3241,26.221,-85.665,317
GOMECC4_TAMPA_Sta10_Deep_B,SAMN37516124,GOMECC4_TAMPA_Sta10_Deep_B_18S,2021-09-17T17:27-04:00,CTD rosette,TAMPA_Sta10,"Mexico, Gulf of",USA: Gulf of Mexico,3241,26.221,-85.665,232
GOMECC4_TAMPA_Sta10_Deep_C,SAMN37516125,GOMECC4_TAMPA_Sta10_Deep_C_18S,2021-09-17T17:27-04:00,CTD rosette,TAMPA_Sta10,"Mexico, Gulf of",USA: Gulf of Mexico,3241,26.221,-85.665,292
GOMECC4_TAMPA_Sta10_Surface_A,SAMN37516129,GOMECC4_TAMPA_Sta10_Surface_A_18S,2021-09-17T17:27-04:00,CTD rosette,TAMPA_Sta10,"Mexico, Gulf of",USA: Gulf of Mexico,4,26.221,-85.665,217
GOMECC4_TAMPA_Sta10_Surface_B,SAMN37516130,GOMECC4_TAMPA_Sta10_Surface_B_18S,2021-09-17T17:27-04:00,CTD rosette,TAMPA_Sta10,"Mexico, Gulf of",USA: Gulf of Mexico,4,26.221,-85.665,201
GOMECC4_TAMPA_Sta10_Surface_C,SAMN37516131,GOMECC4_TAMPA_Sta10_Surface_C_18S,2021-09-17T17:27-04:00,CTD rosette,TAMPA_Sta10,"Mexico, Gulf of",USA: Gulf of Mexico,4,26.221,-85.665,285
GOMECC4_TAMPA_Sta13_DCM_A,SAMN37516135,GOMECC4_TAMPA_Sta13_DCM_A_18S,2021-09-18T15:00-04:00,CTD rosette,TAMPA_Sta13,"Mexico, Gulf of",USA: Gulf of Mexico,64,26.888,-84.666,337
GOMECC4_TAMPA_Sta13_DCM_B,SAMN37516136,GOMECC4_TAMPA_Sta13_DCM_B_18S,2021-09-18T15:00-04:00,CTD rosette,TAMPA_Sta13,"Mexico, Gulf of",USA: Gulf of Mexico,64,26.888,-84.666,389
GOMECC4_TAMPA_Sta13_DCM_C,SAMN37516137,GOMECC4_TAMPA_Sta13_DCM_C_18S,2021-09-18T15:00-04:00,CTD rosette,TAMPA_Sta13,"Mexico, Gulf of",USA: Gulf of Mexico,64,26.888,-84.666,449
GOMECC4_TAMPA_Sta13_Deep_A,SAMN37516132,GOMECC4_TAMPA_Sta13_Deep_A_18S,2021-09-18T15:00-04:00,CTD rosette,TAMPA_Sta13,"Mexico, Gulf of",USA: Gulf of Mexico,217,26.888,-84.666,342
GOMECC4_TAMPA_Sta13_Deep_B,SAMN37516133,GOMECC4_TAMPA_Sta13_Deep_B_18S,2021-09-18T15:00-04:00,CTD rosette,TAMPA_Sta13,"Mexico, Gulf of",USA: Gulf of Mexico,217,26.888,-84.666,378
GOMECC4_TAMPA_Sta13_Deep_C,SAMN37516134,GOMECC4_TAMPA_Sta13_Deep_C_18S,2021-09-18T15:00-04:00,CTD rosette,TAMPA_Sta13,"Mexico, Gulf of",USA: Gulf of Mexico,217,26.888,-84.666,281
GOMECC4_TAMPA_Sta13_Surface_A,SAMN37516138,GOMECC4_TAMPA_Sta13_Surface_A_18S,2021-09-18T15:00-04:00,CTD rosette,TAMPA_Sta13,"Mexico, Gulf of",USA: Gulf of Mexico,3,26.888,-84.666,316
GOMECC4_TAMPA_Sta13_Surface_B,SAMN37516139,GOMECC4_TAMPA_Sta13_Surface_B_18S,2021-09-18T15:00-04:00,CTD rosette,TAMPA_Sta13,"Mexico, Gulf of",USA: Gulf of Mexico,3,26.888,-84.666,332
GOMECC4_TAMPA_Sta13_Surface_C,SAMN37516140,GOMECC4_TAMPA_Sta13_Surface_C_18S,2021-09-18T15:00-04:00,CTD rosette,TAMPA_Sta13,"Mexico, Gulf of",USA: Gulf of Mexico,3,26.888,-84.666,268
GOMECC4_TAMPA_Sta18_Deep_A,SAMN37516141,GOMECC4_TAMPA_Sta18_Deep_A_18S,2021-09-19T14:41-04:00,CTD rosette,TAMPA_Sta18,"Mexico, Gulf of",USA: Gulf of Mexico,9,28.014,-83.016,205
GOMECC4_TAMPA_Sta18_Deep_B,SAMN37516142,GOMECC4_TAMPA_Sta18_Deep_B_18S,2021-09-19T14:41-04:00,CTD rosette,TAMPA_Sta18,"Mexico, Gulf of",USA: Gulf of Mexico,9,28.014,-83.016,213
GOMECC4_TAMPA_Sta18_Deep_C,SAMN37516143,GOMECC4_TAMPA_Sta18_Deep_C_18S,2021-09-19T14:41-04:00,CTD rosette,TAMPA_Sta18,"Mexico, Gulf of",USA: Gulf of Mexico,9,28.014,-83.016,182
GOMECC4_TAMPA_Sta18_Surface_A,SAMN37516144,GOMECC4_TAMPA_Sta18_Surface_A_18S,2021-09-19T14:41-04:00,CTD rosette,TAMPA_Sta18,"Mexico, Gulf of",USA: Gulf of Mexico,2,28.014,-83.016,287
GOMECC4_TAMPA_Sta18_Surface_B,SAMN37516145,GOMECC4_TAMPA_Sta18_Surface_B_18S,2021-09-19T14:41-04:00,CTD rosette,TAMPA_Sta18,"Mexico, Gulf of",USA: Gulf of Mexico,2,28.014,-83.016,240
GOMECC4_TAMPA_Sta18_Surface_C,SAMN37516146,GOMECC4_TAMPA_Sta18_Surface_C_18S,2021-09-19T14:41-04:00,CTD rosette,TAMPA_Sta18,"Mexico, Gulf of",USA: Gulf of Mexico,2,28.014,-83.016,263
GOMECC4_TAMPA_Sta9_Sediment_A,SAMN37516120,GOMECC4_TAMPA_Sta9_Sediment_A_18S,2021-09-17T14:30-04:00,Sediment core (aqueous layer),TAMPA_Sta9,"Mexico, Gulf of",USA: Gulf of Mexico,3229,25.59,-85.59,359
GOMECC4_TAMPA_Sta9_Sediment_B,SAMN37516121,GOMECC4_TAMPA_Sta9_Sediment_B_18S,2021-09-17T14:30-04:00,Sediment core (aqueous layer),TAMPA_Sta9,"Mexico, Gulf of",USA: Gulf of Mexico,3229,25.59,-85.59,338
GOMECC4_TAMPA_Sta9_Sediment_C,SAMN37516122,GOMECC4_TAMPA_Sta9_Sediment_C_18S,2021-09-17T14:30-04:00,Sediment core (aqueous layer),TAMPA_Sta9,"Mexico, Gulf of",USA: Gulf of Mexico,3229,25.59,-85.59,237
GOMECC4_TAMPICO_Sta76_DCM_A,SAMN37516324,GOMECC4_TAMPICO_Sta76_DCM_A_18S,2021-10-05T19:40-04:00,CTD rosette,TAMPICO_Sta76,"Mexico, Gulf of",Mexico: Gulf of Mexico,25,22.274,-97.639,242
GOMECC4_TAMPICO_Sta76_DCM_B,SAMN37516325,GOMECC4_TAMPICO_Sta76_DCM_B_18S,2021-10-05T19:40-04:00,CTD rosette,TAMPICO_Sta76,"Mexico, Gulf of",Mexico: Gulf of Mexico,25,22.274,-97.639,273
GOMECC4_TAMPICO_Sta76_DCM_C,SAMN37516326,GOMECC4_TAMPICO_Sta76_DCM_C_18S,2021-10-05T19:40-04:00,CTD rosette,TAMPICO_Sta76,"Mexico, Gulf of",Mexico: Gulf of Mexico,25,22.274,-97.639,213
GOMECC4_TAMPICO_Sta76_Deep_A,SAMN37516321,GOMECC4_TAMPICO_Sta76_Deep_A_18S,2021-10-05T19:40-04:00,CTD rosette,TAMPICO_Sta76,"Mexico, Gulf of",Mexico: Gulf of Mexico,33,22.274,-97.639,293
GOMECC4_TAMPICO_Sta76_Deep_B,SAMN37516322,GOMECC4_TAMPICO_Sta76_Deep_B_18S,2021-10-05T19:40-04:00,CTD rosette,TAMPICO_Sta76,"Mexico, Gulf of",Mexico: Gulf of Mexico,33,22.274,-97.639,294
GOMECC4_TAMPICO_Sta76_Deep_C,SAMN37516323,GOMECC4_TAMPICO_Sta76_Deep_C_18S,2021-10-05T19:40-04:00,CTD rosette,TAMPICO_Sta76,"Mexico, Gulf of",Mexico: Gulf of Mexico,33,22.274,-97.639,282
GOMECC4_TAMPICO_Sta76_Surface_A,SAMN37516327,GOMECC4_TAMPICO_Sta76_Surface_A_18S,2021-10-05T19:40-04:00,CTD rosette,TAMPICO_Sta76,"Mexico, Gulf of",Mexico: Gulf of Mexico,4,22.274,-97.639,345
GOMECC4_TAMPICO_Sta76_Surface_B,SAMN37516328,GOMECC4_TAMPICO_Sta76_Surface_B_18S,2021-10-05T19:40-04:00,CTD rosette,TAMPICO_Sta76,"Mexico, Gulf of",Mexico: Gulf of Mexico,4,22.274,-97.639,244
GOMECC4_TAMPICO_Sta76_Surface_C,SAMN37516329,GOMECC4_TAMPICO_Sta76_Surface_C_18S,2021-10-05T19:40-04:00,CTD rosette,TAMPICO_Sta76,"Mexico, Gulf of",Mexico: Gulf of Mexico,4,22.274,-97.639,224
GOMECC4_TAMPICO_Sta79_DCM_A,SAMN37516333,GOMECC4_TAMPICO_Sta79_DCM_A_18S,2021-10-06T00:30-04:00,CTD rosette,TAMPICO_Sta79,"Mexico, Gulf of",Mexico: Gulf of Mexico,74,22.274,-97.361,362
GOMECC4_TAMPICO_Sta79_DCM_B,SAMN37516334,GOMECC4_TAMPICO_Sta79_DCM_B_18S,2021-10-06T00:30-04:00,CTD rosette,TAMPICO_Sta79,"Mexico, Gulf of",Mexico: Gulf of Mexico,74,22.274,-97.361,352
GOMECC4_TAMPICO_Sta79_DCM_C,SAMN37516335,GOMECC4_TAMPICO_Sta79_DCM_C_18S,2021-10-06T00:30-04:00,CTD rosette,TAMPICO_Sta79,"Mexico, Gulf of",Mexico: Gulf of Mexico,74,22.274,-97.361,289
GOMECC4_TAMPICO_Sta79_Deep_A,SAMN37516330,GOMECC4_TAMPICO_Sta79_Deep_A_18S,2021-10-06T00:30-04:00,CTD rosette,TAMPICO_Sta79,"Mexico, Gulf of",Mexico: Gulf of Mexico,238,22.274,-97.361,282
GOMECC4_TAMPICO_Sta79_Deep_B,SAMN37516331,GOMECC4_TAMPICO_Sta79_Deep_B_18S,2021-10-06T00:30-04:00,CTD rosette,TAMPICO_Sta79,"Mexico, Gulf of",Mexico: Gulf of Mexico,238,22.274,-97.361,377
GOMECC4_TAMPICO_Sta79_Deep_C,SAMN37516332,GOMECC4_TAMPICO_Sta79_Deep_C_18S,2021-10-06T00:30-04:00,CTD rosette,TAMPICO_Sta79,"Mexico, Gulf of",Mexico: Gulf of Mexico,238,22.274,-97.361,319
GOMECC4_TAMPICO_Sta79_Surface_A,SAMN37516336,GOMECC4_TAMPICO_Sta79_Surface_A_18S,2021-10-06T00:30-04:00,CTD rosette,TAMPICO_Sta79,"Mexico, Gulf of",Mexico: Gulf of Mexico,3,22.274,-97.361,303
GOMECC4_TAMPICO_Sta79_Surface_B,SAMN37516337,GOMECC4_TAMPICO_Sta79_Surface_B_18S,2021-10-06T00:30-04:00,CTD rosette,TAMPICO_Sta79,"Mexico, Gulf of",Mexico: Gulf of Mexico,3,22.274,-97.361,313
GOMECC4_TAMPICO_Sta79_Surface_C,SAMN37516338,GOMECC4_TAMPICO_Sta79_Surface_C_18S,2021-10-06T00:30-04:00,CTD rosette,TAMPICO_Sta79,"Mexico, Gulf of",Mexico: Gulf of Mexico,3,22.274,-97.361,308
GOMECC4_TAMPICO_Sta82_DCM_A,SAMN37516342,GOMECC4_TAMPICO_Sta82_DCM_A_18S,2021-10-06T18:58-04:00,CTD rosette,TAMPICO_Sta82,"Mexico, Gulf of",Mexico: Gulf of Mexico,77,22.276,-95.588,378
GOMECC4_TAMPICO_Sta82_DCM_B,SAMN37516343,GOMECC4_TAMPICO_Sta82_DCM_B_18S,2021-10-06T18:58-04:00,CTD rosette,TAMPICO_Sta82,"Mexico, Gulf of",Mexico: Gulf of Mexico,77,22.276,-95.588,333
GOMECC4_TAMPICO_Sta82_DCM_C,SAMN37516344,GOMECC4_TAMPICO_Sta82_DCM_C_18S,2021-10-06T18:58-04:00,CTD rosette,TAMPICO_Sta82,"Mexico, Gulf of",Mexico: Gulf of Mexico,77,22.276,-95.588,420
GOMECC4_TAMPICO_Sta82_Deep_A,SAMN37516339,GOMECC4_TAMPICO_Sta82_Deep_A_18S,2021-10-06T18:58-04:00,CTD rosette,TAMPICO_Sta82,"Mexico, Gulf of",Mexico: Gulf of Mexico,2979,22.276,-95.588,302
GOMECC4_TAMPICO_Sta82_Deep_B,SAMN37516340,GOMECC4_TAMPICO_Sta82_Deep_B_18S,2021-10-06T18:58-04:00,CTD rosette,TAMPICO_Sta82,"Mexico, Gulf of",Mexico: Gulf of Mexico,2979,22.276,-95.588,231
GOMECC4_TAMPICO_Sta82_Deep_C,SAMN37516341,GOMECC4_TAMPICO_Sta82_Deep_C_18S,2021-10-06T18:58-04:00,CTD rosette,TAMPICO_Sta82,"Mexico, Gulf of",Mexico: Gulf of Mexico,2979,22.276,-95.588,298
GOMECC4_TAMPICO_Sta82_Surface_A,SAMN37516345,GOMECC4_TAMPICO_Sta82_Surface_A_18S,2021-10-06T18:58-04:00,CTD rosette,TAMPICO_Sta82,"Mexico, Gulf of",Mexico: Gulf of Mexico,10,22.276,-95.588,386
GOMECC4_TAMPICO_Sta82_Surface_B,SAMN37516346,GOMECC4_TAMPICO_Sta82_Surface_B_18S,2021-10-06T18:58-04:00,CTD rosette,TAMPICO_Sta82,"Mexico, Gulf of",Mexico: Gulf of Mexico,10,22.276,-95.588,361
GOMECC4_TAMPICO_Sta82_Surface_C,SAMN37516347,GOMECC4_TAMPICO_Sta82_Surface_C_18S,2021-10-06T18:58-04:00,CTD rosette,TAMPICO_Sta82,"Mexico, Gulf of",Mexico: Gulf of Mexico,10,22.276,-95.588,403
GOMECC4_VERACRUZ_Sta85_DCM_A,SAMN37516351,GOMECC4_VERACRUZ_Sta85_DCM_A_18S,2021-10-07T19:00-04:00,CTD rosette,VERACRUZ_Sta85,"Mexico, Gulf of",Mexico: Gulf of Mexico,78,20.601,-94.29,343
GOMECC4_VERACRUZ_Sta85_DCM_B,SAMN37516352,GOMECC4_VERACRUZ_Sta85_DCM_B_18S,2021-10-07T19:00-04:00,CTD rosette,VERACRUZ_Sta85,"Mexico, Gulf of",Mexico: Gulf of Mexico,78,20.601,-94.29,312
GOMECC4_VERACRUZ_Sta85_DCM_C,SAMN37516353,GOMECC4_VERACRUZ_Sta85_DCM_C_18S,2021-10-07T19:00-04:00,CTD rosette,VERACRUZ_Sta85,"Mexico, Gulf of",Mexico: Gulf of Mexico,78,20.601,-94.29,179
GOMECC4_VERACRUZ_Sta85_Deep_A,SAMN37516348,GOMECC4_VERACRUZ_Sta85_Deep_A_18S,2021-10-07T19:00-04:00,CTD rosette,VERACRUZ_Sta85,"Mexico, Gulf of",Mexico: Gulf of Mexico,1862,20.601,-94.29,302
GOMECC4_VERACRUZ_Sta85_Deep_B,SAMN37516349,GOMECC4_VERACRUZ_Sta85_Deep_B_18S,2021-10-07T19:00-04:00,CTD rosette,VERACRUZ_Sta85,"Mexico, Gulf of",Mexico: Gulf of Mexico,1862,20.601,-94.29,299
GOMECC4_VERACRUZ_Sta85_Deep_C,SAMN37516350,GOMECC4_VERACRUZ_Sta85_Deep_C_18S,2021-10-07T19:00-04:00,CTD rosette,VERACRUZ_Sta85,"Mexico, Gulf of",Mexico: Gulf of Mexico,1862,20.601,-94.29,335
GOMECC4_VERACRUZ_Sta85_Surface_A,SAMN37516354,GOMECC4_VERACRUZ_Sta85_Surface_A_18S,2021-10-07T19:00-04:00,CTD rosette,VERACRUZ_Sta85,"Mexico, Gulf of",Mexico: Gulf of Mexico,4,20.601,-94.29,415
GOMECC4_VERACRUZ_Sta85_Surface_B,SAMN37516355,GOMECC4_VERACRUZ_Sta85_Surface_B_18S,2021-10-07T19:00-04:00,CTD rosette,VERACRUZ_Sta85,"Mexico, Gulf of",Mexico: Gulf of Mexico,4,20.601,-94.29,396
GOMECC4_VERACRUZ_Sta87_DCM_A,SAMN37516359,GOMECC4_VERACRUZ_Sta87_DCM_A_18S,2021-10-08T09:26-04:00,CTD rosette,VERACRUZ_Sta87,"Mexico, Gulf of",Mexico: Gulf of Mexico,50,19.609,-93.5,209
GOMECC4_VERACRUZ_Sta87_DCM_B,SAMN37516360,GOMECC4_VERACRUZ_Sta87_DCM_B_18S,2021-10-08T09:26-04:00,CTD rosette,VERACRUZ_Sta87,"Mexico, Gulf of",Mexico: Gulf of Mexico,50,19.609,-93.5,214
GOMECC4_VERACRUZ_Sta87_DCM_C,SAMN37516361,GOMECC4_VERACRUZ_Sta87_DCM_C_18S,2021-10-08T09:26-04:00,CTD rosette,VERACRUZ_Sta87,"Mexico, Gulf of",Mexico: Gulf of Mexico,50,19.609,-93.5,286
GOMECC4_VERACRUZ_Sta87_Deep_A,SAMN37516356,GOMECC4_VERACRUZ_Sta87_Deep_A_18S,2021-10-08T09:26-04:00,CTD rosette,VERACRUZ_Sta87,"Mexico, Gulf of",Mexico: Gulf of Mexico,1070,19.609,-93.5,195
GOMECC4_VERACRUZ_Sta87_Deep_B,SAMN37516357,GOMECC4_VERACRUZ_Sta87_Deep_B_18S,2021-10-08T09:26-04:00,CTD rosette,VERACRUZ_Sta87,"Mexico, Gulf of",Mexico: Gulf of Mexico,1070,19.609,-93.5,330
GOMECC4_VERACRUZ_Sta87_Deep_C,SAMN37516358,GOMECC4_VERACRUZ_Sta87_Deep_C_18S,2021-10-08T09:26-04:00,CTD rosette,VERACRUZ_Sta87,"Mexico, Gulf of",Mexico: Gulf of Mexico,1070,19.609,-93.5,294
GOMECC4_VERACRUZ_Sta87_Surface_A,SAMN37516362,GOMECC4_VERACRUZ_Sta87_Surface_A_18S,2021-10-08T09:26-04:00,CTD rosette,VERACRUZ_Sta87,"Mexico, Gulf of",Mexico: Gulf of Mexico,3,19.609,-93.5,342
GOMECC4_VERACRUZ_Sta87_Surface_B,SAMN37516363,GOMECC4_VERACRUZ_Sta87_Surface_B_18S,2021-10-08T09:26-04:00,CTD rosette,VERACRUZ_Sta87,"Mexico, Gulf of",Mexico: Gulf of Mexico,3,19.609,-93.5,360
GOMECC4_VERACRUZ_Sta87_Surface_C,SAMN37516364,GOMECC4_VERACRUZ_Sta87_Surface_C_18S,2021-10-08T09:26-04:00,CTD rosette,VERACRUZ_Sta87,"Mexico, Gulf of",Mexico: Gulf of Mexico,3,19.609,-93.5,380
GOMECC4_VERACRUZ_Sta89_DCM_A,SAMN37516368,GOMECC4_VERACRUZ_Sta89_DCM_A_18S,2021-10-08T20:48-04:00,CTD rosette,VERACRUZ_Sta89,"Mexico, Gulf of",Mexico: Gulf of Mexico,40,18.836,-93.066,283
GOMECC4_VERACRUZ_Sta89_DCM_B,SAMN37516369,GOMECC4_VERACRUZ_Sta89_DCM_B_18S,2021-10-08T20:48-04:00,CTD rosette,VERACRUZ_Sta89,"Mexico, Gulf of",Mexico: Gulf of Mexico,40,18.836,-93.066,313
GOMECC4_VERACRUZ_Sta89_DCM_C,SAMN37516370,GOMECC4_VERACRUZ_Sta89_DCM_C_18S,2021-10-08T20:48-04:00,CTD rosette,VERACRUZ_Sta89,"Mexico, Gulf of",Mexico: Gulf of Mexico,40,18.836,-93.066,246
GOMECC4_VERACRUZ_Sta89_Deep_A,SAMN37516365,GOMECC4_VERACRUZ_Sta89_Deep_A_18S,2021-10-08T20:48-04:00,CTD rosette,VERACRUZ_Sta89,"Mexico, Gulf of",Mexico: Gulf of Mexico,53,18.836,-93.066,426
GOMECC4_VERACRUZ_Sta89_Deep_B,SAMN37516366,GOMECC4_VERACRUZ_Sta89_Deep_B_18S,2021-10-08T20:48-04:00,CTD rosette,VERACRUZ_Sta89,"Mexico, Gulf of",Mexico: Gulf of Mexico,53,18.836,-93.066,376
GOMECC4_VERACRUZ_Sta89_Deep_C,SAMN37516367,GOMECC4_VERACRUZ_Sta89_Deep_C_18S,2021-10-08T20:48-04:00,CTD rosette,VERACRUZ_Sta89,"Mexico, Gulf of",Mexico: Gulf of Mexico,53,18.836,-93.066,298
GOMECC4_VERACRUZ_Sta89_Surface_A,SAMN37516371,GOMECC4_VERACRUZ_Sta89_Surface_A_18S,2021-10-08T20:48-04:00,CTD rosette,VERACRUZ_Sta89,"Mexico, Gulf of",Mexico: Gulf of Mexico,4,18.836,-93.066,141
GOMECC4_VERACRUZ_Sta89_Surface_B,SAMN37516372,GOMECC4_VERACRUZ_Sta89_Surface_B_18S,2021-10-08T20:48-04:00,CTD rosette,VERACRUZ_Sta89,"Mexico, Gulf of",Mexico: Gulf of Mexico,4,18.836,-93.066,256
GOMECC4_VERACRUZ_Sta89_Surface_C,SAMN37516373,GOMECC4_VERACRUZ_Sta89_Surface_C_18S,2021-10-08T20:48-04:00,CTD rosette,VERACRUZ_Sta89,"Mexico, Gulf of",Mexico: Gulf of Mexico,4,18.836,-93.066,178
GOMECC4_YUCATAN_Sta100_DCM_A,SAMN37516431,GOMECC4_YUCATAN_Sta100_DCM_A_18S,2021-10-12T09:25-04:00,CTD rosette,YUCATAN_Sta100,"Mexico, Gulf of",Mexico: Gulf of Mexico,29,22.542,-88.0,361
GOMECC4_YUCATAN_Sta100_DCM_B,SAMN37516432,GOMECC4_YUCATAN_Sta100_DCM_B_18S,2021-10-12T09:25-04:00,CTD rosette,YUCATAN_Sta100,"Mexico, Gulf of",Mexico: Gulf of Mexico,29,22.542,-88.0,224
GOMECC4_YUCATAN_Sta100_DCM_C,SAMN37516433,GOMECC4_YUCATAN_Sta100_DCM_C_18S,2021-10-12T09:25-04:00,CTD rosette,YUCATAN_Sta100,"Mexico, Gulf of",Mexico: Gulf of Mexico,29,22.542,-88.0,222
GOMECC4_YUCATAN_Sta100_Deep_A,SAMN37516428,GOMECC4_YUCATAN_Sta100_Deep_A_18S,2021-10-12T09:25-04:00,CTD rosette,YUCATAN_Sta100,"Mexico, Gulf of",Mexico: Gulf of Mexico,48,22.542,-88.0,153
GOMECC4_YUCATAN_Sta100_Deep_B,SAMN37516429,GOMECC4_YUCATAN_Sta100_Deep_B_18S,2021-10-12T09:25-04:00,CTD rosette,YUCATAN_Sta100,"Mexico, Gulf of",Mexico: Gulf of Mexico,48,22.542,-88.0,255
GOMECC4_YUCATAN_Sta100_Deep_C,SAMN37516430,GOMECC4_YUCATAN_Sta100_Deep_C_18S,2021-10-12T09:25-04:00,CTD rosette,YUCATAN_Sta100,"Mexico, Gulf of",Mexico: Gulf of Mexico,48,22.542,-88.0,220
GOMECC4_YUCATAN_Sta100_Surface_A,SAMN37516434,GOMECC4_YUCATAN_Sta100_Surface_A_18S,2021-10-12T09:25-04:00,CTD rosette,YUCATAN_Sta100,"Mexico, Gulf of",Mexico: Gulf of Mexico,2,22.542,-88.0,222
GOMECC4_YUCATAN_Sta100_Surface_B,SAMN37516435,GOMECC4_YUCATAN_Sta100_Surface_B_18S,2021-10-12T09:25-04:00,CTD rosette,YUCATAN_Sta100,"Mexico, Gulf of",Mexico: Gulf of Mexico,2,22.542,-88.0,176
GOMECC4_YUCATAN_Sta100_Surface_C,SAMN37516436,GOMECC4_YUCATAN_Sta100_Surface_C_18S,2021-10-12T09:25-04:00,CTD rosette,YUCATAN_Sta100,"Mexico, Gulf of",Mexico: Gulf of Mexico,2,22.542,-88.0,359
GOMECC4_YUCATAN_Sta102_DCM_A,SAMN37516440,GOMECC4_YUCATAN_Sta102_DCM_A_18S,2021-10-12T18:35-04:00,CTD rosette,YUCATAN_Sta102,"Mexico, Gulf of",Mexico: Gulf of Mexico,64,23.769,-88.001,345
GOMECC4_YUCATAN_Sta102_DCM_B,SAMN37516441,GOMECC4_YUCATAN_Sta102_DCM_B_18S,2021-10-12T18:35-04:00,CTD rosette,YUCATAN_Sta102,"Mexico, Gulf of",Mexico: Gulf of Mexico,64,23.769,-88.001,338
GOMECC4_YUCATAN_Sta102_DCM_C,SAMN37516442,GOMECC4_YUCATAN_Sta102_DCM_C_18S,2021-10-12T18:35-04:00,CTD rosette,YUCATAN_Sta102,"Mexico, Gulf of",Mexico: Gulf of Mexico,64,23.769,-88.001,367
GOMECC4_YUCATAN_Sta102_Deep_A,SAMN37516437,GOMECC4_YUCATAN_Sta102_Deep_A_18S,2021-10-12T18:35-04:00,CTD rosette,YUCATAN_Sta102,"Mexico, Gulf of",Mexico: Gulf of Mexico,124,23.769,-88.001,395
GOMECC4_YUCATAN_Sta102_Deep_B,SAMN37516438,GOMECC4_YUCATAN_Sta102_Deep_B_18S,2021-10-12T18:35-04:00,CTD rosette,YUCATAN_Sta102,"Mexico, Gulf of",Mexico: Gulf of Mexico,124,23.769,-88.001,398
GOMECC4_YUCATAN_Sta102_Deep_C,SAMN37516439,GOMECC4_YUCATAN_Sta102_Deep_C_18S,2021-10-12T18:35-04:00,CTD rosette,YUCATAN_Sta102,"Mexico, Gulf of",Mexico: Gulf of Mexico,124,23.769,-88.001,389
GOMECC4_YUCATAN_Sta102_Surface_A,SAMN37516443,GOMECC4_YUCATAN_Sta102_Surface_A_18S,2021-10-12T18:35-04:00,CTD rosette,YUCATAN_Sta102,"Mexico, Gulf of",Mexico: Gulf of Mexico,3,23.769,-88.001,294
GOMECC4_YUCATAN_Sta102_Surface_B,SAMN37516444,GOMECC4_YUCATAN_Sta102_Surface_B_18S,2021-10-12T18:35-04:00,CTD rosette,YUCATAN_Sta102,"Mexico, Gulf of",Mexico: Gulf of Mexico,3,23.769,-88.001,391
GOMECC4_YUCATAN_Sta102_Surface_C,SAMN37516445,GOMECC4_YUCATAN_Sta102_Surface_C_18S,2021-10-12T18:35-04:00,CTD rosette,YUCATAN_Sta102,"Mexico, Gulf of",Mexico: Gulf of Mexico,3,23.769,-88.001,272
GOMECC4_YUCATAN_Sta106_DCM_A,SAMN37516449,GOMECC4_YUCATAN_Sta106_DCM_A_18S,2021-10-13T16:40-04:00,CTD rosette,YUCATAN_Sta106,"Mexico, Gulf of",Mexico: Gulf of Mexico,99,26.0,-88.0,301
GOMECC4_YUCATAN_Sta106_DCM_B,SAMN37516450,GOMECC4_YUCATAN_Sta106_DCM_B_18S,2021-10-13T16:40-04:00,CTD rosette,YUCATAN_Sta106,"Mexico, Gulf of",Mexico: Gulf of Mexico,99,26.0,-88.0,362
GOMECC4_YUCATAN_Sta106_DCM_C,SAMN37516451,GOMECC4_YUCATAN_Sta106_DCM_C_18S,2021-10-13T16:40-04:00,CTD rosette,YUCATAN_Sta106,"Mexico, Gulf of",Mexico: Gulf of Mexico,99,26.0,-88.0,266
GOMECC4_YUCATAN_Sta106_Deep_A,SAMN37516446,GOMECC4_YUCATAN_Sta106_Deep_A_18S,2021-10-13T16:40-04:00,CTD rosette,YUCATAN_Sta106,"Mexico, Gulf of",Mexico: Gulf of Mexico,3016,26.0,-88.0,272
GOMECC4_YUCATAN_Sta106_Deep_B,SAMN37516447,GOMECC4_YUCATAN_Sta106_Deep_B_18S,2021-10-13T16:40-04:00,CTD rosette,YUCATAN_Sta106,"Mexico, Gulf of",Mexico: Gulf of Mexico,3016,26.0,-88.0,279
GOMECC4_YUCATAN_Sta106_Deep_C,SAMN37516448,GOMECC4_YUCATAN_Sta106_Deep_C_18S,2021-10-13T16:40-04:00,CTD rosette,YUCATAN_Sta106,"Mexico, Gulf of",Mexico: Gulf of Mexico,3016,26.0,-88.0,316
GOMECC4_YUCATAN_Sta106_Surface_A,SAMN37516452,GOMECC4_YUCATAN_Sta106_Surface_A_18S,2021-10-13T16:40-04:00,CTD rosette,YUCATAN_Sta106,"Mexico, Gulf of",Mexico: Gulf of Mexico,3,26.0,-88.0,337
GOMECC4_YUCATAN_Sta106_Surface_B,SAMN37516453,GOMECC4_YUCATAN_Sta106_Surface_B_18S,2021-10-13T16:40-04:00,CTD rosette,YUCATAN_Sta106,"Mexico, Gulf of",Mexico: Gulf of Mexico,3,26.0,-88.0,383
GOMECC4_YUCATAN_Sta106_Surface_C,SAMN37516454,GOMECC4_YUCATAN_Sta106_Surface_C_18S,2021-10-13T16:40-04:00,CTD rosette,YUCATAN_Sta106,"Mexico, Gulf of",Mexico: Gulf of Mexico,3,26.0,-88.0,256
