sample_name,Dataset,project_name,vessel,ESP_sample_match,year,season,collection_date_Flyer,sampling_platform,sampling_device,filtration_device,control_status,station,bottom_depth_m,bottom_depth_group_m,CTD_cast,depth_m,temp_C,salinity_PSU,O2_mL_L,O2_group,density_kG_m3,chlA_ug_L,fluor_volt,latitude,lat_group,longitude,PO4,SiO4,NO3,NO2,NH4,volume_filtered_ml,filter_type,filter_pore_size_um,target_subfragment,F_primer,R_primer,primers_FR,seq_platform,seq_model,seq_chemistry,run_center,run_date,Description,cruise
Lasker18Sc124_17,Merged2018,eCruises_2018,Lasker,Lasker18Sc124_17_D0078,2018,Spring,20180604,Lasker,CTD,peristaltic,Exp,401,1678,500-2000,124,10,17.6432991,33.6803017,5.480000019,,24.34860039,0.18672122,,32.7175,32.5-33.5,-118.21,0.084,0.055,-0.003,0.015,,1000,PVDF,0.22,V4,515F (Parada),806R (Apprill),515F_806R,Illumina,MiSeq,2X250bp PE,MSU,Jan_2022,RREAS 2018,Lasker
Lasker18Sc124_19,Merged2018,eCruises_2018,Lasker,Lasker18Sc124_19_D0079,2018,Spring,20180604,Lasker,CTD,peristaltic,Exp,401,1678,500-2000,124,10,17.6432991,33.6803017,5.480000019,,24.34860039,0.18672122,,32.7175,32.5-33.5,-118.21,0.267,0.323,-0.03,0.041,,1000,PVDF,0.22,V4,515F (Parada),806R (Apprill),515F_806R,Illumina,MiSeq,2X250bp PE,MSU,Jan_2022,RREAS 2018,Lasker
Lasker18Sc124_3,Merged2018,eCruises_2018,Lasker,Lasker18Sc124_3_D0073,2018,Spring,20180604,Lasker,CTD,peristaltic,Exp,401,1678,500-2000,124,100,9.83969975,33.8306999,2.756999969,,26.06780052,0,,32.7175,32.5-33.5,-118.21,1.608,24.244,24.055,0.024,,1000,PVDF,0.22,V4,515F (Parada),806R (Apprill),515F_806R,Illumina,MiSeq,2X250bp PE,MSU,Jan_2022,RREAS 2018,Lasker
Lasker18Sc124_5,Merged2018,eCruises_2018,Lasker,Lasker18Sc124_5_D0074,2018,Spring,20180604,Lasker,CTD,peristaltic,Exp,401,1678,500-2000,124,100,9.83969975,33.8306999,2.756999969,,26.06780052,0,,32.7175,32.5-33.5,-118.21,1.711,25.02,24.489,0.017,,1000,PVDF,0.22,V4,515F (Parada),806R (Apprill),515F_806R,Illumina,MiSeq,2X250bp PE,MSU,Jan_2022,RREAS 2018,Lasker
Lasker18Sc126_17,Merged2018,eCruises_2018,Lasker,Lasker18Sc126_17_D0090,2018,Spring,20180605,Lasker,CTD,peristaltic,Exp,4002,974,500-2000,126,4,15.41720009,33.7458992,5.550000191,,24.91410065,2.279136181,,33.40027778,32.5-33.5,-119.405,0.471,1.237,1.649,0.361,,1000,PVDF,0.22,V4,515F (Parada),806R (Apprill),515F_806R,Illumina,MiSeq,2X250bp PE,MSU,Jan_2022,RREAS 2018,Lasker
Lasker18Sc126_3,Merged2018,eCruises_2018,Lasker,Lasker18Sc126_3_D0085,2018,Spring,20180605,Lasker,CTD,peristaltic,Exp,4002,974,500-2000,126,100,9.093099594,34.01470184,1.947999954,,26.33349991,0,,33.40027778,32.5-33.5,-119.405,,,,,,1000,PVDF,0.22,V4,515F (Parada),806R (Apprill),515F_806R,Illumina,MiSeq,2X250bp PE,MSU,Jan_2022,RREAS 2018,Lasker
Lasker18Sc126_5,Merged2018,eCruises_2018,Lasker,Lasker18Sc126_5_D0086,2018,Spring,20180605,Lasker,CTD,peristaltic,Exp,4002,974,500-2000,126,100,9.093099594,34.01470184,1.947999954,,26.33349991,0,,33.40027778,32.5-33.5,-119.405,1.657,32.172,28.416,0.039,,1000,PVDF,0.22,V4,515F (Parada),806R (Apprill),515F_806R,Illumina,MiSeq,2X250bp PE,MSU,Jan_2022,RREAS 2018,Lasker
Lasker18Sc129_17,Merged2018,eCruises_2018,Lasker,Lasker18Sc129_17_D0121,2018,Spring,20180606,Lasker,CTD,peristaltic,Exp,414,98,,129,8,14.8472996,33.6966019,5.339000225,,25.00049973,2.32909489,,33.40777778,32.5-33.5,-119.8102778,0.485,4.157,5.209,0.208,,1000,PVDF,0.22,V4,515F (Parada),806R (Apprill),515F_806R,Illumina,MiSeq,2X250bp PE,MSU,Jan_2022,RREAS 2018,Lasker
Lasker18Sc129_19,Merged2018,eCruises_2018,Lasker,Lasker18Sc129_19_D0122,2018,Spring,20180606,Lasker,CTD,peristaltic,Exp,414,98,,129,8,14.8472996,33.6966019,5.339000225,,25.00049973,2.32909489,,33.40777778,32.5-33.5,-119.8102778,,,,,,1000,PVDF,0.22,V4,515F (Parada),806R (Apprill),515F_806R,Illumina,MiSeq,2X250bp PE,MSU,Jan_2022,RREAS 2018,Lasker
Lasker18Sc129_3,Merged2018,eCruises_2018,Lasker,Lasker18Sc129_3_D0116,2018,Spring,20180606,Lasker,CTD,peristaltic,Exp,414,98,,129,50,10.2495003,33.7899017,2.88499999,,25.96570015,0.01512646,,33.40777778,32.5-33.5,-119.8102778,1.481,22.341,22.772,0.219,,1000,PVDF,0.22,V4,515F (Parada),806R (Apprill),515F_806R,Illumina,MiSeq,2X250bp PE,MSU,Jan_2022,RREAS 2018,Lasker
Lasker18Sc129_5,Merged2018,eCruises_2018,Lasker,Lasker18Sc129_5_D0117,2018,Spring,20180606,Lasker,CTD,peristaltic,Exp,414,98,,129,50,10.2495003,33.7899017,2.88499999,,25.96570015,0.01512646,,33.40777778,32.5-33.5,-119.8102778,,,,,,500,PVDF,0.22,V4,515F (Parada),806R (Apprill),515F_806R,Illumina,MiSeq,2X250bp PE,MSU,Jan_2022,RREAS 2018,Lasker
Lasker18Sc127_17,Merged2018,eCruises_2018,Lasker,Lasker18Sc127_17_D0100,2018,Spring,20180605,Lasker,CTD,peristaltic,Exp,412,1889,500-2000,127,10,15.5179005,33.7014999,6.011000156,,24.85740089,2.64777994,,33.5845,33.6-34.5,-119.453,,,,,,1000,PVDF,0.22,V4,515F (Parada),806R (Apprill),515F_806R,Illumina,MiSeq,2X250bp PE,MSU,Jan_2022,RREAS 2018,Lasker
Lasker18Sc127_19,Merged2018,eCruises_2018,Lasker,Lasker18Sc127_19_D0101,2018,Spring,20180605,Lasker,CTD,peristaltic,Exp,412,1889,500-2000,127,10,15.5179005,33.7014999,6.011000156,,24.85740089,2.64777994,,33.5845,33.6-34.5,-119.453,0.46,2.031,1.459,0.134,,1000,PVDF,0.22,V4,515F (Parada),806R (Apprill),515F_806R,Illumina,MiSeq,2X250bp PE,MSU,Jan_2022,RREAS 2018,Lasker
Lasker18Sc127_3,Merged2018,eCruises_2018,Lasker,Lasker18Sc127_3_D0095,2018,Spring,20180605,Lasker,CTD,peristaltic,Exp,412,1889,500-2000,127,100,9.0802002,34.0167007,1.942000031,,26.33709908,0,,33.5845,33.6-34.5,-119.453,,,,,,1000,PVDF,0.22,V4,515F (Parada),806R (Apprill),515F_806R,Illumina,MiSeq,2X250bp PE,MSU,Jan_2022,RREAS 2018,Lasker
Lasker18Sc127_5,Merged2018,eCruises_2018,Lasker,Lasker18Sc127_5_D0096,2018,Spring,20180605,Lasker,CTD,peristaltic,Exp,412,1889,500-2000,127,100,9.0802002,34.0167007,1.942000031,,26.33709908,0,,33.5845,33.6-34.5,-119.453,2.03,33.075,28.716,0.122,,1000,PVDF,0.22,V4,515F (Parada),806R (Apprill),515F_806R,Illumina,MiSeq,2X250bp PE,MSU,Jan_2022,RREAS 2018,Lasker
Lasker18Sc128_16,Merged2018,eCruises_2018,Lasker,Lasker18Sc128_16_D0110,2018,Spring,20180605,Lasker,CTD,peristaltic,Exp,411,904,500-2000,128,10,16.4647999,33.6920013,5.860000134,,24.63570023,2.51001263,,33.69083333,33.6-34.5,-119.2833333,0.342,0.715,0.563,0.086,,1000,PVDF,0.22,V4,515F (Parada),806R (Apprill),515F_806R,Illumina,MiSeq,2X250bp PE,MSU,Jan_2022,RREAS 2018,Lasker
Lasker18Sc128_19,Merged2018,eCruises_2018,Lasker,Lasker18Sc128_19_D0111,2018,Spring,20180605,Lasker,CTD,peristaltic,Exp,411,904,500-2000,128,10,16.4647999,33.6920013,5.860000134,,24.63570023,2.51001263,,33.69083333,33.6-34.5,-119.2833333,0.297,0.865,0.319,0.042,,1000,PVDF,0.22,V4,515F (Parada),806R (Apprill),515F_806R,Illumina,MiSeq,2X250bp PE,MSU,Jan_2022,RREAS 2018,Lasker
Lasker18Sc128_3,Merged2018,eCruises_2018,Lasker,Lasker18Sc128_3_D0105,2018,Spring,20180605,Lasker,CTD,peristaltic,Exp,411,904,500-2000,128,100,9.35050011,34.0087013,2.167000055,,26.28739929,0,,33.69083333,33.6-34.5,-119.2833333,,,,,,1000,PVDF,0.22,V4,515F (Parada),806R (Apprill),515F_806R,Illumina,MiSeq,2X250bp PE,MSU,Jan_2022,RREAS 2018,Lasker
Lasker18Sc128_7,Merged2018,eCruises_2018,Lasker,Lasker18Sc128_7_D0107,2018,Spring,20180605,Lasker,CTD,peristaltic,Exp,411,904,500-2000,128,100,9.35050011,34.0087013,2.167000055,,26.28739929,0,,33.69083333,33.6-34.5,-119.2833333,,,,,,1000,PVDF,0.22,V4,515F (Parada),806R (Apprill),515F_806R,Illumina,MiSeq,2X250bp PE,MSU,Jan_2022,RREAS 2018,Lasker
Lasker18Sc122_17,Merged2018,eCruises_2018,Lasker,Lasker18Sc122_17_D0057,2018,Spring,20180603,Lasker,CTD,peristaltic,Exp,425,1868,500-2000,122,18,14.1998997,33.4934006,5.755000114,,24.98180008,0.60075474,,33.91416667,33.6-34.5,-120.71,0.4,2.532,3.003,0.109,,1000,PVDF,0.22,V4,515F (Parada),806R (Apprill),515F_806R,Illumina,MiSeq,2X250bp PE,MSU,Jan_2022,RREAS 2018,Lasker
Lasker18Sc122_19,Merged2018,eCruises_2018,Lasker,Lasker18Sc122_19_D0058,2018,Spring,20180603,Lasker,CTD,peristaltic,Exp,425,1868,500-2000,122,18,14.1998997,33.4934006,5.755000114,,24.98180008,0.60075474,,33.91416667,33.6-34.5,-120.71,0.19,2.903,3.207,0.117,,1000,PVDF,0.22,V4,515F (Parada),806R (Apprill),515F_806R,Illumina,MiSeq,2X250bp PE,MSU,Jan_2022,RREAS 2018,Lasker
Lasker18Sc122_3,Merged2018,eCruises_2018,Lasker,Lasker18Sc122_3_D0052,2018,Spring,20180603,Lasker,CTD,peristaltic,Exp,425,1868,500-2000,122,100,9.62549973,33.777401,3.128000021,,26.06159973,0,,33.91416667,33.6-34.5,-120.71,1.127,21.593,23.236,0.06,,1000,PVDF,0.22,V4,515F (Parada),806R (Apprill),515F_806R,Illumina,MiSeq,2X250bp PE,MSU,Jan_2022,RREAS 2018,Lasker
Lasker18Sc122_5,Merged2018,eCruises_2018,Lasker,Lasker18Sc122_5_D0053,2018,Spring,20180603,Lasker,CTD,peristaltic,Exp,425,1868,500-2000,122,100,9.62549973,33.777401,3.128000021,,26.06159973,0,,33.91416667,33.6-34.5,-120.71,1.442,21.912,23.449,0.045,,1000,PVDF,0.22,V4,515F (Parada),806R (Apprill),515F_806R,Illumina,MiSeq,2X250bp PE,MSU,Jan_2022,RREAS 2018,Lasker
Lasker18Sc123_17,Merged2018,eCruises_2018,Lasker,Lasker18Sc123_17_D0068,2018,Spring,20180604,Lasker,CTD,peristaltic,Exp,422,253,100-300,123,10,13.2612,33.7669983,5.929999828,,25.38579941,4.89281321,,34.41,33.6-34.5,-120.3686111,0.83,9.892,6.501,0.242,,1000,PVDF,0.22,V4,515F (Parada),806R (Apprill),515F_806R,Illumina,MiSeq,2X250bp PE,MSU,Jan_2022,RREAS 2018,Lasker
Lasker18Sc123_19,Merged2018,eCruises_2018,Lasker,Lasker18Sc123_19_D0069,2018,Spring,20180604,Lasker,CTD,peristaltic,Exp,422,253,100-300,123,10,13.2612,33.7669983,5.929999828,,25.38579941,4.89281321,,34.41,33.6-34.5,-120.3686111,0.459,9.962,6.368,0.209,,1000,PVDF,0.22,V4,515F (Parada),806R (Apprill),515F_806R,Illumina,MiSeq,2X250bp PE,MSU,Jan_2022,RREAS 2018,Lasker
Lasker18Sc123_3,Merged2018,eCruises_2018,Lasker,Lasker18Sc123_3_D0063,2018,Spring,20180604,Lasker,CTD,peristaltic,Exp,422,253,100-300,123,100,9.2191,34.0270996,1.771999955,,26.32299995,0.06182471,,34.41,33.6-34.5,-120.3686111,2.322,33.215,28.647,0.099,,1000,PVDF,0.22,V4,515F (Parada),806R (Apprill),515F_806R,Illumina,MiSeq,2X250bp PE,MSU,Jan_2022,RREAS 2018,Lasker
Lasker18Sc123_5,Merged2018,eCruises_2018,Lasker,Lasker18Sc123_5_D0064,2018,Spring,20180604,Lasker,CTD,peristaltic,Exp,422,253,100-300,123,100,9.2191,34.0270996,1.771999955,,26.32299995,0.06182471,,34.41,33.6-34.5,-120.3686111,2.298,33.397,28.572,0.077,,1000,PVDF,0.22,V4,515F (Parada),806R (Apprill),515F_806R,Illumina,MiSeq,2X250bp PE,MSU,Jan_2022,RREAS 2018,Lasker
Lasker18Sc153_17,Merged2018,eCruises_2018,Lasker,Lasker18Sc153_17_D0255,2018,Spring,20180610,Lasker,CTD,peristaltic,Exp,112,83,,153,6,11.2858,33.8235016,5.80700016,,25.80789948,10.8059549,,36.66888889,36.5-37,-121.9580556,,,,,,1000,PVDF,0.22,V4,515F (Parada),806R (Apprill),515F_806R,Illumina,MiSeq,2X250bp PE,MSU,Jan_2022,RREAS 2018,Lasker
Lasker18Sc153_19,Merged2018,eCruises_2018,Lasker,Lasker18Sc153_19_D0256,2018,Spring,20180610,Lasker,CTD,peristaltic,Exp,112,83,,153,6,11.2858,33.8235016,5.80700016,,25.80789948,10.8059549,,36.66888889,36.5-37,-121.9580556,,,,,,1000,PVDF,0.22,V4,515F (Parada),806R (Apprill),515F_806R,Illumina,MiSeq,2X250bp PE,MSU,Jan_2022,RREAS 2018,Lasker
Lasker18Sc153_3,Merged2018,eCruises_2018,Lasker,Lasker18Sc153_3_D0250,2018,Spring,20180610,Lasker,CTD,peristaltic,Exp,112,83,,153,50,9.12030029,33.9193001,2.549000025,,26.25359917,0.07626572,,36.66888889,36.5-37,-121.9580556,,,,,,1000,PVDF,0.22,V4,515F (Parada),806R (Apprill),515F_806R,Illumina,MiSeq,2X250bp PE,MSU,Jan_2022,RREAS 2018,Lasker
Lasker18Sc153_5,Merged2018,eCruises_2018,Lasker,Lasker18Sc153_5_D0251,2018,Spring,20180610,Lasker,CTD,peristaltic,Exp,112,83,,153,50,9.12030029,33.9193001,2.549000025,,26.25359917,0.07626572,,36.66888889,36.5-37,-121.9580556,,,,,,1000,PVDF,0.22,V4,515F (Parada),806R (Apprill),515F_806R,Illumina,MiSeq,2X250bp PE,MSU,Jan_2022,RREAS 2018,Lasker
Lasker18Sc158_17,Merged2018,eCruises_2018,Lasker,Lasker18Sc158_17_D0275,2018,Spring,20180610,Lasker,CTD,peristaltic,Exp,115,82,,158,20,10.9825001,33.8387985,5.573999882,,25.87479973,8.39917755,,36.71083333,36.5-37,-121.915,,,,,,1000,PVDF,0.22,V4,515F (Parada),806R (Apprill),515F_806R,Illumina,MiSeq,2X250bp PE,MSU,Jan_2022,RREAS 2018,Lasker
Lasker18Sc158_19,Merged2018,eCruises_2018,Lasker,Lasker18Sc158_19_D0276,2018,Spring,20180610,Lasker,CTD,peristaltic,Exp,115,82,,158,20,10.9825001,33.8387985,5.573999882,,25.87479973,8.39917755,,36.71083333,36.5-37,-121.915,,,,,,1000,PVDF,0.22,V4,515F (Parada),806R (Apprill),515F_806R,Illumina,MiSeq,2X250bp PE,MSU,Jan_2022,RREAS 2018,Lasker
Lasker18Sc158_3,Merged2018,eCruises_2018,Lasker,Lasker18Sc158_3_D0270,2018,Spring,20180610,Lasker,CTD,peristaltic,Exp,115,82,,158,70,9.10949993,33.9388008,2.237999916,,26.27090073,0,,36.71083333,36.5-37,-121.915,,,,,,1000,PVDF,0.22,V4,515F (Parada),806R (Apprill),515F_806R,Illumina,MiSeq,2X250bp PE,MSU,Jan_2022,RREAS 2018,Lasker
Lasker18Sc158_5,Merged2018,eCruises_2018,Lasker,Lasker18Sc158_5_D0271,2018,Spring,20180610,Lasker,CTD,peristaltic,Exp,115,82,,158,70,9.10949993,33.9388008,2.237999916,,26.27090073,0,,36.71083333,36.5-37,-121.915,1.938,29.103,26.745,0.168,,1000,PVDF,0.22,V4,515F (Parada),806R (Apprill),515F_806R,Illumina,MiSeq,2X250bp PE,MSU,Jan_2022,RREAS 2018,Lasker
Lasker18Sc154_17,Merged2018,eCruises_2018,Lasker,Lasker18Sc154_17_D0265,2018,Spring,20180610,Lasker,CTD,peristaltic,Exp,116,116,,154,10,10.6362,33.8205986,4.737999916,,25.92180061,1.68748605,,36.7425,36.5-37,-121.9713889,,,,,,1000,PVDF,0.22,V4,515F (Parada),806R (Apprill),515F_806R,Illumina,MiSeq,2X250bp PE,MSU,Jan_2022,RREAS 2018,Lasker
Lasker18Sc154_19,Merged2018,eCruises_2018,Lasker,Lasker18Sc154_19_D0266,2018,Spring,20180610,Lasker,CTD,peristaltic,Exp,116,116,,154,10,10.6362,33.8205986,4.737999916,,25.92180061,1.68748605,,36.7425,36.5-37,-121.9713889,1.355,20.155,20.134,0.254,,1000,PVDF,0.22,V4,515F (Parada),806R (Apprill),515F_806R,Illumina,MiSeq,2X250bp PE,MSU,Jan_2022,RREAS 2018,Lasker
Lasker18Sc154_3,Merged2018,eCruises_2018,Lasker,Lasker18Sc154_3_D0260,2018,Spring,20180610,Lasker,CTD,peristaltic,Exp,116,116,,154,100,8.67840004,33.9999008,2.065999985,,26.38710022,0,,36.7425,36.5-37,-121.9713889,1.961,35.065,30.953,0.112,,1000,PVDF,0.22,V4,515F (Parada),806R (Apprill),515F_806R,Illumina,MiSeq,2X250bp PE,MSU,Jan_2022,RREAS 2018,Lasker
Lasker18Sc154_5,Merged2018,eCruises_2018,Lasker,Lasker18Sc154_5_D0261,2018,Spring,20180610,Lasker,CTD,peristaltic,Exp,116,116,,154,100,8.67840004,33.9999008,2.065999985,,26.38710022,0,,36.7425,36.5-37,-121.9713889,,,,,,1000,PVDF,0.22,V4,515F (Parada),806R (Apprill),515F_806R,Illumina,MiSeq,2X250bp PE,MSU,Jan_2022,RREAS 2018,Lasker
Lasker18Sc151_17,Merged2018,eCruises_2018,Lasker,Lasker18Sc151_17_D0245,2018,Spring,20180610,Lasker,CTD,peristaltic,Exp,114,520,500-2000,151,10,11.2571001,33.8279991,5.366000175,,25.81669998,9.43749714,,36.79138889,36.5-37,-121.9022222,1.099,12.65,10.497,0.237,,1000,PVDF,0.22,V4,515F (Parada),806R (Apprill),515F_806R,Illumina,MiSeq,2X250bp PE,MSU,Jan_2022,RREAS 2018,Lasker
Lasker18Sc151_19,Merged2018,eCruises_2018,Lasker,Lasker18Sc151_19_D0246,2018,Spring,20180610,Lasker,CTD,peristaltic,Exp,114,520,500-2000,151,10,11.2571001,33.8279991,5.366000175,,25.81669998,9.43749714,,36.79138889,36.5-37,-121.9022222,,,,,,1000,PVDF,0.22,V4,515F (Parada),806R (Apprill),515F_806R,Illumina,MiSeq,2X250bp PE,MSU,Jan_2022,RREAS 2018,Lasker
Lasker18Sc151_3,Merged2018,eCruises_2018,Lasker,Lasker18Sc151_3_D0240,2018,Spring,20180610,Lasker,CTD,peristaltic,Exp,114,520,500-2000,151,100,8.60289955,34.0105019,1.986999989,,26.40710068,0,,36.79138889,36.5-37,-121.9022222,,,,,,1000,PVDF,0.22,V4,515F (Parada),806R (Apprill),515F_806R,Illumina,MiSeq,2X250bp PE,MSU,Jan_2022,RREAS 2018,Lasker
Lasker18Sc151_5,Merged2018,eCruises_2018,Lasker,Lasker18Sc151_5_D0241,2018,Spring,20180610,Lasker,CTD,peristaltic,Exp,114,520,500-2000,151,100,8.60289955,34.0105019,1.986999989,,26.40710068,0,,36.79138889,36.5-37,-121.9022222,,,,,,1000,PVDF,0.22,V4,515F (Parada),806R (Apprill),515F_806R,Illumina,MiSeq,2X250bp PE,MSU,Jan_2022,RREAS 2018,Lasker
Lasker18Sc150_17,Merged2018,eCruises_2018,Lasker,Lasker18Sc150_17_D0234,2018,Spring,20180609,Lasker,CTD,peristaltic,Exp,119,80,,150,10,11.3247004,33.8353996,5.208000183,,25.81019974,6.31287432,,36.85194444,36.5-37,-121.9911111,,,,,,1000,PVDF,0.22,V4,515F (Parada),806R (Apprill),515F_806R,Illumina,MiSeq,2X250bp PE,MSU,Jan_2022,RREAS 2018,Lasker
Lasker18Sc150_19,Merged2018,eCruises_2018,Lasker,Lasker18Sc150_19_D0235,2018,Spring,20180609,Lasker,CTD,peristaltic,Exp,119,80,,150,10,11.3247004,33.8353996,5.208000183,,25.81019974,6.31287432,,36.85194444,36.5-37,-121.9911111,1.406,19.564,18.177,0.209,,1000,PVDF,0.22,V4,515F (Parada),806R (Apprill),515F_806R,Illumina,MiSeq,2X250bp PE,MSU,Jan_2022,RREAS 2018,Lasker
Lasker18Sc150_3,Merged2018,eCruises_2018,Lasker,Lasker18Sc150_3_D0229,2018,Spring,20180609,Lasker,CTD,peristaltic,Exp,119,80,,150,50,9.11480045,33.9203987,2.519000053,,26.2553997,0.01675687,,36.85194444,36.5-37,-121.9911111,,,,,,1000,PVDF,0.22,V4,515F (Parada),806R (Apprill),515F_806R,Illumina,MiSeq,2X250bp PE,MSU,Jan_2022,RREAS 2018,Lasker
Lasker18Sc150_5,Merged2018,eCruises_2018,Lasker,Lasker18Sc150_5_D0230,2018,Spring,20180609,Lasker,CTD,peristaltic,Exp,119,80,,150,50,9.11480045,33.9203987,2.519000053,,26.2553997,0.01675687,,36.85194444,36.5-37,-121.9911111,,,,,,1000,PVDF,0.22,V4,515F (Parada),806R (Apprill),515F_806R,Illumina,MiSeq,2X250bp PE,MSU,Jan_2022,RREAS 2018,Lasker
CN18Fc51_5_eDNA,Merged2018,eCruises_2018,Flyer,CN18FESPkoa_SC24,2018,Fall,20180911,Flyer,CTD,peristaltic,Exp,ESP,130,100-300,51,35,12.0849,33.6492,3.87004,3-3.9,25.5248,0.8294,0.0532,36.9175,36.5-37,-122.2742,1.07,12.47,15.11,1.12,0.026,1000,PVDF,0.2,V4,515F (Parada),806R (Apprill),515F_806R,Illumina,MiSeq,2x150bp PE,Laragen,July_2019,Spring and fall 2018 Flyer cruise and paired ESP samples,CN18F
CN18FESPkoa_SC24,Merged2018,eCruises_2018,Tethys,CN18Fc51_5_eDNA,2018,Fall,20180911,Tethys,AUV,ESP,Exp,,130,100-300,51,35,12.0849,33.6492,3.87004,3-3.9,25.5248,0.8294,0.0532,36.9175,36.5-37,-122.2742,1.07,12.47,15.11,1.12,0.026,1000,PVDF,0.22,V4,515F (Parada),806R (Apprill),515F_806R,Illumina,MiSeq,2x150bp PE,Laragen,July_2019,Spring and fall 2018 Flyer cruise and paired ESP samples,CN18F
CN18FESPkoa_SC29,Merged2018,eCruises_2018,Tethys,CN18Fc47_6_eDNA,2018,Fall,20180910,Tethys,AUV,ESP,Exp,,140,100-300,47,22,11.9996,33.6597,3.73847,3-3.9,25.5489,0.6294,0.0452,36.9267,36.5-37,-122.2925,1.02,7.1,14.05,0.14,0.116,1000,PVDF,0.22,V4,515F (Parada),806R (Apprill),515F_806R,Illumina,MiSeq,2x150bp PE,Laragen,July_2019,Spring and fall 2018 Flyer cruise and paired ESP samples,CN18F
CN18Fc47_6_eDNA,Merged2018,eCruises_2018,Flyer,CN18FESPkoa_SC29,2018,Fall,20180910,Flyer,CTD,peristaltic,Exp,ESP,140,100-300,47,25,11.9996,33.6597,3.73847,3-3.9,25.5489,0.6294,0.0452,36.9267,36.5-37,-122.2925,1.02,7.1,14.05,0.14,0.116,1000,PVDF,0.2,V4,515F (Parada),806R (Apprill),515F_806R,Illumina,MiSeq,2x150bp PE,Laragen,July_2019,Spring and fall 2018 Flyer cruise and paired ESP samples,CN18F
CN18FESPkoa_SC26,Merged2018,eCruises_2018,Tethys,CN18Fc49_6_eDNA,2018,Fall,20180911,Tethys,AUV,ESP,Exp,,120,100-300,49,27,12.7123,33.6352,4.49015,4-4.9,25.393,2.0529,0.1021,36.927,36.5-37,-122.284,0.82,10.18,9.69,0.27,0.029,1000,PVDF,0.22,V4,515F (Parada),806R (Apprill),515F_806R,Illumina,MiSeq,2x150bp PE,Laragen,July_2019,Spring and fall 2018 Flyer cruise and paired ESP samples,CN18F
CN18Fc49_6_eDNA,Merged2018,eCruises_2018,Flyer,CN18FESPkoa_SC26,2018,Fall,20180911,Flyer,CTD,peristaltic,Exp,ESP,120,100-300,49,25,12.7123,33.6352,4.49015,4-4.9,25.393,2.0529,0.1021,36.927,36.5-37,-122.284,0.82,10.18,9.69,0.27,0.029,1000,PVDF,0.2,V4,515F (Parada),806R (Apprill),515F_806R,Illumina,MiSeq,2x150bp PE,Laragen,July_2019,Spring and fall 2018 Flyer cruise and paired ESP samples,CN18F
CN18Fc46_8_eDNA,Merged2018,eCruises_2018,Flyer,CN18FESPkoa_SC30,2018,Fall,20180910,Flyer,CTD,peristaltic,Exp,ESP,110,100-300,46,10,13.0871,33.6144,4.43183,4-4.9,25.3025,1.6411,0.0856,36.9405,36.5-37,-122.2938,0.91,6.03,10.59,0.39,0.082,1000,PVDF,0.2,V4,515F (Parada),806R (Apprill),515F_806R,Illumina,MiSeq,2x150bp PE,Laragen,July_2019,Spring and fall 2018 Flyer cruise and paired ESP samples,CN18F
CN18FESPkoa_SC30,Merged2018,eCruises_2018,Tethys,CN18Fc46_8_eDNA,2018,Fall,20180910,Tethys,AUV,ESP,Exp,,110,100-300,46,13,13.0871,33.6144,4.43183,4-4.9,25.3025,1.6411,0.0856,36.9405,36.5-37,-122.2938,0.91,6.03,10.59,0.39,0.082,1000,PVDF,0.22,V4,515F (Parada),806R (Apprill),515F_806R,Illumina,MiSeq,2x150bp PE,Laragen,July_2019,Spring and fall 2018 Flyer cruise and paired ESP samples,CN18F
CN18FESPkoa_SC31,Merged2018,eCruises_2018,Tethys,CN18Fc44_8_eDNA,2018,Fall,20180910,Tethys,AUV,ESP,Exp,,125,100-300,44,19,12.0207,33.658,3.79052,3-3.9,25.5434,0.6076,0.0443,36.9543,36.5-37,-122.3333,1.6,7.17,14.42,0.15,0.01,1000,PVDF,0.22,V4,515F (Parada),806R (Apprill),515F_806R,Illumina,MiSeq,2x150bp PE,Laragen,July_2019,Spring and fall 2018 Flyer cruise and paired ESP samples,CN18F
CN18Fc44_8_eDNA,Merged2018,eCruises_2018,Flyer,CN18FESPkoa_SC31,2018,Fall,20180910,Flyer,CTD,peristaltic,Exp,ESP,125,100-300,44,20,12.0207,33.658,3.79052,3-3.9,25.5434,0.6076,0.0443,36.9543,36.5-37,-122.3333,1.6,7.17,14.42,0.15,0.01,900,PVDF,0.2,V4,515F (Parada),806R (Apprill),515F_806R,Illumina,MiSeq,2x150bp PE,Laragen,July_2019,Spring and fall 2018 Flyer cruise and paired ESP samples,CN18F
CN18Fc43_5_eDNA,Merged2018,eCruises_2018,Flyer,CN18FESPkoa_SC32,2018,Fall,20180910,Flyer,CTD,peristaltic,Exp,ESP,125,100-300,43,30,12.2441,33.6459,3.87245,3-3.9,25.4918,0.6269,0.0451,36.9545,36.5-37,-122.337,1.53,5.62,14.91,0.17,0,1000,PVDF,0.2,V4,515F (Parada),806R (Apprill),515F_806R,Illumina,MiSeq,2x150bp PE,Laragen,July_2019,Spring and fall 2018 Flyer cruise and paired ESP samples,CN18F
CN18FESPkoa_SC32,Merged2018,eCruises_2018,Tethys,CN18Fc43_5_eDNA,2018,Fall,20180910,Tethys,AUV,ESP,Exp,,125,100-300,43,35,12.2441,33.6459,3.87245,3-3.9,25.4918,0.6269,0.0451,36.9545,36.5-37,-122.337,1.53,5.62,14.91,0.17,0,1000,PVDF,0.22,V4,515F (Parada),806R (Apprill),515F_806R,Illumina,MiSeq,2x150bp PE,Laragen,July_2019,Spring and fall 2018 Flyer cruise and paired ESP samples,CN18F
CN18FESPkoa_SC34,Merged2018,eCruises_2018,Tethys,CN18Fc41_6_eDNA,2018,Fall,20180910,Tethys,AUV,ESP,Exp,,125,100-300,41,25,11.9131,33.6601,3.79566,3-3.9,25.5654,0.5684,0.0427,36.9607,36.5-37,-122.3422,1.61,13.73,15.74,0.19,0.012,1000,PVDF,0.22,V4,515F (Parada),806R (Apprill),515F_806R,Illumina,MiSeq,2x150bp PE,Laragen,July_2019,Spring and fall 2018 Flyer cruise and paired ESP samples,CN18F
CN18Fc41_6_eDNA,Merged2018,eCruises_2018,Flyer,CN18FESPkoa_SC34,2018,Fall,20180910,Flyer,CTD,peristaltic,Exp,ESP,125,100-300,41,25,11.9131,33.6601,3.79566,3-3.9,25.5654,0.5684,0.0427,36.9607,36.5-37,-122.3422,1.61,13.73,15.74,0.19,0.012,1000,PVDF,0.2,V4,515F (Parada),806R (Apprill),515F_806R,Illumina,MiSeq,2x150bp PE,Laragen,July_2019,Spring and fall 2018 Flyer cruise and paired ESP samples,CN18F
CN18Fc40_6_eDNA,Merged2018,eCruises_2018,Flyer,CN18FESPkoa_SC35,2018,Fall,20180910,Flyer,CTD,peristaltic,Exp,ESP,120,100-300,40,25,11.9661,33.6585,3.80235,3-3.9,25.5542,0.5535,0.0421,36.9662,36.5-37,-122.3437,1.08,13.68,15.3,0.16,0.076,1000,PVDF,0.2,V4,515F (Parada),806R (Apprill),515F_806R,Illumina,MiSeq,2x150bp PE,Laragen,July_2019,Spring and fall 2018 Flyer cruise and paired ESP samples,CN18F
CN18FESPkoa_SC37,Merged2018,eCruises_2018,Tethys,CN18Fc38_5_eDNA,2018,Fall,20180910,Tethys,AUV,ESP,Exp,,125,100-300,38,31,12.0575,33.6557,3.84982,3-3.9,25.5349,0.5684,0.0427,36.9742,36.5-37,-122.3533,1.03,12.35,14.63,0.33,0.006,1000,PVDF,0.22,V4,515F (Parada),806R (Apprill),515F_806R,Illumina,MiSeq,2x150bp PE,Laragen,July_2019,Spring and fall 2018 Flyer cruise and paired ESP samples,CN18F
CN18Fc38_5_eDNA,Merged2018,eCruises_2018,Flyer,CN18FESPkoa_SC37,2018,Fall,20180910,Flyer,CTD,peristaltic,Exp,ESP,125,100-300,38,30,12.0575,33.6557,3.84982,3-3.9,25.5349,0.5684,0.0427,36.9742,36.5-37,-122.3533,1.03,12.35,14.63,0.33,0.006,1000,PVDF,0.2,V4,515F (Parada),806R (Apprill),515F_806R,Illumina,MiSeq,2x150bp PE,Laragen,July_2019,Spring and fall 2018 Flyer cruise and paired ESP samples,CN18F
CN18Sc10_2_eDNA,Merged2018,eCruises_2018,Flyer,CN18SESPkoa_SC47,2018,Spring,20180606,Flyer,CTD,peristaltic,Exp,TS,290,100-300,10,200,8.4878,34.0568,1.71053,1-1.9,26.4628,0.042508571,0.036,36.9783,36.5-37,-122.5182,2.304,0.153,30.207,41.488,,1000,PVDF,0.22,V4,515F (Parada),806R (Apprill),515F_806R,Illumina,MiSeq,2x150bp PE,Laragen,July_2019,Spring and fall 2018 Flyer cruise and paired ESP samples,CN18S
CN18SESPkoa_SC47,Merged2018,eCruises_2018,Makai,CN18Sc10_2_eDNA,2018,Spring,20180606,Makai,AUV,ESP,Exp,,290,100-300,10,200,8.405669543,34.0578001,2.144559356,2-2.9,26.4628,0.079528255,0.036,36.9783,36.5-37,-122.5182,,,,,,1000,PVDF,0.22,V4,515F (Parada),806R (Apprill),515F_806R,Illumina,MiSeq,2x150bp PE,Laragen,July_2019,Spring and fall 2018 Flyer cruise and paired ESP samples,CN18S
CN18Sc15_8_eDNA,Merged2018,eCruises_2018,Flyer,CN18SESPkoa_SC41,2018,Spring,20180607,Flyer,CTD,peristaltic,Exp,TS,310,300-500,15,30,10.9701,33.7886,5.02883,5-5.9,26.4471,4.942857143,0.0359,36.98,36.5-37,-122.5313,2.242,0.113,30.198,38.65,,1000,PVDF,0.22,V4,515F (Parada),806R (Apprill),515F_806R,Illumina,MiSeq,2x150bp PE,Laragen,July_2019,Spring and fall 2018 Flyer cruise and paired ESP samples,CN18S
CN18Sc15_2_eDNA,Merged2018,eCruises_2018,Flyer,CN18SESPkoa_SC42,2018,Spring,20180607,Flyer,CTD,peristaltic,Exp,TS,310,300-500,15,195,8.5451,34.0481,1.74591,1-1.9,25.8382,0.05536,0.1351,36.98,36.5-37,-122.5313,1.306,0.302,16.23,12.635,,1000,PVDF,0.22,V4,515F (Parada),806R (Apprill),515F_806R,Illumina,MiSeq,2x150bp PE,Laragen,July_2019,Spring and fall 2018 Flyer cruise and paired ESP samples,CN18S
CN18SESPkoa_SC41,Merged2018,eCruises_2018,Makai,CN18Sc15_8_eDNA,2018,Spring,20180607,Makai,AUV,ESP,Exp,,310,300-500,15,30,11.03750838,33.80190099,6.052118077,6-6.9,26.4471,1.700372405,0.0359,36.98,36.5-37,-122.5313,,,,,,1000,PVDF,0.22,V4,515F (Parada),806R (Apprill),515F_806R,Illumina,MiSeq,2x150bp PE,Laragen,July_2019,Spring and fall 2018 Flyer cruise and paired ESP samples,CN18S
CN18SESPkoa_SC42,Merged2018,eCruises_2018,Makai,CN18Sc15_2_eDNA,2018,Spring,20180607,Makai,AUV,ESP,Exp,,310,300-500,15,200,8.57032722,34.02819963,2.323526505,2-2.9,25.8382,0.080470672,0.1351,36.98,36.5-37,-122.5313,,,,,,1000,PVDF,0.22,V4,515F (Parada),806R (Apprill),515F_806R,Illumina,MiSeq,2x150bp PE,Laragen,July_2019,Spring and fall 2018 Flyer cruise and paired ESP samples,CN18S
Lasker18Sc130_17,Merged2018,eCruises_2018,Lasker,Lasker18Sc130_17_D0132,2018,Spring,20180607,Lasker,CTD,peristaltic,Exp,126,430,300-500,130,10,12.4856997,33.6235008,6.119999886,,25.42760086,5.77321815,,36.98388889,36.5-37,-122.6005556,,,,,,1000,PVDF,0.22,V4,515F (Parada),806R (Apprill),515F_806R,Illumina,MiSeq,2X250bp PE,MSU,Jan_2022,RREAS 2018,Lasker
Lasker18Sc130_19,Merged2018,eCruises_2018,Lasker,Lasker18Sc130_19_D0133,2018,Spring,20180607,Lasker,CTD,peristaltic,Exp,126,430,300-500,130,10,12.4856997,33.6235008,6.119999886,,25.42760086,5.77321815,,36.98388889,36.5-37,-122.6005556,0.725,1.522,5.872,0.261,,1000,PVDF,0.22,V4,515F (Parada),806R (Apprill),515F_806R,Illumina,MiSeq,2X250bp PE,MSU,Jan_2022,RREAS 2018,Lasker
Lasker18Sc130_3,Merged2018,eCruises_2018,Lasker,Lasker18Sc130_3_D0127,2018,Spring,20180607,Lasker,CTD,peristaltic,Exp,126,430,300-500,130,100,8.97579956,33.9494019,2.375,,26.3010006,0,,36.98388889,36.5-37,-122.6005556,1.458,31.483,27.691,0.25,,1000,PVDF,0.22,V4,515F (Parada),806R (Apprill),515F_806R,Illumina,MiSeq,2X250bp PE,MSU,Jan_2022,RREAS 2018,Lasker
Lasker18Sc130_5,Merged2018,eCruises_2018,Lasker,Lasker18Sc130_5_D0128,2018,Spring,20180607,Lasker,CTD,peristaltic,Exp,126,430,300-500,130,100,8.97579956,33.9494019,2.375,,26.3010006,0,,36.98388889,36.5-37,-122.6005556,2.169,29.385,25.932,0.205,,1000,PVDF,0.22,V4,515F (Parada),806R (Apprill),515F_806R,Illumina,MiSeq,2X250bp PE,MSU,Jan_2022,RREAS 2018,Lasker
CN18FESPkoa_SC58,Merged2018,eCruises_2018,Tethys,CN18Fc12_8_eDNA,2018,Fall,20180907,Tethys,AUV,ESP,Exp,,230,100-300,12,29,13.0777,33.6197,4.21222,4-4.9,25.3091,0.5466,0.0418,36.9848,36.5-37,-122.519,1.25,12.23,14.92,0.31,0.002,1000,PVDF,0.22,V4,515F (Parada),806R (Apprill),515F_806R,Illumina,MiSeq,2x150bp PE,Laragen,July_2019,Spring and fall 2018 Flyer cruise and paired ESP samples,CN18F
CN18Fc12_8_eDNA,Merged2018,eCruises_2018,Flyer,CN18FESPkoa_SC58,2018,Fall,20180907,Flyer,CTD,peristaltic,Exp,TS,230,100-300,12,30,13.0777,33.6197,4.21222,4-4.9,25.3091,0.5466,0.0418,36.9848,36.5-37,-122.519,1.25,12.23,14.92,0.31,0.002,1000,PVDF,0.2,V4,515F (Parada),806R (Apprill),515F_806R,Illumina,MiSeq,2x150bp PE,Laragen,July_2019,Spring and fall 2018 Flyer cruise and paired ESP samples,CN18F
Lasker18Sc145_17,Merged2018,eCruises_2018,Lasker,Lasker18Sc145_17_D0224,2018,Spring,20180609,Lasker,CTD,peristaltic,Exp,MB8,227,100-300,145,10,12.7968998,33.5499001,6.729000092,,25.30990028,9.84753799,,36.98694444,36.5-37,-122.5236111,1.188,3.955,3.185,0.154,,1000,PVDF,0.22,V4,515F (Parada),806R (Apprill),515F_806R,Illumina,MiSeq,2X250bp PE,MSU,Jan_2022,RREAS 2018,Lasker
Lasker18Sc145_19,Merged2018,eCruises_2018,Lasker,Lasker18Sc145_19_D0225,2018,Spring,20180609,Lasker,CTD,peristaltic,Exp,MB8,227,100-300,145,10,12.7968998,33.5499001,6.729000092,,25.30990028,9.84753799,,36.98694444,36.5-37,-122.5236111,,,,,,1000,PVDF,0.22,V4,515F (Parada),806R (Apprill),515F_806R,Illumina,MiSeq,2X250bp PE,MSU,Jan_2022,RREAS 2018,Lasker
Lasker18Sc145_3,Merged2018,eCruises_2018,Lasker,Lasker18Sc145_3_D0219,2018,Spring,20180609,Lasker,CTD,peristaltic,Exp,MB8,227,100-300,145,100,8.91580009,33.9580002,2.101999998,,26.31719971,0,,36.98694444,36.5-37,-122.5236111,,,,,,1000,PVDF,0.22,V4,515F (Parada),806R (Apprill),515F_806R,Illumina,MiSeq,2X250bp PE,MSU,Jan_2022,RREAS 2018,Lasker
Lasker18Sc145_5,Merged2018,eCruises_2018,Lasker,Lasker18Sc145_5_D0220,2018,Spring,20180609,Lasker,CTD,peristaltic,Exp,MB8,227,100-300,145,100,8.91580009,33.9580002,2.101999998,,26.31719971,0,,36.98694444,36.5-37,-122.5236111,,,,,,1000,PVDF,0.22,V4,515F (Parada),806R (Apprill),515F_806R,Illumina,MiSeq,2X250bp PE,MSU,Jan_2022,RREAS 2018,Lasker
CN18Sc09_2_eDNA,Merged2018,eCruises_2018,Flyer,CN18SESPkoa_SC49,2018,Spring,20180606,Flyer,CTD,peristaltic,Exp,TS,190,100-300,9,200,8.4613,34.0447,1.79102,1-1.9,26.4573,0.044485714,0.0362,36.9875,36.5-37,-122.517,2.545,0.101,29.831,41.235,,1000,PVDF,0.22,V4,515F (Parada),806R (Apprill),515F_806R,Illumina,MiSeq,2x150bp PE,Laragen,July_2019,Spring and fall 2018 Flyer cruise and paired ESP samples,CN18S
CN18SESPkoa_SC49,Merged2018,eCruises_2018,Makai,CN18Sc09_2_eDNA,2018,Spring,20180606,Makai,AUV,ESP,Exp,,190,100-300,9,200,8.391116438,34.06403946,2.093012776,2-2.9,26.4573,0.08075001,0.0362,36.9875,36.5-37,-122.517,,,,,,1000,PVDF,0.22,V4,515F (Parada),806R (Apprill),515F_806R,Illumina,MiSeq,2x150bp PE,Laragen,July_2019,Spring and fall 2018 Flyer cruise and paired ESP samples,CN18S
CN18Sc27_8_eDNA,Merged2018,eCruises_2018,Flyer,CN18SESPkoa_SC36,2018,Spring,20180608,Flyer,CTD,peristaltic,Exp,TS,200,100-300,27,30,10.5551,33.7606,4.07827,4-4.9,26.5982,1.423542857,0.036,36.9882,36.5-37,-122.5202,2.29,0.093,30.236,46.112,,1000,PVDF,0.22,V4,515F (Parada),806R (Apprill),515F_806R,Illumina,MiSeq,2x150bp PE,Laragen,July_2019,Spring and fall 2018 Flyer cruise and paired ESP samples,CN18S
CN18Sc18_8_eDNA,Merged2018,eCruises_2018,Flyer,CN18SESPkoa_SC39,2018,Spring,20180608,Flyer,CTD,peristaltic,Exp,TS,200,100-300,18,30,10.5804,33.7643,3.92993,4-4.9,26.401,0.632685714,0.0366,36.9882,36.5-37,-122.5198,2.141,0.174,26.182,33.56,,1000,PVDF,0.22,V4,515F (Parada),806R (Apprill),515F_806R,Illumina,MiSeq,2x150bp PE,Laragen,July_2019,Spring and fall 2018 Flyer cruise and paired ESP samples,CN18S
CN18Sc18_2_eDNA,Merged2018,eCruises_2018,Flyer,CN18SESPkoa_SC40,2018,Spring,20180608,Flyer,CTD,peristaltic,Exp,TS,200,100-300,18,200,8.5901,33.9981,2.05723,2-2.9,25.8881,0.070188571,0.0583,36.9882,36.5-37,-122.5198,1.137,0.291,20.201,21.612,,1000,PVDF,0.22,V4,515F (Parada),806R (Apprill),515F_806R,Illumina,MiSeq,2x150bp PE,Laragen,July_2019,Spring and fall 2018 Flyer cruise and paired ESP samples,CN18S
CN18Sc14_8_eDNA,Merged2018,eCruises_2018,Flyer,CN18SESPkoa_SC44,2018,Spring,20180607,Flyer,CTD,peristaltic,Exp,TS,200,100-300,14,30,10.0097,33.7876,3.37559,3-3.9,26.4776,0.632685714,0.0366,36.9882,36.5-37,-122.5198,2.116,0.045,22.695,29.267,,1000,PVDF,0.22,V4,515F (Parada),806R (Apprill),515F_806R,Illumina,MiSeq,2x150bp PE,Laragen,July_2019,Spring and fall 2018 Flyer cruise and paired ESP samples,CN18S
CN18Sc27_2_eDNA,Merged2018,eCruises_2018,Flyer,CN18SESPkoa_SC37,2018,Spring,20180608,Flyer,CTD,peristaltic,Exp,TS,200,100-300,27,200,7.8489,34.1077,1.43017,1-1.9,25.8896,0.033611429,0.0753,36.9882,36.5-37,-122.5202,1.443,0.332,14.487,16.572,,1000,PVDF,0.22,V4,515F (Parada),806R (Apprill),515F_806R,Illumina,MiSeq,2x150bp PE,Laragen,July_2019,Spring and fall 2018 Flyer cruise and paired ESP samples,CN18S
CN18SESPkoa_SC37,Merged2018,eCruises_2018,Makai,CN18Sc27_2_eDNA,2018,Spring,20180608,Makai,AUV,ESP,Exp,,200,100-300,27,200,8.288688442,34.08066089,1.975259282,1-1.9,25.8896,0.080833281,0.0753,36.9882,36.5-37,-122.5202,,,,,,1000,PVDF,0.22,V4,515F (Parada),806R (Apprill),515F_806R,Illumina,MiSeq,2x150bp PE,Laragen,July_2019,Spring and fall 2018 Flyer cruise and paired ESP samples,CN18S
CN18SESPkoa_SC36,Merged2018,eCruises_2018,Makai,CN18Sc27_8_eDNA,2018,Spring,20180608,Makai,AUV,ESP,Exp,,200,100-300,27,30,10.26982819,33.77007034,4.385419519,4-4.9,26.5982,0.474012862,0.036,36.9882,36.5-37,-122.5202,,,,,,1000,PVDF,0.22,V4,515F (Parada),806R (Apprill),515F_806R,Illumina,MiSeq,2x150bp PE,Laragen,July_2019,Spring and fall 2018 Flyer cruise and paired ESP samples,CN18S
CN18SESPkoa_SC39,Merged2018,eCruises_2018,Makai,CN18Sc18_8_eDNA,2018,Spring,20180607,Makai,AUV,ESP,Exp,,200,100-300,18,30,10.86568478,33.73652772,5.203633739,5-5.9,26.401,1.465760174,0.0366,36.9882,36.5-37,-122.5198,,,,,,1000,PVDF,0.22,V4,515F (Parada),806R (Apprill),515F_806R,Illumina,MiSeq,2x150bp PE,Laragen,July_2019,Spring and fall 2018 Flyer cruise and paired ESP samples,CN18S
CN18Sc14_2_eDNA,Merged2018,eCruises_2018,Flyer,CN18SESPkoa_SC45,2018,Spring,20180607,Flyer,CTD,peristaltic,Exp,TS,200,100-300,14,195,8.3564,34.0504,1.78734,1-1.9,26.0042,0.043793714,0.0501,36.9882,36.5-37,-122.5198,2.24,0.337,21.908,23.141,,1000,PVDF,0.22,V4,515F (Parada),806R (Apprill),515F_806R,Illumina,MiSeq,2x150bp PE,Laragen,July_2019,Spring and fall 2018 Flyer cruise and paired ESP samples,CN18S
CN18SESPkoa_SC44,Merged2018,eCruises_2018,Makai,CN18Sc14_8_eDNA,2018,Spring,20180607,Makai,AUV,ESP,Exp,,200,100-300,14,30,11.01622571,33.7998778,6.145907252,6-6.9,26.4776,1.747639134,0.0366,36.9882,36.5-37,-122.5198,,,,,,1000,PVDF,0.22,V4,515F (Parada),806R (Apprill),515F_806R,Illumina,MiSeq,2x150bp PE,Laragen,July_2019,Spring and fall 2018 Flyer cruise and paired ESP samples,CN18S
CN18SESPkoa_SC45,Merged2018,eCruises_2018,Makai,CN18Sc14_2_eDNA,2018,Spring,20180607,Makai,AUV,ESP,Exp,,200,100-300,14,200,8.418864762,34.06005362,2.122532881,2-2.9,26.0042,0.085174884,0.0501,36.9882,36.5-37,-122.5198,,,,,,1000,PVDF,0.22,V4,515F (Parada),806R (Apprill),515F_806R,Illumina,MiSeq,2x150bp PE,Laragen,July_2019,Spring and fall 2018 Flyer cruise and paired ESP samples,CN18S
CN18SESPkoa_SC40,Merged2018,eCruises_2018,Makai,CN18Sc18_2_eDNA,2018,Spring,20180607,Makai,AUV,ESP,Exp,,200,100-300,18,200,8.27519063,34.08876802,1.926070169,1-1.9,25.8881,0.105150356,0.0583,36.9882,36.5-37,-122.5198,,,,,,1000,PVDF,0.22,V4,515F (Parada),806R (Apprill),515F_806R,Illumina,MiSeq,2x150bp PE,Laragen,July_2019,Spring and fall 2018 Flyer cruise and paired ESP samples,CN18S
CN18FESPkoa_SC43,Merged2018,eCruises_2018,Tethys,CN18Fc33_5_eDNA,2018,Fall,20180909,Tethys,AUV,ESP,Exp,,135,100-300,33,32,12.0147,33.6576,3.75316,3-3.9,25.5446,0.546,0.0418,36.9898,36.5-37,-122.4055,1.56,12.7,14.96,0.36,0.001,1000,PVDF,0.22,V4,515F (Parada),806R (Apprill),515F_806R,Illumina,MiSeq,2x150bp PE,Laragen,July_2019,Spring and fall 2018 Flyer cruise and paired ESP samples,CN18F
CN18Fc21_6_eDNA,Merged2018,eCruises_2018,Flyer,CN18FESPkoa_SC56,2018,Fall,20180908,Flyer,CTD,peristaltic,Exp,ESP,135,100-300,21,25,11.9639,33.6603,3.70764,3-3.9,25.5561,0.5054,0.0402,36.9898,36.5-37,-122.4682,1.49,10.8,11.98,0.24,0.017,1000,PVDF,0.2,V4,515F (Parada),806R (Apprill),515F_806R,Illumina,MiSeq,2x150bp PE,Laragen,July_2019,Spring and fall 2018 Flyer cruise and paired ESP samples,CN18F
CN18FESPkoa_SC56,Merged2018,eCruises_2018,Tethys,CN18Fc21_6_eDNA,2018,Fall,20180908,Tethys,AUV,ESP,Exp,,135,100-300,21,38,11.9639,33.6603,3.70764,3-3.9,25.5561,0.5054,0.0402,36.9898,36.5-37,-122.4682,1.49,10.8,11.98,0.24,0.017,1000,PVDF,0.22,V4,515F (Parada),806R (Apprill),515F_806R,Illumina,MiSeq,2x150bp PE,Laragen,July_2019,Spring and fall 2018 Flyer cruise and paired ESP samples,CN18F
CN18Fc33_5_eDNA,Merged2018,eCruises_2018,Flyer,CN18FESPkoa_SC43,2018,Fall,20180909,Flyer,CTD,peristaltic,Exp,ESP,135,100-300,33,35,12.0147,33.6576,3.75316,3-3.9,25.5446,0.546,0.0418,36.9898,36.5-37,-122.4055,1.56,12.7,14.96,0.36,0.001,1000,PVDF,0.2,V4,515F (Parada),806R (Apprill),515F_806R,Illumina,MiSeq,2x150bp PE,Laragen,July_2019,Spring and fall 2018 Flyer cruise and paired ESP samples,CN18F
Lasker18Sc134_17,Merged2018,eCruises_2018,Lasker,Lasker18Sc134_17_D0163,2018,Spring,20180608,Lasker,CTD,peristaltic,Exp,125,207,100-300,134,10,12.5542002,33.7291985,5.811999798,,25.49620056,4.17137003,,36.99055556,36.5-37,-122.4558333,1.283,8.692,10.455,0.187,,1000,PVDF,0.22,V4,515F (Parada),806R (Apprill),515F_806R,Illumina,MiSeq,2X250bp PE,MSU,Jan_2022,RREAS 2018,Lasker
Lasker18Sc134_19,Merged2018,eCruises_2018,Lasker,Lasker18Sc134_19_D0164,2018,Spring,20180608,Lasker,CTD,peristaltic,Exp,125,207,100-300,134,10,12.5542002,33.7291985,5.811999798,,25.49620056,4.17137003,,36.99055556,36.5-37,-122.4558333,0.947,9.667,10.935,0.231,,1000,PVDF,0.22,V4,515F (Parada),806R (Apprill),515F_806R,Illumina,MiSeq,2X250bp PE,MSU,Jan_2022,RREAS 2018,Lasker
Lasker18Sc134_3,Merged2018,eCruises_2018,Lasker,Lasker18Sc134_3_D0158,2018,Spring,20180608,Lasker,CTD,peristaltic,Exp,125,207,100-300,134,50,9.66079998,33.8661003,2.951999903,,26.12420082,0.14555688,,36.99055556,36.5-37,-122.4558333,,,,,,1000,PVDF,0.22,V4,515F (Parada),806R (Apprill),515F_806R,Illumina,MiSeq,2X250bp PE,MSU,Jan_2022,RREAS 2018,Lasker
Lasker18Sc134_5,Merged2018,eCruises_2018,Lasker,Lasker18Sc134_5_D0159,2018,Spring,20180608,Lasker,CTD,peristaltic,Exp,125,207,100-300,134,50,9.66079998,33.8661003,2.951999903,,26.12420082,0.14555688,,36.99055556,36.5-37,-122.4558333,2.17,29.751,29.194,0.162,,1000,PVDF,0.22,V4,515F (Parada),806R (Apprill),515F_806R,Illumina,MiSeq,2X250bp PE,MSU,Jan_2022,RREAS 2018,Lasker
CN18Fc19_5_eDNA,Merged2018,eCruises_2018,Flyer,CN18FESPkoa_SC57,2018,Fall,20180908,Flyer,CTD,peristaltic,Exp,ESP,135,100-300,19,40,12.254,33.6436,4.21523,4-4.9,25.4884,0.5777,0.0431,36.9937,36.5-37,-122.468,1.38,12.28,15.24,0.27,0.023,1000,PVDF,0.2,V4,515F (Parada),806R (Apprill),515F_806R,Illumina,MiSeq,2x150bp PE,Laragen,July_2019,Spring and fall 2018 Flyer cruise and paired ESP samples,CN18F
CN18FESPkoa_SC57,Merged2018,eCruises_2018,Tethys,CN18Fc19_5_eDNA,2018,Fall,20180908,Tethys,AUV,ESP,Exp,,135,100-300,19,35,12.254,33.6436,4.21523,4-4.9,25.4884,0.5777,0.0431,36.9937,36.5-37,-122.468,1.38,12.28,15.24,0.27,0.026,1000,PVDF,0.22,V4,515F (Parada),806R (Apprill),515F_806R,Illumina,MiSeq,2x150bp PE,Laragen,July_2019,Spring and fall 2018 Flyer cruise and paired ESP samples,CN18F
Lasker18Sc133_17,Merged2018,eCruises_2018,Lasker,Lasker18Sc133_17_D0152,2018,Spring,20180607,Lasker,CTD,peristaltic,Exp,123,83,,133,10,11.0431004,33.8157005,4.657999992,,25.8458004,4.04012442,,36.99527778,36.5-37,-122.5186111,,,,,,1000,PVDF,0.22,V4,515F (Parada),806R (Apprill),515F_806R,Illumina,MiSeq,2X250bp PE,MSU,Jan_2022,RREAS 2018,Lasker
Lasker18Sc133_19,Merged2018,eCruises_2018,Lasker,Lasker18Sc133_19_D0153,2018,Spring,20180607,Lasker,CTD,peristaltic,Exp,123,83,,133,10,11.0431004,33.8157005,4.657999992,,25.8458004,4.04012442,,36.99527778,36.5-37,-122.5186111,1.709,20.164,21.002,0.398,,1000,PVDF,0.22,V4,515F (Parada),806R (Apprill),515F_806R,Illumina,MiSeq,2X250bp PE,MSU,Jan_2022,RREAS 2018,Lasker
Lasker18Sc133_3,Merged2018,eCruises_2018,Lasker,Lasker18Sc133_3_D0147,2018,Spring,20180607,Lasker,CTD,peristaltic,Exp,123,83,,133,70,8.9612999,33.9318008,2.469000101,,26.28890038,0,,36.99527778,36.5-37,-122.5186111,,,,,,1000,PVDF,0.22,V4,515F (Parada),806R (Apprill),515F_806R,Illumina,MiSeq,2X250bp PE,MSU,Jan_2022,RREAS 2018,Lasker
Lasker18Sc133_5,Merged2018,eCruises_2018,Lasker,Lasker18Sc133_5_D0148,2018,Spring,20180607,Lasker,CTD,peristaltic,Exp,123,83,,133,70,8.9612999,33.9318008,2.469000101,,26.28890038,0,,36.99527778,36.5-37,-122.5186111,1.965,29.772,28.279,0.115,,1000,PVDF,0.22,V4,515F (Parada),806R (Apprill),515F_806R,Illumina,MiSeq,2X250bp PE,MSU,Jan_2022,RREAS 2018,Lasker
Lasker18Sc132_17,Merged2018,eCruises_2018,Lasker,Lasker18Sc132_17_D0142,2018,Spring,20180607,Lasker,CTD,peristaltic,Exp,MB1,176,,132,10,12.1905003,33.7733994,6.013999939,,25.60050011,4.35886335,,36.99583333,36.5-37,-122.5180556,1.233,7.648,11.318,0.329,,1000,PVDF,0.22,V4,515F (Parada),806R (Apprill),515F_806R,Illumina,MiSeq,2X250bp PE,MSU,Jan_2022,RREAS 2018,Lasker
Lasker18Sc132_19,Merged2018,eCruises_2018,Lasker,Lasker18Sc132_19_D0143,2018,Spring,20180607,Lasker,CTD,peristaltic,Exp,MB1,176,,132,10,12.1905003,33.7733994,6.013999939,,25.60050011,4.35886335,,36.99583333,36.5-37,-122.5180556,,,,,,1000,PVDF,0.22,V4,515F (Parada),806R (Apprill),515F_806R,Illumina,MiSeq,2X250bp PE,MSU,Jan_2022,RREAS 2018,Lasker
Lasker18Sc132_3,Merged2018,eCruises_2018,Lasker,Lasker18Sc132_3_D0137,2018,Spring,20180607,Lasker,CTD,peristaltic,Exp,MB1,176,,132,100,8.78170013,33.9634018,2.361000061,,26.3423996,0,,36.99583333,36.5-37,-122.5180556,1.688,32.176,30.058,0.164,,1000,PVDF,0.22,V4,515F (Parada),806R (Apprill),515F_806R,Illumina,MiSeq,2X250bp PE,MSU,Jan_2022,RREAS 2018,Lasker
Lasker18Sc132_5,Merged2018,eCruises_2018,Lasker,Lasker18Sc132_5_D0138,2018,Spring,20180607,Lasker,CTD,peristaltic,Exp,MB1,176,,132,100,8.78170013,33.9634018,2.361000061,,26.3423996,0,,36.99583333,36.5-37,-122.5180556,1.77,30.885,29.138,0.283,,1000,PVDF,0.22,V4,515F (Parada),806R (Apprill),515F_806R,Illumina,MiSeq,2X250bp PE,MSU,Jan_2022,RREAS 2018,Lasker
CN18Fc32_4_eDNA,Merged2018,eCruises_2018,Flyer,CN18FESPkoa_SC44,2018,Fall,20180909,Flyer,CTD,peristaltic,Exp,ESP,185,100-300,32,40,11.3054,33.6943,3.38028,3-3.9,25.7046,0.4463,0.0379,36.9973,36.5-37,-122.4083,1.58,16.92,19.22,0.24,0.001,1000,PVDF,0.2,V4,515F (Parada),806R (Apprill),515F_806R,Illumina,MiSeq,2x150bp PE,Laragen,July_2019,Spring and fall 2018 Flyer cruise and paired ESP samples,CN18F
CN18FESPkoa_SC44,Merged2018,eCruises_2018,Tethys,CN18Fc32_4_eDNA,2018,Fall,20180909,Tethys,AUV,ESP,Exp,,185,100-300,32,37,11.3054,33.6943,3.38028,3-3.9,25.7046,0.4463,0.0379,36.9973,36.5-37,-122.4083,1.58,16.92,19.22,0.24,0.001,1000,PVDF,0.22,V4,515F (Parada),806R (Apprill),515F_806R,Illumina,MiSeq,2x150bp PE,Laragen,July_2019,Spring and fall 2018 Flyer cruise and paired ESP samples,CN18F
CN18Fc30_4_eDNA,Merged2018,eCruises_2018,Flyer,CN18FESPkoa_SC46,2018,Fall,20180909,Flyer,CTD,peristaltic,Exp,ESP,220,100-300,30,40,11.7004,33.6699,3.65703,3-3.9,25.6131,0.4768,0.0391,36.9977,36.5-37,-122.4165,1.53,14.95,17.46,0.27,0.001,1000,PVDF,0.2,V4,515F (Parada),806R (Apprill),515F_806R,Illumina,MiSeq,2x150bp PE,Laragen,July_2019,Spring and fall 2018 Flyer cruise and paired ESP samples,CN18F
CN18FESPkoa_SC46,Merged2018,eCruises_2018,Tethys,CN18Fc30_4_eDNA,2018,Fall,20180909,Tethys,AUV,ESP,Exp,,220,100-300,30,39,11.7004,33.6699,3.65703,3-3.9,25.6131,0.4768,0.0391,36.9977,36.5-37,-122.4165,1.53,14.95,17.46,0.27,0.001,1000,PVDF,0.22,V4,515F (Parada),806R (Apprill),515F_806R,Illumina,MiSeq,2x150bp PE,Laragen,July_2019,Spring and fall 2018 Flyer cruise and paired ESP samples,CN18F
CN18Fc29_6_eDNA,Merged2018,eCruises_2018,Flyer,CN18FESPkoa_SC47,2018,Fall,20180909,Flyer,CTD,peristaltic,Exp,ESP,320,300-500,29,30,11.9849,33.6557,3.82099,3-3.9,25.5486,0.5535,0.0421,36.9977,36.5-37,-122.4128,1.08,12.61,15.31,0.24,0.035,1000,PVDF,0.2,V4,515F (Parada),806R (Apprill),515F_806R,Illumina,MiSeq,2x150bp PE,Laragen,July_2019,Spring and fall 2018 Flyer cruise and paired ESP samples,CN18F
CN18FESPkoa_SC47,Merged2018,eCruises_2018,Tethys,CN18Fc29_6_eDNA,2018,Fall,20180909,Tethys,AUV,ESP,Exp,,320,300-500,29,29,11.9849,33.6557,3.82099,3-3.9,25.5486,0.5535,0.0421,36.9977,36.5-37,-122.4128,1.08,12.61,15.31,0.24,0.035,1000,PVDF,0.22,V4,515F (Parada),806R (Apprill),515F_806R,Illumina,MiSeq,2x150bp PE,Laragen,July_2019,Spring and fall 2018 Flyer cruise and paired ESP samples,CN18F
CN18FESPkoa_SC41,Merged2018,eCruises_2018,Tethys,CN18Fc35_5_eDNA,2018,Fall,20180909,Tethys,AUV,ESP,Exp,,145,100-300,35,28,11.3956,33.6851,3.47134,3-3.9,25.6808,0.4463,0.0379,37.0005,37-37.5,-122.384,1.92,16.45,18.48,0.28,0.047,1000,PVDF,0.22,V4,515F (Parada),806R (Apprill),515F_806R,Illumina,MiSeq,2x150bp PE,Laragen,July_2019,Spring and fall 2018 Flyer cruise and paired ESP samples,CN18F
CN18FESPkoa_SC40,Merged2018,eCruises_2018,Tethys,CN18Fc36_6_eDNA,2018,Fall,20180909,Tethys,AUV,ESP,Exp,,135,100-300,36,25,11.9012,33.6626,3.67785,3-3.9,25.5695,0.5217,0.0409,37.0012,37-37.5,-122.3755,1.33,14.1,16.51,0.19,0.003,1000,PVDF,0.22,V4,515F (Parada),806R (Apprill),515F_806R,Illumina,MiSeq,2x150bp PE,Laragen,July_2019,Spring and fall 2018 Flyer cruise and paired ESP samples,CN18F
CN18Fc36_6_eDNA,Merged2018,eCruises_2018,Flyer,CN18FESPkoa_SC40,2018,Fall,20180909,Flyer,CTD,peristaltic,Exp,ESP,135,100-300,36,20,11.9012,33.6626,3.67785,3-3.9,25.5695,0.5217,0.0409,37.0012,37-37.5,-122.3755,1.33,14.1,16.51,0.19,0.003,1000,PVDF,0.2,V4,515F (Parada),806R (Apprill),515F_806R,Illumina,MiSeq,2x150bp PE,Laragen,July_2019,Spring and fall 2018 Flyer cruise and paired ESP samples,CN18F
CN18Fc27_4_eDNA,Merged2018,eCruises_2018,Flyer,CN18FESPkoa_SC49,2018,Fall,20180909,Flyer,CTD,peristaltic,Exp,ESP,150,100-300,27,45,12.0194,33.6541,3.82541,3-3.9,25.5412,0.5684,0.0427,37.0052,37-37.5,-122.4185,1.35,11.98,15.63,0.23,0.024,1000,PVDF,0.2,V4,515F (Parada),806R (Apprill),515F_806R,Illumina,MiSeq,2x150bp PE,Laragen,July_2019,Spring and fall 2018 Flyer cruise and paired ESP samples,CN18F
CN18FESPkoa_SC49,Merged2018,eCruises_2018,Tethys,CN18Fc27_4_eDNA,2018,Fall,20180909,Tethys,AUV,ESP,Exp,,150,100-300,27,48,12.0194,33.6541,3.82541,3-3.9,25.5412,0.5684,0.0427,37.0052,37-37.5,-122.4185,1.35,11.98,15.63,0.23,0.024,1000,PVDF,0.22,V4,515F (Parada),806R (Apprill),515F_806R,Illumina,MiSeq,2x150bp PE,Laragen,July_2019,Spring and fall 2018 Flyer cruise and paired ESP samples,CN18F
CN18Fc22_6_eDNA,Merged2018,eCruises_2018,Flyer,CN18FESPkoa_SC55,2018,Fall,20180908,Flyer,CTD,peristaltic,Exp,ESP,130,100-300,22,35,12.0074,33.653,3.83292,3-3.9,25.5425,0.5684,0.0427,37.006,37-37.5,-122.467,0.88,13.24,14.32,0.07,0.022,1000,PVDF,0.2,V4,515F (Parada),806R (Apprill),515F_806R,Illumina,MiSeq,2x150bp PE,Laragen,July_2019,Spring and fall 2018 Flyer cruise and paired ESP samples,CN18F
CN18FESPkoa_SC55,Merged2018,eCruises_2018,Tethys,CN18Fc22_6_eDNA,2018,Fall,20180908,Tethys,AUV,ESP,Exp,,130,100-300,22,35,12.0074,33.653,3.83292,3-3.9,25.5425,0.5684,0.0427,37.006,37-37.5,-122.467,0.88,13.24,14.32,0.07,0.022,1000,PVDF,0.22,V4,515F (Parada),806R (Apprill),515F_806R,Illumina,MiSeq,2x150bp PE,Laragen,July_2019,Spring and fall 2018 Flyer cruise and paired ESP samples,CN18F
CN18Fc24_6_eDNA,Merged2018,eCruises_2018,Flyer,CN18FESPkoa_SC53,2018,Fall,20180908,Flyer,CTD,peristaltic,Exp,ESP,122,100-300,24,25,12.001,33.6574,3.7499,3-3.9,25.5468,0.5379,0.0415,37.0077,37-37.5,-122.4493,1.42,14.04,14.86,0.29,0.052,1000,PVDF,0.2,V4,515F (Parada),806R (Apprill),515F_806R,Illumina,MiSeq,2x150bp PE,Laragen,July_2019,Spring and fall 2018 Flyer cruise and paired ESP samples,CN18F
CN18FESPkoa_SC53,Merged2018,eCruises_2018,Tethys,CN18Fc24_6_eDNA,2018,Fall,20180908,Tethys,AUV,ESP,Exp,,122,100-300,24,34,12.001,33.6574,3.7499,3-3.9,25.5468,0.5379,0.0415,37.0077,37-37.5,-122.4493,1.42,14.04,14.86,0.29,0.052,1000,PVDF,0.22,V4,515F (Parada),806R (Apprill),515F_806R,Illumina,MiSeq,2x150bp PE,Laragen,July_2019,Spring and fall 2018 Flyer cruise and paired ESP samples,CN18F
Lasker18Sc135_17,Merged2018,eCruises_2018,Lasker,Lasker18Sc135_17_D0173,2018,Spring,20180608,Lasker,CTD,peristaltic,Exp,127,1180,500-2000,135,10,12.8081999,33.668499,6.471000195,,25.39959908,10.8754921,,37.00888889,37-37.5,-122.8005556,,,,,,1000,PVDF,0.22,V4,515F (Parada),806R (Apprill),515F_806R,Illumina,MiSeq,2X250bp PE,MSU,Jan_2022,RREAS 2018,Lasker
Lasker18Sc135_19,Merged2018,eCruises_2018,Lasker,Lasker18Sc135_19_D0174,2018,Spring,20180608,Lasker,CTD,peristaltic,Exp,127,1180,500-2000,135,10,12.8081999,33.668499,6.471000195,,25.39959908,10.8754921,,37.00888889,37-37.5,-122.8005556,0.701,1.44,4.919,0.277,,1000,PVDF,0.22,V4,515F (Parada),806R (Apprill),515F_806R,Illumina,MiSeq,2X250bp PE,MSU,Jan_2022,RREAS 2018,Lasker
CN18Fc25_5_eDNA,Merged2018,eCruises_2018,Flyer,CN18FESPkoa_SC52,2018,Fall,20180908,Flyer,CTD,peristaltic,Exp,ESP,122,100-300,25,30,11.5667,33.6788,3.61299,3-3.9,25.6445,0.4625,0.0385,37.0127,37-37.5,-122.4413,1.48,14.12,19.08,0.38,0.003,1000,PVDF,0.2,V4,515F (Parada),806R (Apprill),515F_806R,Illumina,MiSeq,2x150bp PE,Laragen,July_2019,Spring and fall 2018 Flyer cruise and paired ESP samples,CN18F
CN18FESPkoa_SC52,Merged2018,eCruises_2018,Tethys,CN18Fc25_5_eDNA,2018,Fall,20180908,Tethys,AUV,ESP,Exp,,122,100-300,25,28,11.5667,33.6788,3.61299,3-3.9,25.6445,0.4625,0.0385,37.0127,37-37.5,-122.4413,1.48,14.12,19.08,0.38,0.003,1000,PVDF,0.22,V4,515F (Parada),806R (Apprill),515F_806R,Illumina,MiSeq,2x150bp PE,Laragen,July_2019,Spring and fall 2018 Flyer cruise and paired ESP samples,CN18F