Family,Lasker18Sc122_3_D0052,Lasker18Sc122_5_D0053,Lasker18Sc122_17_D0057,Lasker18Sc122_19_D0058,Lasker18Sc123_3_D0063,Lasker18Sc123_5_D0064,Lasker18Sc123_17_D0068,Lasker18Sc123_19_D0069,Lasker18Sc124_3_D0073,Lasker18Sc124_5_D0074,Lasker18Sc124_17_D0078,Lasker18Sc124_19_D0079,Lasker18Sc126_3_D0085,Lasker18Sc126_5_D0086,Lasker18Sc126_17_D0090,Lasker18Sc127_3_D0095,Lasker18Sc127_5_D0096,Lasker18Sc127_17_D0100,Lasker18Sc127_19_D0101,Lasker18Sc128_3_D0105,Lasker18Sc128_7_D0107,Lasker18Sc128_16_D0110,Lasker18Sc128_19_D0111,Lasker18Sc129_3_D0116,Lasker18Sc129_5_D0117,Lasker18Sc129_17_D0121,Lasker18Sc129_19_D0122,Lasker18Sc130_3_D0127,Lasker18Sc130_5_D0128,Lasker18Sc130_17_D0132,Lasker18Sc130_19_D0133,Lasker18Sc132_3_D0137,Lasker18Sc132_5_D0138,Lasker18Sc132_17_D0142,Lasker18Sc132_19_D0143,Lasker18Sc133_3_D0147,Lasker18Sc133_5_D0148,Lasker18Sc133_17_D0152,Lasker18Sc133_19_D0153,Lasker18Sc134_3_D0158,Lasker18Sc134_5_D0159,Lasker18Sc134_17_D0163,Lasker18Sc134_19_D0164,Lasker18Sc135_17_D0173,Lasker18Sc135_19_D0174,Lasker18Sc145_3_D0219,Lasker18Sc145_5_D0220,Lasker18Sc145_17_D0224,Lasker18Sc145_19_D0225,Lasker18Sc150_3_D0229,Lasker18Sc150_5_D0230,Lasker18Sc150_17_D0234,Lasker18Sc150_19_D0235,Lasker18Sc151_3_D0240,Lasker18Sc151_5_D0241,Lasker18Sc151_17_D0245,Lasker18Sc151_19_D0246,Lasker18Sc153_3_D0250,Lasker18Sc153_5_D0251,Lasker18Sc153_17_D0255,Lasker18Sc153_19_D0256,Lasker18Sc154_3_D0260,Lasker18Sc154_5_D0261,Lasker18Sc154_17_D0265,Lasker18Sc154_19_D0266,Lasker18Sc158_3_D0270,Lasker18Sc158_5_D0271,Lasker18Sc158_17_D0275,Lasker18Sc158_19_D0276
Acanthamoebidae,196,1,7,2,9,55,2,0,20,17,12,2,46,11,5,42,31,0,9,2,12,9,7,20,0,31,62,315,0,0,0,118,4,0,0,57,29,0,9,33,2,0,0,0,0,26,1,0,4,119,13,0,0,374,5,0,0,447,0,0,0,218,42,3,0,44,3,3,0
Acartiidae,0,1,4,0,0,3,277,826,0,0,0,0,1,0,142,0,1,185,297,0,1,51,16,0,0,99,378,0,5,179,303,0,0,917,2402,1,776,186,4051,54,746,1044,162,1337,1080,1167,3,1215,6119,1,2,3231,1804,7,0,1958,2299,5,32,13110,4009,2,0,2079,7399,1,44,2328,1972
Achatinellidae,0,0,0,0,0,0,0,0,0,0,0,0,0,0,0,0,0,0,0,0,0,0,0,0,0,0,0,0,0,0,3,0,0,0,3,8,1,10,21,12,4,0,0,3,0,0,0,8,8,18,8,18,9,0,0,7,6,0,0,26,25,0,3,76,99,0,3,26,10
Acinetosporaceae,0,0,0,0,0,0,0,0,0,0,7,6,0,0,0,0,0,0,0,0,0,0,2,0,0,0,3,0,0,0,0,0,0,0,0,5,0,0,0,0,0,0,0,0,0,0,0,0,0,0,0,0,0,0,0,0,0,0,0,0,0,0,0,0,0,0,0,0,0
Aeginidae,0,0,0,0,0,0,0,0,0,0,0,0,0,0,0,0,23,0,0,0,0,0,0,0,0,0,0,0,0,0,0,0,0,0,0,0,0,0,0,0,0,0,0,0,0,0,0,0,0,0,0,0,0,0,0,0,0,0,0,0,0,0,0,0,0,0,0,0,0
Aequoreidae,0,0,0,0,0,0,0,0,0,0,0,0,0,0,0,0,0,0,0,0,0,0,0,3,0,0,0,0,0,0,0,0,0,0,0,0,0,0,0,0,0,0,0,0,0,1,0,0,0,0,0,0,0,0,0,0,0,0,0,0,0,0,0,0,0,0,0,0,0
Agalmatidae,10,29,2,17,2,16,18,0,0,0,0,1,0,3,0,3,15,0,0,13,4,0,3,6,53,0,4,29,27,0,0,6,6,0,0,9,0,0,0,1,3,0,0,0,0,1,0,0,0,0,6,0,0,5,21,0,0,22,9,0,3,3,36,2,3,2,1,0,0
Aglaopheniidae,16,195,0,2,548,1749,40,7,33,67,142,148,866,637,0,949,1687,7,3,6,68,1,3,16,67,0,0,593,973,3,11,2039,1933,59,17,848,1251,0,4,92,55,9,0,41,6,515,251,2,33,365,1107,76,18,3365,2723,0,35,299,287,13,1,1205,1473,17,39,188,62,8,12
Alariaceae,0,0,0,0,0,0,0,0,0,0,0,0,0,0,0,0,0,0,0,0,0,0,0,0,0,0,0,1,3,0,0,0,0,0,0,0,0,0,0,3,2,0,0,0,0,0,0,0,0,2,0,0,0,0,0,0,0,1,3,0,0,1,0,0,0,1,0,0,0
Alloposidae,0,0,0,0,0,0,0,0,0,0,0,2,0,0,0,0,0,0,0,0,0,0,0,0,0,0,0,0,0,0,0,0,0,0,0,0,0,0,0,0,0,0,0,0,0,0,0,0,0,0,0,0,0,0,0,0,0,0,0,0,0,0,0,0,0,0,0,0,0
Amphipleuraceae,0,0,0,0,0,0,1,3,1,8,0,0,0,0,0,0,0,0,6,0,1,10,2,0,13,21,8,0,0,42,45,2,0,51,42,11,0,25,17,8,4,31,22,113,47,0,1,35,87,1,3,88,69,0,0,655,449,1,0,59,57,0,0,111,166,0,6,65,44
Amphiuridae,0,0,0,0,0,2,0,0,0,0,0,0,0,0,0,4,0,0,0,0,0,0,0,0,2,0,0,0,0,0,0,0,0,0,0,0,1,0,226,0,0,0,0,0,0,0,52,0,0,0,0,0,0,0,0,0,0,10,0,0,0,0,0,0,0,98,0,0,0
Anisolpidiaceae,0,0,0,0,0,0,0,0,0,0,0,0,0,0,0,0,3,0,0,0,0,0,0,0,0,0,0,0,0,0,0,0,0,0,0,5,72,4,0,0,0,0,0,0,0,0,0,0,0,0,0,0,0,0,0,0,0,0,0,0,0,0,0,0,0,4,0,0,0
Annulariidae,4,13,2,3,9,17,0,0,0,0,0,0,22,21,0,13,60,0,0,0,0,0,0,1,18,0,0,1,4,0,0,0,0,0,0,15,0,0,0,10,1,0,0,0,0,22,5,0,0,8,67,0,0,17,0,0,0,17,28,0,0,0,8,0,0,33,20,4,0
Apoikiaceae,0,0,0,0,0,0,0,0,0,0,0,0,0,0,0,0,0,0,0,0,0,0,0,0,0,0,0,0,0,0,0,0,0,0,0,0,0,0,0,0,2,0,0,0,0,0,0,0,0,0,0,0,0,0,0,0,0,0,0,0,0,0,0,0,0,0,0,0,0
Apolemiidae,0,17,6,0,0,2,4,0,0,0,0,0,1213,57,0,23,52,0,0,3,11917,0,2,0,11,2,0,2,2,0,0,0,0,0,0,0,0,0,0,24,5,0,0,2,0,0,0,0,0,0,29,1,0,0,0,0,0,0,0,1,0,0,0,0,0,0,0,0,0
Apusomonadidae,0,0,0,0,0,1,0,0,0,0,0,0,0,0,0,0,0,0,0,0,0,0,0,0,0,0,0,0,1,0,0,0,0,0,0,2,16,0,0,4,7,0,0,0,0,33,8,0,0,16,16,0,0,0,0,0,0,0,0,0,0,0,0,0,0,3,2,0,0
Arcidae,8,20,0,0,3,9,0,0,0,4,0,0,9,3,0,8,8,0,0,0,1,0,0,1,3,0,0,4,4,0,0,2,6,0,0,7,4,0,0,1,0,0,0,0,0,1,2,0,0,2,5,5,0,8,6,6,0,3,4,0,0,12,3,0,0,10,0,0,0
Arthoniaceae,0,0,0,0,0,0,0,0,0,0,0,0,0,0,0,0,0,0,0,0,0,0,0,0,0,0,0,0,0,0,0,0,0,0,0,0,0,0,0,0,0,0,0,0,0,0,0,0,0,0,0,0,0,0,0,0,0,0,0,0,9,0,0,0,0,0,0,0,0
Arulidae,0,0,0,3,0,0,0,0,0,0,0,0,0,0,0,0,0,0,0,0,0,0,0,0,0,0,0,0,0,0,0,0,0,0,0,0,0,0,4,0,0,0,0,0,0,0,0,0,0,4,0,0,0,0,0,0,0,0,0,0,0,0,0,0,0,0,0,0,0
Ascidiidae,0,0,0,0,0,0,0,0,0,0,11,6,0,0,10,0,0,2,2,2,0,400,320,1,0,109,34,0,0,0,0,0,0,0,0,0,0,0,0,2,7,1,0,0,0,0,0,0,0,0,1,0,0,0,0,0,0,0,0,0,0,0,0,0,0,0,0,1,0
Aspergillaceae,20,16,0,2,22,0,13,0,47,0,0,2,0,0,15,22,0,43,1,0,0,0,22,4,0,18,0,0,0,0,7,0,0,0,0,0,0,0,0,9,0,0,0,33,0,0,24,0,0,0,0,0,1,0,0,215,0,7,0,7,0,0,0,21,0,0,1,0,22
Asplanchnidae,12,10,0,0,11,2,0,0,152,0,0,0,12,3,0,22,12,0,0,3,0,0,0,1,2,0,0,118,0,0,0,37,2,0,0,16,0,0,0,5,0,0,0,0,0,5,2,0,0,23,0,0,0,143,17,3,0,150,0,0,0,12,0,0,0,8,0,0,0
Asteriidae,0,0,0,0,0,0,0,0,0,0,0,0,0,0,0,5,0,0,0,0,0,0,0,0,0,0,0,0,0,0,0,0,0,0,0,0,0,0,0,0,0,0,0,0,0,0,0,0,0,0,0,0,0,0,0,0,0,0,0,0,0,0,0,0,0,0,0,0,0
Axinellidae,0,0,2,0,0,0,0,0,0,0,0,0,0,0,0,0,0,0,0,0,0,0,0,0,0,0,0,0,0,0,0,0,0,0,0,0,0,0,0,0,0,0,0,0,0,0,0,0,0,0,0,0,0,0,0,0,0,1,1,0,0,0,0,0,0,0,0,0,0
Bacillariaceae,75,305,2048,1646,50,62,127,115,13,17,56,32,283,299,2252,261,607,9960,7205,29,63,4229,3435,124,196,3741,2998,267,648,4271,5283,202,154,933,681,158,187,12,6,635,628,17,16,1164,858,90,66,9,27,326,448,194,155,87,97,278,315,378,410,18,14,140,88,3173,2106,84,130,266,248
Balaenopteridae,0,0,0,0,0,0,0,0,0,0,0,0,0,0,0,0,0,0,0,0,0,0,0,0,0,0,0,0,0,0,0,0,0,3,0,0,0,0,0,0,0,4,0,0,0,0,0,0,0,0,0,0,0,0,0,0,0,0,0,0,0,0,0,0,0,0,0,0,8
Balanidae,0,0,0,0,0,0,0,0,0,0,0,0,0,0,0,0,0,0,0,0,0,0,0,0,0,0,0,0,0,0,0,0,0,0,0,0,0,0,0,0,0,0,0,0,0,0,0,0,0,5,0,0,29,0,0,24,0,5,3,0,0,0,0,0,0,19,11,2,2
Bangiaceae,94,169,0,6,11,77,0,0,12,0,1402,1235,2,4,1,22,33,7,5,0,8,59,25,7,31,20,21,6,29,5,12,40,14,0,1,46,21,1,0,118,40,1,0,1,0,9,44,50,340,284,53,4,1,40,12,6,0,87,47,2,11,6,1,1,7,41,14,5,0
Bathycoccaceae,2,5,939,851,3,18,11,11,0,3,714,785,2,5,243,0,4,31,31,2,0,1542,1397,27,40,351,102,125,121,10,5,28,41,34,61,56,53,84,98,284,355,162,49,0,1,75,37,23,51,237,228,83,75,47,36,4,7,173,234,2,7,29,28,207,119,80,76,48,33
Benthesicymidae,0,0,0,0,0,0,0,0,0,0,0,0,0,0,0,0,0,0,0,0,0,0,0,0,5,0,0,0,0,0,0,0,0,0,0,0,0,0,0,0,0,0,0,0,0,0,0,0,0,0,0,0,0,0,0,0,0,0,0,0,0,0,0,0,0,0,0,0,0
Blastocladiaceae,3,21,0,1,80,258,0,1,1,2,5,1,17,10,0,4,31,0,0,0,0,6,3,11,49,3,10,214,384,1,0,186,159,5,7,227,257,46,38,230,163,3,0,3,5,399,189,0,0,257,445,71,15,534,299,48,17,154,190,37,17,133,123,53,36,310,158,5,18
Bolinopsidae,0,0,0,9,0,0,0,0,0,1,0,0,0,0,1,0,0,0,0,0,0,0,0,0,0,0,1,0,0,0,0,0,0,0,185,32,1146,4,22,6,10,0,0,0,1,0,0,0,0,60,14,15,11,2644,4,3,4,14,13,0,0,2,2,8,7,3,1,8,3
Bonelliidae,0,0,0,0,0,0,0,0,0,0,0,0,0,0,0,0,0,0,0,0,0,0,0,0,0,0,0,0,0,0,0,0,0,0,0,0,0,0,0,0,0,0,0,0,0,0,0,0,0,0,0,0,0,0,0,3,0,0,0,0,0,0,0,0,0,0,0,0,0
Bougainvilliidae,0,0,0,0,0,0,0,0,0,0,0,3,0,0,0,0,0,0,0,0,0,0,0,0,0,0,0,0,3,0,0,0,0,0,0,0,0,0,0,0,0,0,0,0,0,0,0,0,0,0,0,0,0,0,0,0,0,0,0,0,0,0,0,0,0,0,0,0,0
Brachionidae,0,0,0,0,0,0,3,0,0,0,0,0,0,0,52,0,0,572,301,0,0,0,0,0,0,3,29,0,0,0,0,0,0,0,0,0,0,0,0,0,0,0,0,0,0,0,0,0,0,0,0,0,0,0,0,0,0,0,0,0,0,0,0,0,0,0,0,0,0
Bythograeidae,0,0,0,0,0,0,0,0,0,0,0,0,0,0,0,0,0,0,0,0,0,0,0,0,0,0,0,0,0,0,1,0,0,0,0,0,0,0,0,0,0,0,0,0,0,0,0,0,0,0,0,0,0,0,0,0,0,0,0,0,0,0,0,0,0,0,0,0,1
Cafeteriaceae,0,72,0,0,0,6,0,0,0,0,0,0,0,9,0,0,201,0,0,0,0,0,0,0,3,0,0,1,0,0,0,0,0,0,0,0,0,0,0,0,0,0,0,0,0,0,0,0,0,0,0,0,0,0,0,0,0,7,4,0,0,11,15,0,0,0,0,0,0
Calanidae,1,0,0,0,2,5,1843,2087,0,0,118,25,1,0,117,0,141,2050,152,0,4,11,0,1394,1100,1142,129,1,0,24,453,0,5,0,17,0,0,186,366,4373,459,13,0,2188,767,4188,1,896,1862,151,1,407,785,0,0,2,2,4,2,434,81,0,0,6,14,1,22,70,258
Calocalanidae,1,0,2,0,0,743,0,0,1,3771,1,1,0,2517,2,5362,2,2,0,1713,70,0,0,0,1,0,0,0,1,0,0,12,3,0,0,0,2886,0,3,5511,479,0,0,0,0,0,1,0,0,0,0,0,0,0,0,0,0,23,0,0,0,0,0,0,3,366,2,0,0
Campanulariidae,0,0,3,7,4,4,2,1,0,0,2,1,22,4,0,2,30,12,3,2,0,3,3,49,183,6,51,0,0,0,0,0,10,4,0,21,4,4,0,23,26,0,0,0,0,9,4,0,0,32,26,1,2,19,0,3,0,9,3,1,1,0,6,0,2,8,1,0,0
Candelabridae,0,0,2,0,0,0,0,0,0,0,2,0,0,0,0,0,2,0,0,0,0,0,0,0,0,0,0,2,0,0,0,0,0,0,0,0,0,0,0,0,0,0,0,0,0,0,0,0,0,0,2,0,0,0,0,0,0,0,0,0,0,0,0,0,0,0,0,0,0
Capitellidae,0,0,0,0,0,0,0,0,0,0,0,0,0,0,0,0,0,0,0,0,0,0,0,0,0,0,0,0,0,0,0,0,0,0,0,0,0,0,0,0,0,0,0,0,0,0,0,0,0,0,0,0,0,0,0,0,10,0,0,0,0,0,0,0,0,0,0,0,0
Carinomidae,0,0,0,0,0,0,0,0,0,0,0,0,0,0,0,0,0,0,0,0,0,0,0,0,0,0,0,0,0,0,0,0,0,0,0,0,0,0,0,0,0,0,0,0,0,0,0,0,0,0,0,0,0,0,0,0,0,0,0,0,0,0,0,0,0,0,0,3,0
Caryophylliidae,0,0,0,0,0,0,0,0,0,0,0,0,0,0,0,0,0,0,0,0,0,0,0,0,0,0,0,0,0,0,0,0,0,0,0,11,0,0,0,0,0,0,0,0,0,0,0,0,0,0,0,0,0,0,0,0,0,0,0,0,0,0,0,0,0,0,0,0,0
Catostylidae,1,0,0,3,0,0,0,0,0,0,0,0,0,0,0,0,0,0,0,0,0,0,0,0,0,0,0,2,2,0,0,0,0,0,0,0,1,0,0,5,2,0,0,0,0,2,2,0,0,3,3,0,0,2,6,0,0,1,0,0,0,0,0,2,0,8,0,1,0
Cephalothricidae,23,45,1,3,0,7,0,0,0,0,0,0,0,0,0,0,0,0,0,0,0,0,0,0,6,0,0,0,0,0,0,2,0,0,0,5,0,0,0,0,0,0,0,0,0,0,0,0,0,9,2,0,0,0,0,0,0,11,0,0,0,0,0,0,0,0,0,0,0
Ceramiaceae,0,0,0,0,0,0,0,0,0,0,0,0,0,0,0,0,0,0,0,0,0,0,0,0,0,0,0,0,1,0,0,4,0,0,0,0,0,0,0,0,2,0,0,0,0,0,0,0,0,0,0,0,0,0,0,0,0,0,0,0,0,0,0,0,0,0,0,0,0
Ceratobasidiaceae,0,0,0,0,0,0,0,0,0,0,0,0,0,0,0,0,0,0,0,0,2,0,0,0,0,0,0,0,0,0,0,0,0,0,0,0,0,0,0,0,0,0,0,0,0,0,0,0,0,0,0,0,0,0,0,0,0,0,0,0,0,0,0,0,0,0,0,0,0
Cestidae,0,0,0,0,0,0,0,0,0,0,0,0,0,0,0,0,0,0,0,0,0,0,0,0,0,0,0,0,0,0,0,0,0,0,0,0,2,0,0,0,0,0,0,0,0,0,0,0,0,0,0,0,0,0,0,0,0,0,0,0,0,0,0,0,0,0,0,0,0
Chaetocerotaceae,2,15,1,1,8,33,2,10,8,0,50,20,116,110,44,234,345,113,85,9,58,313,180,15,50,337,394,0,16,61,71,4,5,33,24,4,12,21,19,70,47,47,6,13,10,3,2,6,0,14,21,85,42,2,7,52,60,14,11,17,7,0,0,132,107,9,18,61,41
Chaetosphaeridiaceae,0,19,0,3,0,1,0,0,0,2,0,0,1,0,0,2,10,0,0,0,4,0,0,0,0,0,0,0,7,0,0,3,2,0,0,0,0,0,0,2,0,0,0,0,0,0,3,0,0,3,2,3,1,3,1,0,0,0,3,0,0,1,0,5,0,6,0,0,0
Chattonellaceae,22,49,18,13,74,281,0,0,41,14,72,42,50,62,0,64,73,0,0,9,12,4,2,7,2,2,3,79,105,2,0,108,101,3,0,45,70,0,0,15,32,0,0,0,0,100,64,0,0,99,85,44,20,235,121,620,464,31,36,31,63,116,60,25,20,55,17,36,22
Chimaeridae,0,0,0,0,0,0,0,0,0,0,0,0,0,0,0,0,0,0,0,0,0,0,0,0,0,0,0,4,0,0,0,0,0,0,0,0,0,0,0,0,0,0,0,0,0,0,0,0,0,0,0,0,0,0,0,0,0,0,0,0,0,0,0,0,0,0,3,0,0
Chirodropidae,0,0,0,0,0,1,0,0,0,0,0,0,0,0,0,1,0,0,0,0,0,0,0,0,0,0,0,2,0,0,0,0,0,0,0,0,0,0,0,0,0,0,0,0,0,2,0,0,0,1,1,0,0,0,0,0,0,0,0,0,0,0,0,0,0,0,0,0,0
Chlorellaceae,0,0,0,0,0,0,0,0,0,0,0,0,0,0,0,0,0,0,0,0,0,0,0,0,0,0,0,0,0,0,0,0,0,0,0,0,0,0,0,0,0,0,0,0,0,0,0,0,3,0,0,0,0,0,0,0,6,0,0,0,0,0,0,0,0,0,0,0,0
Chloropicaceae,2,2,5,0,0,0,2,1,0,0,6,6,3,0,3,0,0,10,0,0,0,1,0,0,2,4,4,0,0,2,0,3,0,0,0,7,0,3,2,10,4,0,0,3,0,0,3,3,0,0,0,6,2,1,4,2,0,0,0,0,0,0,0,14,0,0,0,0,1
Chordariaceae,28,132,8,32,50,134,4,4,27,55,250,134,144,75,10,53,304,133,24,30,48,58,43,81,141,89,50,149,202,7,24,120,112,26,25,149,106,72,72,134,101,14,23,149,66,132,97,53,262,308,193,199,100,168,80,693,716,94,157,122,91,158,136,107,105,138,56,123,68
Choristocarpaceae,0,2,0,0,3,50,0,0,0,0,0,0,52,92,0,179,133,0,0,9,67,0,0,0,0,0,0,32,29,0,0,0,44,0,0,46,17,0,0,0,0,0,0,0,0,40,5,0,0,5,0,0,0,0,288,2,0,0,0,0,0,43,29,0,0,0,0,0,0
Chromulinaceae,14,20,64,96,27,118,10,9,14,8,5289,3893,108,92,206,108,280,75,68,20,16,688,569,6,28,1050,688,89,106,6,4,120,144,33,29,157,82,108,133,692,680,17,0,8,3,142,37,0,1,185,187,82,56,252,113,47,70,51,44,36,21,130,102,109,45,131,105,50,63
Chrysochromulinaceae,398,905,4503,4566,748,2035,636,396,400,811,2527,1781,1160,918,520,639,2434,820,464,149,462,3489,2506,366,997,3235,2565,1480,1457,470,354,2133,1842,717,862,1152,1099,2322,2549,1395,1700,2903,2392,377,209,997,549,28,84,1310,1755,1183,906,3840,2306,669,777,787,975,326,473,1239,1403,2015,1552,1074,686,599,425
Cirratulidae,0,0,0,0,0,0,0,0,0,0,0,0,0,0,0,0,0,0,0,0,0,0,0,0,0,0,0,0,0,0,0,0,0,0,0,5,0,0,0,0,0,0,0,0,0,73,10,0,0,0,0,0,0,0,0,0,0,0,0,0,0,0,0,0,0,0,0,0,0
Cladonematidae,0,0,0,0,0,0,0,0,0,0,0,0,1,0,0,0,0,0,0,3,0,0,0,0,0,0,0,0,0,0,0,0,4,0,0,0,0,0,0,0,0,0,0,0,0,0,3,0,0,0,0,0,0,0,0,0,0,0,0,0,0,0,0,0,0,0,0,0,0
Cladosporiaceae,0,0,0,0,0,0,0,0,0,0,0,0,0,0,0,1,0,0,0,0,0,0,0,0,0,0,0,0,0,0,0,0,0,0,0,0,0,0,0,0,0,0,0,0,0,0,0,0,0,0,0,27,0,0,0,0,0,0,0,0,0,0,0,0,0,0,0,0,0
Cladostephaceae,0,0,0,0,0,0,0,0,0,0,46,17,0,0,0,0,0,0,0,0,0,0,0,0,0,0,0,0,0,0,0,0,0,0,0,0,0,0,0,0,0,0,0,0,0,0,0,0,0,0,0,0,0,0,0,0,0,0,0,0,0,0,0,0,0,0,0,0,0
Clathriidae,0,0,0,0,0,0,0,0,1,0,0,0,0,0,0,0,0,0,0,0,0,0,0,0,23,0,0,0,0,0,0,0,0,0,0,0,0,0,0,0,0,0,0,0,0,0,0,0,0,0,0,0,0,0,0,0,0,0,0,0,0,0,0,0,0,0,0,0,0
Clausocalanidae,1,419,4,782,10,3,0,4,20665,29198,0,0,4587,2,1,30,3927,5204,3687,3,13243,8,0,1566,0,3117,5278,0,0,0,229,0,0,0,0,7039,3001,1,3,216,5496,1,0,12499,4308,1434,6956,14,2627,60,16,255,1,0,2,4,0,3627,0,2,0,3,1,2,0,563,2,0,2095
Clausophyidae,14,0,148,0,21,0,4,0,2,727,10,0,0,0,0,0,0,0,0,2,0,0,0,0,0,0,0,0,6,0,0,0,0,0,0,0,0,0,0,0,0,0,0,0,0,0,0,0,0,0,0,0,0,0,0,0,0,0,0,0,0,0,0,0,0,0,0,0,0
Clionaidae,3,8,0,0,0,0,0,0,4,4,0,2,4,1,0,0,6,0,0,0,0,0,0,0,2,0,0,1,8,0,0,3,0,0,0,4,3,0,0,0,0,0,0,0,0,1,5,0,0,16,8,0,0,2,1,0,0,3,2,0,0,1,3,0,0,9,2,0,0
Clionidae,0,0,0,0,0,0,0,0,0,0,0,0,0,0,0,0,38,0,0,0,0,0,0,0,0,0,0,0,0,0,0,0,0,0,0,0,0,0,0,0,0,0,0,0,0,0,0,0,0,0,0,0,0,0,0,0,0,0,0,0,0,0,0,0,0,0,0,0,0
Cochliopodiidae,0,0,0,0,0,0,0,0,0,0,0,0,1,9,0,0,0,6,3,0,0,3,0,0,7,0,4,0,0,3,2,1,0,1,0,0,0,0,0,0,0,0,0,1,0,0,0,0,0,0,9,7,1,5,0,5,6,0,0,0,1,0,0,0,3,0,2,0,3
Colaconemataceae,0,0,0,0,0,0,0,0,0,0,0,0,0,0,0,0,0,0,0,0,0,0,0,0,0,0,0,0,0,0,0,0,0,0,0,0,0,0,0,0,0,0,0,0,0,0,0,0,0,0,0,0,0,0,0,0,13,0,0,0,0,0,0,0,0,0,0,0,0
Cordycipitaceae,1,0,0,0,0,0,0,1,0,0,0,3,0,0,0,0,0,0,0,0,0,0,0,0,0,0,0,0,0,0,0,0,0,0,0,0,0,0,0,0,0,0,0,0,0,0,0,0,6,0,0,0,0,0,0,0,0,0,0,0,0,0,0,0,0,0,0,0,0
Corycaeidae,0,0,0,0,0,0,0,10,0,0,0,0,0,0,0,0,0,0,0,0,0,0,0,0,0,0,0,0,0,0,0,0,0,0,0,0,0,0,0,0,0,0,0,0,0,0,0,0,0,0,0,0,0,0,0,0,0,0,0,0,0,0,0,0,0,0,0,0,0
Corymorphidae,0,0,0,0,0,0,0,0,0,0,0,0,0,2,0,0,0,0,0,0,0,0,0,0,0,0,0,0,0,0,0,0,0,0,0,5,0,0,0,0,0,0,0,0,0,0,0,0,0,0,4,3,0,0,0,5,2,0,0,0,0,0,0,0,0,0,1,8,0
Corynidae,15,0,0,0,21,9,0,2,19,62,75,30,0,17,0,11,45,0,0,13,21,3,1,0,0,0,0,14,32,3,0,0,0,0,0,0,4,0,0,3,0,0,0,0,0,0,0,0,0,13,24,0,0,1,10,0,0,24,0,0,0,4,0,1,2,3,0,0,0
Coscinodiscaceae,2,7,25,31,1,4,1,0,0,0,206,148,9,21,0,0,14,3,1,2,7,13,21,0,3,84,65,3,6,1,5,2,26,0,1,1,114,2,1,10,5,4,2,2,0,26,6,0,0,24,18,0,2,35,28,0,0,6,9,0,0,4,2,0,5,9,7,0,0
Cuninidae,0,0,0,0,4,23,0,0,0,7,0,0,30,27,0,45,743,0,0,0,1,0,0,0,0,0,0,0,9,0,0,17,4,0,0,1,0,0,0,0,0,0,0,0,0,0,0,0,0,6,0,0,0,0,0,0,0,0,0,0,0,0,0,0,0,0,0,0,0
Cyclopidae,0,0,0,1,1,0,0,0,0,29,0,0,0,0,0,0,6061,0,1,0,0,0,0,0,0,0,0,0,6,0,0,0,10,0,0,3,0,0,0,0,0,0,0,0,0,0,0,0,0,3403,1,0,0,0,0,0,0,1,0,0,0,0,0,0,0,0,0,0,3
Cymatosiraceae,1,9,4,0,9,30,67,36,2,12,0,0,2,2,1,20,21,5,2,6,6,1,0,0,0,10,5,12,15,6,18,5,8,338,362,24,25,11063,10934,51,71,242,250,67,30,16,3,2030,4826,30,19,1312,1058,12,20,334,303,18,30,110,130,8,8,3906,2293,11,11,672,481
Cymothoidae,0,0,0,0,0,0,0,0,0,0,0,0,0,0,0,0,0,0,0,0,0,0,0,0,0,0,0,0,0,0,0,0,0,3,0,35,15,0,0,10,8,0,0,0,0,1,9,0,0,1,1,0,0,0,0,0,0,0,5,0,0,0,0,0,0,3,0,0,0
Cystobasidiaceae,1,14,0,0,0,0,0,0,1,58,0,0,31,0,0,5,37,0,0,3,5,0,0,0,0,0,0,0,1,0,0,43,32,0,0,42,131,0,0,0,0,0,0,0,0,0,6,0,0,0,0,0,0,59,2,0,0,0,26,0,0,5,0,7,0,0,0,0,0
Cystocloniaceae,0,6,0,0,0,0,0,0,0,0,0,0,0,0,0,0,0,0,0,0,0,0,0,0,1,0,0,0,0,0,0,0,0,0,0,0,0,0,0,0,0,0,0,0,0,0,0,0,0,1,0,0,0,3,0,0,0,0,0,0,0,0,0,0,0,2,0,0,0
Delesseriaceae,95,205,0,2,28,47,0,0,30,112,0,0,178,67,0,134,241,0,0,29,109,0,0,5,19,0,0,163,183,0,0,269,287,0,0,318,307,6,0,31,27,0,1,0,0,203,107,0,0,231,218,23,12,408,105,6,14,91,119,0,1,213,157,27,3,46,11,0,6
Delphinidae,0,0,0,0,0,0,0,0,0,0,0,0,0,0,12,0,0,27,8,0,0,0,0,0,0,0,0,0,0,0,0,0,13,0,0,0,29,0,0,0,0,0,0,0,0,0,0,0,0,0,0,0,0,0,0,0,0,9,0,0,0,0,0,0,0,0,0,0,0
Dendrasteridae,0,0,0,0,0,0,2,0,0,0,0,0,0,0,0,0,0,0,0,0,0,0,0,0,0,0,0,0,0,0,0,0,0,0,0,0,0,0,0,0,0,0,0,0,0,0,0,0,0,0,0,0,23,0,0,0,0,0,0,0,0,0,0,0,0,2,2,0,834
Desmacellidae,0,7,0,0,0,0,0,0,0,0,0,0,0,0,0,0,0,0,0,0,0,0,0,0,0,0,0,3,12,22,0,3,0,59,111,10,14,47,23,57,28,251,149,124,58,0,14,0,28,14,0,0,25,0,0,0,52,3,4,0,0,0,0,71,35,45,7,68,4
Desmarestiaceae,0,0,0,0,0,7,0,0,0,5,0,0,4,0,0,0,39,0,0,71,1,0,0,0,0,0,0,0,18,0,0,0,0,0,0,0,4,0,0,0,0,0,0,0,0,0,3,0,0,3,19,0,0,0,0,0,0,4,0,0,0,0,3,0,0,0,8,0,0
Dictyonellidae,4,0,0,0,5,8,0,0,0,2,0,0,0,0,0,0,12,0,0,1,0,0,0,0,0,0,0,11,1,0,0,42,15,2,0,17,13,23,8,23,18,0,0,0,0,2,3,0,2,32,1,7,2,2,5,0,1,1,1,0,0,11,12,4,0,2,0,0,3
Dictyotaceae,1,14,0,0,0,1,0,0,0,0,2,0,3,0,2,3,0,0,0,0,5,0,2,4,1,3,4,4,0,0,0,3,0,0,0,2,0,0,0,0,0,0,0,0,0,1,0,0,0,0,4,0,0,0,0,0,0,6,0,0,0,0,0,0,0,0,0,0,0
Dinobryaceae,0,0,5,0,0,0,0,0,0,0,78,70,0,0,0,0,0,0,0,0,0,5,3,0,0,2,1,0,0,0,0,0,0,0,1,1,3,0,0,5,12,0,0,0,0,0,0,0,0,2,5,0,0,0,0,0,0,0,0,0,0,0,0,0,0,2,0,0,0
Diphyidae,0,4,0,0,0,0,0,5,0,0,0,0,0,2,0,0,61,0,0,0,0,0,0,3,9,26,0,0,2,0,0,0,2,0,0,0,0,0,0,0,0,0,0,0,0,0,0,0,0,0,0,0,0,0,0,0,0,0,0,0,0,0,0,0,0,0,0,0,0
Dolichomastigaceae,0,0,0,0,3,0,1,0,0,0,3,10,0,0,0,0,0,0,1,0,0,8,7,0,0,4,4,0,0,0,0,0,0,1,0,0,0,0,2,0,0,6,0,0,0,0,0,0,0,0,0,0,0,0,0,0,2,0,0,0,0,0,0,0,0,1,0,0,0
Dothioraceae,0,12,0,0,0,0,0,0,0,0,0,3,0,0,0,0,0,0,0,0,0,0,0,0,0,0,0,0,0,0,0,0,0,0,0,2,0,0,0,0,0,0,0,0,0,0,0,0,0,0,0,0,0,0,0,0,19,0,0,4,2,0,0,0,0,0,0,0,0
Durvillaeaceae,8,0,3,1,5,10,0,0,0,0,13,17,1,4,0,1,25,1,0,0,0,24,13,5,1,33,17,2,0,7,0,4,5,0,0,43,0,8,0,0,11,0,3,0,0,27,21,0,0,15,78,13,0,0,0,0,0,24,43,0,0,0,0,0,0,39,15,0,0
Ectocarpaceae,0,0,0,0,0,0,0,0,0,0,0,0,0,0,0,0,0,0,0,0,0,0,0,0,0,0,0,0,0,3,0,0,0,0,1,0,0,1,6,1,0,3,0,0,0,0,0,3,4,0,0,3,2,0,0,4,1,0,0,2,0,0,0,2,0,0,0,0,0
Eirenidae,0,0,0,0,0,3,0,0,0,0,0,0,0,0,0,0,0,0,0,0,0,0,0,0,0,0,0,3,0,0,0,0,0,0,0,0,42,0,0,0,0,0,0,0,0,0,0,0,0,3,1,0,0,1,0,0,6,0,0,0,2,0,0,0,0,0,0,0,0
Enoploteuthidae,0,9,0,0,0,0,0,0,0,0,0,0,0,0,0,0,0,0,0,0,0,0,0,0,0,0,0,0,0,0,0,0,0,0,0,0,0,0,0,0,0,0,0,0,0,0,0,0,0,0,0,0,0,0,0,0,0,0,0,0,0,0,0,0,0,0,0,0,0
Entolomataceae,0,0,0,0,0,0,0,0,0,2,0,0,0,0,0,0,0,0,0,0,0,0,0,0,0,0,0,0,0,0,0,0,0,0,0,0,0,0,0,0,0,0,0,0,0,2,0,0,0,2,0,0,0,0,0,0,0,0,0,0,0,0,0,0,0,0,0,0,0
Etheliaceae,0,1,0,0,0,0,0,0,0,0,0,0,0,0,0,0,0,0,0,0,0,0,0,0,0,0,0,0,1,0,0,0,0,0,0,0,0,0,0,0,0,0,0,0,0,3,0,0,0,0,0,0,0,0,0,0,0,0,2,0,0,0,0,0,0,0,0,0,0
Eucalanidae,0,0,0,1,0,1,0,0,0,3,0,4,0,0,0,0,0,0,0,0,0,0,0,0,0,0,378,0,0,0,0,0,0,0,1,0,0,0,0,0,0,0,0,11279,1,3,0,0,0,7,0,0,0,0,0,4,0,0,0,0,0,0,0,0,0,0,0,0,0
Euchlanidae,0,0,0,0,4,0,0,0,0,0,0,0,0,0,0,0,0,0,0,0,0,0,0,0,1,0,0,0,0,86,112,0,0,21,44,0,0,160,189,0,0,5,3,301,674,0,0,1431,2508,0,2,3,0,0,0,5,33,0,0,387,877,0,0,7,489,0,0,3,0
Euphausiidae,20,5,0,0,0,0,151,0,8,2,0,0,0,0,0,6,2,0,0,0,0,2,0,0,0,9,0,36,8,11,3,5,8,0,5,6,19,12795,133,4,7,5,3,0,0,3,2,611,0,368,699,52,11227,10,4,0,1,8,221,3502,13,3,2,89,117,8,2,183,12109
Flabelligeridae,0,0,0,0,0,0,0,0,0,0,0,0,0,0,0,0,0,0,0,0,0,0,0,0,0,0,0,0,0,0,0,0,0,0,0,46,41,0,0,0,0,0,0,0,0,0,0,0,0,36,10,0,12,0,0,0,0,0,0,0,0,0,0,2,0,0,0,0,0
Forskaliidae,8,58,0,8,0,5,0,0,93,489,0,0,696,1863,0,371,2061,1,1,51,365,106,0,1,3,0,0,691,250,0,0,484,835,0,0,643,5631,0,0,0,104,0,0,1,1,380,108,0,0,509,265,478,39,0,444,2,0,606,662,0,0,526,432,2,152,633,54,78,21
Fragilariaceae,1,8,0,0,0,11,0,6,2,0,1,1,5,5,31,7,11,55,76,0,0,123,43,0,0,68,77,8,16,59,59,5,0,10,7,51,23,11,11,13,8,1,3,113,43,6,7,6,32,4,8,54,27,0,0,74,75,7,1,22,33,8,9,59,101,9,18,60,42
Galatheidae,0,0,3,5,0,0,0,0,0,0,0,0,0,0,0,0,0,0,0,0,0,0,0,0,0,0,0,0,0,0,0,0,0,0,0,0,0,0,0,0,0,0,0,0,0,0,0,0,0,0,0,0,0,0,0,0,0,0,0,0,0,0,0,0,0,0,0,0,0
Gelidiaceae,0,0,0,0,0,0,0,0,0,0,0,0,0,0,0,0,0,0,0,0,0,0,0,0,0,0,0,0,0,0,0,0,0,0,0,0,0,0,0,0,0,0,0,0,0,0,0,4,4,0,0,0,0,0,0,0,0,0,0,0,0,0,0,0,0,0,0,0,0
Geminigeraceae,0,0,0,0,0,0,0,0,0,0,1,0,0,0,0,0,0,1,0,0,0,0,0,0,0,0,0,3,0,0,5,0,0,31,14,0,0,36,78,8,0,25,10,10,0,4,0,23,69,5,1,11,10,0,0,10,0,0,0,6,10,0,0,114,136,0,1,18,8
Gigartinaceae,0,0,0,0,0,0,0,0,0,0,0,0,0,0,0,0,0,0,0,0,0,0,0,0,0,0,0,0,0,0,0,0,0,0,0,0,0,1,0,0,0,0,0,0,0,0,0,0,0,0,0,3,2,0,0,0,0,0,0,0,0,0,0,0,1,6,0,6,0
Glyceridae,0,0,0,0,0,0,0,0,0,0,0,0,0,0,0,0,0,0,0,0,0,0,0,0,0,0,0,0,0,0,0,0,0,0,0,0,0,0,0,0,0,0,0,0,0,0,0,0,0,0,0,7,0,0,0,0,0,76,0,0,0,0,0,0,0,0,0,0,0
Gomphonemataceae,0,0,0,0,0,0,0,0,0,0,2,1,0,0,0,0,0,0,0,0,0,0,0,0,0,0,0,0,0,0,0,0,0,0,0,0,0,0,0,0,0,0,0,0,0,0,0,0,0,0,0,0,1,0,0,2,3,0,0,0,0,0,0,1,0,0,0,0,1
Gonatidae,12,0,0,0,0,0,0,0,0,0,0,0,0,0,0,0,0,0,0,0,8,0,0,0,0,0,0,0,0,0,0,0,0,0,0,0,0,0,0,0,0,0,0,0,0,0,0,0,0,0,0,0,0,0,0,0,0,0,0,0,0,0,0,0,0,0,0,0,0
Graphidaceae,0,0,0,0,0,0,0,0,0,0,0,0,0,0,0,0,0,0,0,0,0,0,0,0,0,0,0,0,0,0,0,0,0,0,0,0,0,0,0,0,0,0,0,0,0,0,0,0,0,0,0,0,0,0,0,0,2,0,0,0,0,0,0,0,0,0,0,0,0
Guyniidae,0,2,0,0,0,0,0,0,4,9,0,0,1,0,0,4,15,0,0,4,1,0,0,3,0,0,0,2,3,0,0,1,4,0,0,3,0,0,0,0,0,0,0,0,0,3,2,0,0,1,2,0,0,10,1,0,0,0,2,0,0,6,2,0,0,2,0,0,0
Gymnodiniaceae,0,3,0,2,3,3,2,0,1,7,0,0,1,7,4,2,10,25,4,0,3,2,0,2,2,11,3,2,2,0,0,7,0,0,0,3,2,0,0,0,0,3,0,2,6,3,3,0,0,9,2,1,1,2,2,0,4,3,0,0,1,0,3,0,0,4,3,0,0
Halichondriidae,11,34,0,0,23,48,0,0,3,19,0,0,61,48,0,43,51,0,0,2,0,0,0,6,22,0,0,105,108,0,0,109,80,0,0,57,59,0,0,20,30,0,0,0,0,106,52,0,0,110,169,0,0,357,99,0,0,76,45,0,0,118,83,8,3,111,53,0,0
Halicreatidae,0,0,0,0,0,0,0,0,0,0,0,0,0,0,0,61,0,0,0,0,0,0,0,0,0,0,0,0,0,0,0,0,0,0,0,0,0,0,0,0,0,0,0,0,0,0,0,0,0,0,0,0,0,0,0,0,0,0,0,0,0,0,0,0,0,0,0,0,0
Halymeniaceae,0,0,0,0,0,0,0,0,0,0,0,0,0,0,0,0,0,0,0,0,0,0,0,0,0,0,0,0,0,0,0,0,0,0,0,0,0,0,0,0,0,0,0,0,0,0,0,0,0,0,0,0,0,0,0,0,201,0,0,0,0,0,0,0,0,0,0,0,0
Hapalidiaceae,0,1,0,0,0,1,0,0,0,5,0,0,0,2,0,0,16,0,0,1,0,0,0,0,3,0,0,1,0,0,0,1,2,0,1,4,0,2,2,5,2,0,0,3,3,2,2,6,33,3,1,13,15,12,7,321,355,5,17,282,240,0,0,11,1,17,9,29,41
Hartmannellidae,0,0,0,0,0,0,0,0,0,0,0,0,0,0,0,0,0,0,0,0,0,0,0,0,0,0,0,0,0,0,0,0,0,0,0,0,0,0,0,0,0,0,0,0,0,0,0,0,0,0,0,0,0,0,0,0,0,0,0,0,0,0,0,0,0,7,0,0,0
Helicarionidae,0,0,0,0,0,0,0,0,0,0,0,0,0,0,0,0,0,0,0,0,0,0,0,0,0,0,0,0,0,2,4,0,0,3,0,0,0,0,0,0,0,0,0,0,0,0,0,0,0,0,0,0,0,0,0,0,0,0,0,0,0,0,0,5,0,0,0,0,0
Hemiaulaceae,0,0,0,0,0,0,0,0,0,0,0,0,0,0,0,0,0,0,0,0,0,0,0,0,0,0,0,0,0,6,1,0,0,0,0,0,1,0,0,0,0,0,0,0,0,0,0,0,0,0,0,0,0,0,0,0,0,0,0,0,0,0,0,0,0,0,1,0,2
Herpotrichiellaceae,0,3,0,0,0,0,0,0,0,0,0,0,0,0,0,0,0,0,0,0,0,0,0,0,0,0,0,0,0,0,0,7,0,0,0,0,0,0,0,0,0,0,0,0,0,0,0,0,27,0,0,0,0,0,0,0,0,14,0,0,0,38,0,0,0,0,0,0,0
Hesionidae,0,0,0,0,0,0,0,0,0,0,0,0,0,0,0,0,0,0,0,0,0,0,0,132,0,0,0,0,0,0,0,0,0,0,0,2,8,0,0,0,0,0,0,0,0,0,9,0,0,23,0,0,0,0,0,0,0,79,130,0,0,0,0,0,0,0,1,0,0
Hippolytidae,2,0,0,0,0,0,0,0,0,0,0,0,0,0,0,0,0,0,0,0,0,0,0,0,0,0,0,0,0,0,0,0,0,0,0,0,0,0,0,0,0,0,0,0,0,0,0,0,0,0,0,0,0,0,0,0,0,0,0,0,0,0,0,0,0,0,0,0,0
Hormosiraceae,0,3,3,1,36,87,164,118,1,9,1,0,32,38,2,34,79,20,10,0,3,3,10,3,0,25,14,5,12,0,9,5,1,4,14,3,13,85,147,14,8,9,6,9,2,5,1,522,718,1,0,41,29,1,2,35,29,13,1,24,30,2,0,43,18,3,3,16,20
Hyalellidae,0,0,0,0,0,0,0,0,0,0,1,0,0,0,0,0,0,0,0,0,0,4,0,0,0,0,0,0,0,0,0,0,0,0,0,0,0,0,0,0,0,0,0,0,0,0,0,0,0,0,0,0,0,0,0,0,0,0,0,0,0,0,0,0,0,0,0,0,0
Hyalodiscaceae,0,0,0,0,0,0,0,0,0,0,0,0,0,0,0,0,0,11,4,0,0,0,0,0,0,0,4,0,0,0,0,0,0,0,0,0,0,0,0,0,0,0,0,0,0,0,0,0,0,0,0,0,0,0,0,0,0,0,0,0,0,0,0,0,0,0,0,0,0
Hydridae,1,2,0,0,1,12,0,1,0,0,0,0,0,4,0,0,2,0,0,0,0,0,0,0,3,0,0,4,5,0,0,0,9,0,0,3,0,0,0,1,0,0,0,0,0,6,0,0,0,0,3,0,1,0,0,1,11,1,4,3,2,0,0,0,6,6,1,6,5
Hygromiidae,0,0,0,0,0,0,0,0,0,0,0,0,2,0,0,0,0,0,0,0,0,0,0,0,0,0,0,0,0,0,0,0,0,0,0,0,0,0,0,0,0,0,0,0,0,0,0,0,0,0,0,0,0,0,0,0,0,0,0,0,0,0,0,0,0,0,0,0,0
Hymenocladiaceae,7,2,0,3,1,0,0,0,0,2,0,0,0,0,0,0,0,0,0,0,2,0,0,4,2,0,1,2,5,0,0,0,0,0,0,1,0,0,0,0,0,0,0,0,0,3,4,0,0,7,1,0,0,0,2,0,0,2,0,0,0,0,1,1,0,1,5,0,0
Isochrysidaceae,0,0,0,1,0,0,0,0,0,0,25,14,0,0,0,0,0,0,0,0,0,0,0,0,0,0,0,0,0,0,0,0,0,0,0,0,0,0,0,0,0,0,0,0,0,0,0,0,0,0,0,10,0,0,0,3,0,0,0,0,0,0,0,0,7,0,0,1,0
Kallymeniaceae,7,12,0,1,0,0,0,0,4,6,0,0,4,0,0,0,1,0,0,1,1,0,0,2,0,0,0,1,4,0,0,3,6,0,0,10,0,0,0,3,0,0,0,0,0,2,0,0,0,0,3,0,0,6,4,0,0,3,3,0,0,0,0,0,0,3,0,0,0
Kareniaceae,0,1,0,0,0,0,0,0,0,0,0,0,0,0,0,0,0,3,0,0,2,9,0,0,0,3,2,0,0,0,0,0,0,0,0,0,0,0,0,0,0,0,0,0,0,0,0,0,0,0,0,0,0,0,0,0,3,0,0,0,0,0,0,0,0,0,0,0,0
Katablepharidaceae,0,0,3,16,0,3,0,0,3,0,0,1,0,0,5,3,0,7,10,0,2,27,7,0,0,18,9,0,0,17,0,0,0,0,0,0,0,0,0,0,0,0,1,2,0,0,0,0,0,0,0,2,1,0,0,0,0,1,2,0,0,0,0,0,0,0,0,0,0
Kishinouyeidae,0,7,0,0,0,0,0,0,0,0,0,0,0,0,0,0,0,0,0,0,0,0,0,0,0,0,0,0,0,0,0,0,0,0,0,0,0,0,0,0,0,0,0,0,0,0,0,0,0,0,0,0,0,0,0,0,0,0,0,0,0,3,0,0,0,0,0,0,0
Lafoeidae,11,2,0,0,0,7,0,0,3,0,0,0,3,0,0,12,0,0,0,30,20,0,0,0,0,0,0,0,0,0,0,19,16,0,0,16,0,0,0,9,0,0,0,0,0,0,3,0,0,0,0,0,3,0,0,0,0,0,0,0,0,12,0,0,0,0,0,0,0
Laminariaceae,0,0,0,2,1,0,0,0,0,0,0,0,0,0,0,0,0,0,0,0,0,0,0,0,0,3,1,0,0,0,4,0,2,0,0,0,0,6,0,1,2,0,0,0,0,0,0,0,3,0,2,0,1,0,0,0,1,0,0,0,0,0,2,0,0,0,0,2,4
Leptocylindraceae,0,0,0,0,0,0,0,0,0,0,0,0,0,0,0,0,0,0,0,0,0,0,0,0,0,0,0,7,0,1,1,0,4,7,12,0,0,4,0,38,37,18,3,0,0,0,1,0,0,8,4,9,2,0,0,2,7,6,5,1,1,0,4,15,9,0,1,3,1
Lessoniaceae,0,0,0,0,0,0,0,0,0,0,0,0,0,0,0,0,0,0,0,0,0,0,0,0,0,0,0,0,0,0,0,0,0,0,0,0,0,0,0,0,0,0,0,0,0,0,0,0,0,0,0,0,0,0,0,0,0,0,0,0,0,0,1,0,0,0,0,0,0
Liagoraceae,0,0,0,0,0,0,0,0,0,0,0,0,0,0,0,0,0,0,0,0,0,0,0,0,0,0,0,0,0,0,0,0,0,0,0,0,0,0,0,0,0,0,0,0,0,0,0,0,0,0,0,0,0,0,0,4,0,0,0,0,0,0,0,0,0,0,0,0,0
Lichtheimiaceae,0,2,1,0,0,0,0,0,3,0,0,0,2,2,0,4,11,0,0,0,2,0,0,0,4,0,0,4,0,0,0,3,3,0,0,3,6,0,0,0,0,0,0,0,0,1,1,0,0,3,2,0,0,8,1,0,0,0,3,0,0,1,0,0,0,3,0,0,0
Lithodesmiaceae,0,2,2,0,2,0,5,3,0,0,11,8,6,12,23,21,23,114,21,0,8,36,24,0,4,66,81,3,2,80,34,1,11,6,2,9,9,11,18,13,4,0,0,23,20,6,2,20,25,9,13,76,32,0,0,267,159,12,8,48,49,1,1,63,48,5,25,70,60
Loliginidae,0,0,0,0,0,0,0,2,0,0,1,0,0,0,0,0,0,0,0,0,0,0,0,2,1,0,0,0,0,0,0,0,2,0,0,0,11,0,5,0,0,0,0,0,8,0,0,0,1,0,6,5,3,0,1,15,0,0,0,0,3,0,3,0,0,3,0,5,0
Lophodiniaceae,0,0,0,0,0,0,0,0,0,0,0,0,0,0,0,0,0,0,0,0,0,0,0,0,0,0,0,0,0,0,0,0,0,0,0,0,0,0,4,0,0,0,0,0,0,0,0,4,10,0,0,0,0,0,0,0,0,0,0,0,0,0,0,0,0,0,0,0,0
Lucicutiidae,2,0,0,0,0,0,9,1,2174,2,0,0,3,25689,3,0,2,0,1,0,0,6,0,0,0,0,0,0,0,0,0,0,0,0,0,0,0,4,0,0,0,0,0,0,0,0,0,0,0,0,0,0,1,0,0,0,0,0,14,0,5,0,0,0,0,2237,0,0,2
Macrodasyidae,119,181,0,0,22,101,0,0,5,7,0,0,35,28,0,69,130,0,1,20,2,4,0,16,34,4,7,1,10,0,0,12,10,0,0,0,11,0,0,8,0,0,0,0,0,0,1,0,0,0,7,0,0,30,0,0,0,2,12,0,0,2,32,0,0,0,0,0,0
Macrotrichidae,0,0,0,0,0,0,0,0,0,0,0,0,0,0,0,0,0,0,0,0,0,0,0,0,0,0,0,0,0,0,0,0,0,0,0,0,0,0,0,0,0,0,0,0,0,0,0,0,0,0,0,8,0,0,0,0,0,0,0,0,0,0,0,0,0,0,0,0,0
Magelonidae,0,0,0,0,0,0,0,0,0,0,0,0,0,0,0,0,0,0,0,0,0,0,0,0,0,0,0,0,0,0,0,0,0,0,0,0,0,0,0,0,0,0,0,0,0,0,0,0,0,0,0,105,0,0,0,0,0,0,0,0,0,0,0,0,0,0,0,0,0
Mallomonadaceae,14,32,27,25,28,61,1,2,13,11,6,2,51,30,1,19,60,4,0,7,5,25,6,5,22,15,2,54,44,0,0,31,63,0,1,54,16,0,0,21,13,0,0,3,0,43,13,0,0,42,56,0,0,92,78,0,0,24,33,0,0,102,41,7,5,38,22,0,0
Mamiellaceae,0,1,44,39,0,4,1,7,0,0,3,2,0,0,13,0,0,3,5,0,0,16,43,2,2,21,5,2,0,0,0,0,4,3,12,0,3,20,43,40,15,49,2,0,0,3,0,7,3,31,10,21,25,1,0,0,6,4,13,0,0,0,0,42,25,1,4,5,0
Melosiraceae,0,0,0,0,0,0,0,0,0,0,0,0,0,0,0,0,0,0,0,0,0,0,0,0,0,0,0,0,0,0,0,0,0,0,0,0,0,0,0,0,5,0,0,0,0,0,0,0,0,0,0,0,0,0,0,0,0,0,0,0,0,0,0,0,0,0,0,5,0
Membraniporidae,0,0,0,0,0,0,0,0,0,0,0,0,0,0,0,0,0,0,0,0,0,0,0,0,0,0,0,0,0,0,0,0,0,0,0,0,0,0,0,0,0,0,0,0,0,0,0,0,0,0,0,337,1,0,0,0,0,0,0,0,0,0,0,0,88,0,0,0,0
Merlucciidae,0,0,0,0,0,0,0,0,0,0,0,0,0,0,0,0,0,0,0,0,0,0,0,0,0,0,0,0,0,0,0,0,0,0,0,0,0,0,0,0,0,0,0,0,0,0,0,0,0,0,0,0,0,0,0,0,2,0,0,0,0,0,0,0,0,0,0,0,0
Metridinidae,0,1,0,0,0,0,0,0,0,0,0,0,4250,113,0,52,0,2238,0,1687,2,573,0,2216,0,1149,0,0,0,0,0,0,0,0,0,0,193,45,0,0,5,0,0,133,6,0,42,24,0,1,0,0,0,0,512,0,0,0,0,2,0,0,0,0,0,0,0,0,0
Microcionidae,7,2,1763,2074,0,2,0,5,0,1,116,67,0,0,38,0,0,21,9,0,0,193,149,10,1,67,14,0,0,0,0,0,0,0,0,1,0,0,0,0,0,1,0,0,0,2,0,0,0,1,3,0,0,0,0,0,0,0,3,0,0,0,0,0,0,0,0,0,1
Milacidae,0,0,0,0,0,0,0,0,0,0,0,0,0,0,0,0,0,0,0,0,0,0,0,0,0,0,0,0,0,0,0,0,0,0,0,0,0,0,0,1,9,0,0,0,0,0,0,0,0,0,0,0,0,0,0,0,0,0,0,0,0,0,0,0,0,0,0,0,0
Moerisiidae,3,37,0,0,0,5,0,0,0,8,0,0,13,8,0,16,14,0,0,0,17,0,0,0,0,0,0,23,67,0,0,82,4,0,0,90,82,0,0,9,8,0,0,0,0,9,18,0,0,23,52,0,0,9,135,1,0,13,0,0,0,63,49,0,0,0,5,0,1
Monodopsidaceae,0,0,0,0,0,0,0,0,0,0,0,0,0,0,0,0,0,0,0,0,0,0,0,0,0,0,0,0,0,0,0,0,0,0,0,3,0,0,0,0,0,0,0,0,2,0,0,4,0,0,0,8,4,0,0,30,20,2,0,4,9,0,0,0,1,2,0,2,2
Mysidae,0,9,0,0,0,0,5,0,0,0,0,0,2,1,5,1,0,9,3,0,0,0,0,0,0,0,0,0,0,0,0,0,3,0,0,0,0,0,3,4,0,0,0,4,4,0,0,0,0,0,0,3,6,0,6,5,0,1,0,0,8,0,0,5,5,0,0,2,0
Mytilidae,0,0,0,0,0,0,0,0,0,0,0,0,0,0,0,0,0,0,0,0,0,0,0,0,0,0,0,0,0,0,0,0,0,0,0,0,0,0,0,0,0,0,0,0,0,0,0,0,0,0,0,0,0,0,0,0,0,4,0,0,0,0,0,0,0,0,0,0,0
Myzocytiopsidaceae,0,0,0,0,0,2,0,0,0,0,4,5,0,0,0,0,0,0,0,0,3,0,0,0,0,0,0,0,0,0,0,0,0,0,0,0,0,0,0,0,0,0,0,0,0,0,0,0,0,0,0,0,0,0,0,0,0,0,0,0,0,0,0,0,0,0,0,0,0
Naviculaceae,0,0,0,0,0,0,0,0,0,0,0,0,0,0,1,0,0,12,9,0,4,2,2,0,0,5,10,0,0,3,0,0,0,0,0,0,0,0,0,0,0,0,0,0,1,0,0,0,0,0,1,2,1,0,0,2,0,0,0,0,0,0,0,1,2,0,0,4,1
Neoralfsiaceae,0,1,0,0,0,0,0,0,0,0,0,0,0,0,0,0,0,0,0,0,0,0,0,0,0,0,0,0,0,0,0,0,0,0,0,0,0,0,0,0,0,0,0,0,0,0,0,0,0,0,0,0,0,0,0,0,0,0,0,0,0,0,0,0,0,0,0,0,0
Nephroselmidaceae,0,0,0,0,0,0,0,0,0,0,0,0,0,0,0,0,0,0,0,0,0,0,0,0,0,0,0,0,0,0,0,0,0,0,3,0,0,3,3,4,4,1,0,0,0,0,1,0,0,0,0,0,4,0,0,3,4,1,0,2,0,0,0,0,1,2,0,0,0
Niphatidae,0,0,0,2,0,0,1,0,0,0,1,3,0,0,0,0,0,4,2,0,0,8,7,0,6,17,11,0,0,0,0,0,0,0,0,0,0,0,0,0,0,0,0,0,0,0,0,0,0,0,0,0,0,0,0,0,0,0,0,2,0,0,0,0,0,0,0,0,0
Noelaerhabdaceae,1061,1517,823,989,1009,1820,2786,1391,306,905,648,544,656,297,1205,395,1075,3294,1094,224,566,2948,2320,118,205,5969,3220,415,301,930,704,321,71,536,361,128,165,143,169,223,256,428,170,317,177,48,148,1,1,91,149,883,667,0,8,86,133,349,300,42,130,7,15,850,656,230,168,328,336
Notheiaceae,0,0,0,0,0,0,0,0,0,0,2,3,0,0,0,0,0,0,0,0,0,0,0,0,0,0,0,0,0,0,0,0,0,0,0,0,0,0,0,0,0,0,0,0,0,0,0,0,0,0,0,0,0,0,0,0,0,0,0,0,0,0,0,0,0,0,0,0,0
Oceaniidae,0,4,0,0,0,0,0,0,0,3,0,0,0,0,0,0,0,0,0,0,0,0,0,0,1,0,0,0,0,0,0,0,2,0,0,0,0,0,0,0,0,0,0,0,0,0,0,0,0,0,0,0,0,0,0,0,0,0,0,0,0,0,0,0,2,0,0,0,0
Ochromonadaceae,4,1,0,0,105,338,3,0,0,3,4,1,17,13,11,11,45,8,10,0,0,3,2,32,75,13,2,191,238,1,0,215,298,0,1,89,92,0,0,57,40,0,0,2,0,160,90,0,0,218,333,1,2,730,444,2,2,91,112,10,0,176,186,27,20,185,59,4,0
Octopodidae,0,0,0,0,0,0,0,0,0,0,0,0,0,0,0,0,0,0,0,0,0,0,0,0,0,0,0,0,0,0,0,0,0,2,5,0,0,2,16,0,0,12,0,0,0,0,2,0,0,0,0,5,0,0,0,0,0,0,0,0,0,0,0,0,2,0,0,0,0
Octopoteuthidae,0,0,0,0,0,0,0,0,0,0,0,0,0,0,0,0,0,0,0,0,0,0,0,0,0,0,0,0,0,0,0,0,0,0,0,0,0,0,0,0,0,0,0,0,0,0,0,0,0,0,0,0,0,0,0,0,0,0,21,0,0,0,0,0,0,0,0,0,0
Oikopleuridae,3,0,0,3,0,0,0,0,0,0,0,0,0,0,0,0,0,0,0,0,0,0,0,0,0,0,0,0,0,0,0,0,0,0,0,0,0,0,0,0,0,0,0,0,0,0,0,0,0,0,0,0,0,0,0,0,0,0,0,0,0,0,0,0,0,0,0,0,0
Oithonidae,0,0,0,1,0,0,0,0,0,0,4,2,0,0,0,1,466,37,0,0,287,0,2,0,118,0,1,0,0,0,0,0,0,0,0,0,0,0,0,12,0,0,0,0,0,0,0,0,0,0,0,0,0,0,0,0,0,0,0,0,0,0,0,0,0,0,0,0,0
Olindiasidae,0,0,0,0,0,0,0,0,0,0,0,0,0,0,0,0,0,0,0,0,0,0,0,0,0,0,0,0,0,3,0,0,0,0,0,25,38,0,0,0,0,0,0,0,0,9,0,0,0,15,38,16,1023,0,0,14,15,0,1,0,1,0,0,13,2,242,85,0,5
Olpidiopsidaceae,0,0,0,0,0,12,0,0,0,0,0,0,0,0,0,0,0,0,0,0,0,0,0,0,0,0,0,0,0,0,0,0,0,0,0,0,0,0,0,0,0,0,0,0,0,0,0,0,0,0,0,0,0,0,0,0,0,0,0,0,0,0,0,0,0,0,0,0,0
Oncaeidae,3320,5,2210,21,6901,2264,1,3120,7,4783,0,2,1634,10114,1,10335,7577,0,0,5,5659,2,3,8939,21133,7978,1,8257,13622,96,0,5142,3421,4,1,3858,23010,3,80,3686,3,2,3,4161,0,5,4544,1,1,14,98,62,0,726,5658,2,6411,3120,1168,5,2,7307,3987,4,2,6909,4714,14351,272
Opheliidae,0,0,0,0,0,0,0,0,0,0,0,0,0,0,0,0,0,0,0,0,0,0,0,0,0,0,0,0,0,0,0,0,0,0,173,0,0,0,0,0,0,0,0,0,0,0,0,0,0,0,0,161,19,0,0,0,0,0,0,0,27,0,0,0,0,0,0,0,0
Ophiotrichidae,0,0,0,0,0,0,1,0,0,0,0,0,0,0,0,0,0,0,0,0,0,0,0,0,0,0,0,0,0,0,0,0,0,0,0,0,0,0,0,0,0,0,0,0,0,0,0,0,0,0,0,0,0,0,0,0,0,0,0,0,0,0,0,0,0,0,0,0,0
Ophiuridae,0,0,0,0,0,3,0,0,0,0,0,0,0,0,0,0,0,0,0,0,0,0,0,0,0,0,0,0,0,0,0,0,0,0,0,91,164,0,0,0,0,0,0,0,0,35,0,0,0,0,0,0,0,0,0,0,0,0,29,0,0,0,0,0,0,0,0,0,0
Oplophoridae,3,0,0,0,0,0,0,7,4,0,0,0,0,0,2,4,0,0,0,0,0,0,0,1,0,0,0,0,0,0,1,2,0,0,0,0,0,0,1,1,0,0,0,0,0,1,2,0,0,0,0,0,0,6,2,0,0,0,0,0,0,1,0,0,0,0,1,4,3
Oulastreidae,0,0,0,0,0,0,0,0,0,0,0,0,0,0,0,0,0,0,0,0,0,0,0,0,0,0,0,0,0,0,0,0,0,0,0,6,0,0,0,0,0,0,0,0,0,0,0,0,0,0,0,0,0,0,0,0,0,0,0,0,0,0,0,0,0,0,0,0,0
Pachychilidae,7,27,15,2,2,12,4,1,2,4,24,12,17,9,128,23,38,344,176,0,5,1093,683,7,16,426,683,8,8,29,62,5,0,17,7,9,8,0,0,42,32,10,2,26,10,0,2,0,0,5,40,14,15,0,7,21,41,2,11,9,0,2,0,41,34,11,14,20,21
Pandeidae,0,7,3,23,0,0,0,5,0,0,0,0,1,0,2,0,0,1,4,3,3,1,0,13,52,7,5,0,0,0,0,0,0,0,0,68,11,0,3,10,0,0,0,9,0,1,14,0,0,94,45,71,2,0,0,0,0,55,1,1,28,64,0,0,10,140,0,0,0
Paracalanidae,0,0,8,410,0,0,867,751,0,0,898,152,1,0,7123,30,0,1185,2099,0,0,2123,4313,0,0,2175,1804,0,0,1134,1203,0,0,453,168,0,2,280,402,0,0,1,20,3859,3504,0,0,827,684,0,0,951,108,1,0,794,835,0,1,2817,80,0,0,713,802,0,0,203,416
Paralichthyidae,0,0,0,0,0,0,0,0,0,0,0,0,0,0,0,0,0,0,0,0,0,0,0,0,0,0,0,0,0,0,0,0,0,0,0,0,0,0,0,0,0,0,0,0,0,0,0,0,0,0,0,0,0,0,0,0,10,0,0,0,0,0,0,0,0,0,0,0,0
Paramoebidae,13,126,11,32,21,126,2,0,3,9,7,0,2,6,2,8,38,0,0,4,0,5,8,7,8,12,17,75,127,17,25,27,74,0,2,91,58,0,9,54,35,0,0,4,0,85,30,3,15,101,180,0,2,140,17,0,0,68,45,0,1,36,16,7,13,197,48,6,5
Paraphysomonadaceae,0,0,0,0,0,12,0,0,0,0,0,0,0,0,0,6,11,0,0,0,1,0,0,0,0,0,1,2,16,0,5,13,3,0,0,4,0,0,1,13,4,0,0,9,2,3,5,0,3,19,28,12,8,41,29,43,39,4,4,15,14,5,10,5,4,12,6,11,4
Paulinellidae,12,26,0,0,566,1500,0,1,14,58,0,0,244,210,0,333,474,0,1,83,109,1,0,2,0,0,0,511,1539,6,5,425,303,70,68,218,569,644,357,749,318,142,78,0,0,571,96,273,1719,158,730,533,250,253,349,834,737,424,379,113,120,293,118,390,775,1454,602,715,171
Pectinariidae,0,0,0,0,0,0,0,0,0,0,0,0,0,0,0,0,0,0,0,0,0,0,0,0,0,0,0,0,0,0,0,0,0,0,0,0,0,0,0,0,0,0,0,0,0,0,0,0,21,0,0,0,0,0,0,0,0,0,0,0,0,0,0,0,0,2,0,0,0
Pelagiidae,2,0,0,0,7,2,0,0,1,3,0,1,20,2,0,2,6,1,2,1,4,2,11,0,2,28,1,3,3,3,3,18,0,11,12,1,0,17,43,93,41,38,19,9,0,0,14,6,0,0,25,0,9,0,0,57,67,33,37,8,0,4,0,20,3,81,8,0,5
Pennariidae,0,0,0,0,0,3,0,0,0,0,0,0,0,0,0,0,0,0,0,0,0,0,0,0,0,0,0,0,0,0,0,0,0,0,0,6,0,0,0,4,2,0,0,0,0,1,2,0,0,5,14,1,0,0,0,0,0,0,0,0,0,0,0,0,0,3,0,0,0
Peripatopsidae,0,0,0,0,0,0,0,0,0,0,0,0,0,0,0,0,0,0,0,0,0,0,0,0,0,0,0,0,0,0,0,0,0,0,0,0,0,0,0,0,0,0,0,3,0,0,0,0,0,0,0,0,0,0,0,0,0,0,0,2,0,0,0,0,20,0,0,0,0
Peronosporaceae,179,352,4,16,42,202,24,18,55,166,112,40,140,137,74,129,644,5256,951,7,31,10,4,446,219,228,124,178,203,6,10,141,239,10,31,226,228,84,118,226,171,36,9,71,23,147,111,19,316,290,485,288,273,728,348,543,688,337,270,67,119,193,202,224,320,411,192,208,186
Perophoridae,3,2,0,0,4,8,8,14,0,1,0,0,2,0,5,8,4,64,12,0,0,0,0,4,3,5,7,2,0,4,10,0,1,10,12,1,0,8,6,0,0,14,3,31,11,0,0,5,23,13,1,31,6,0,0,28,22,0,1,17,10,1,1,54,37,1,0,30,10
Petrosiidae,0,0,0,0,5,33,0,0,2,3,0,0,1,5,0,9,24,0,0,0,0,0,0,0,2,0,0,3,21,0,0,9,1,0,0,6,6,0,0,0,0,0,0,0,0,4,1,1,0,4,8,0,0,27,8,0,0,7,5,0,0,10,2,0,0,3,3,0,0
Phaeocystaceae,5891,10101,2355,2119,9902,18714,4049,1688,129,319,410,254,1031,667,2090,760,1361,3036,3533,26,42,1873,1457,4312,7548,4091,2977,1991,2312,1346,1889,617,992,3285,2690,1914,1474,9999,6922,8677,12953,8129,8102,5671,5549,1153,747,41,161,2926,3572,1438,1292,1323,1107,217,353,1789,2231,124,120,358,367,4561,3429,1025,1866,1915,1249
Phascolosomatidae,0,0,0,0,0,0,0,0,0,0,0,0,0,0,0,0,0,0,0,0,0,0,0,0,0,0,0,0,0,0,0,0,0,0,0,6,5,0,0,0,0,0,0,0,0,0,0,0,0,0,0,0,0,0,0,0,0,0,0,0,0,0,0,0,0,0,0,0,0
Pholoidae,0,0,0,0,0,0,0,0,0,0,0,0,0,0,0,0,0,0,0,0,0,0,0,0,0,0,0,0,0,0,0,0,0,0,0,0,0,0,0,0,0,0,0,0,0,0,0,0,0,0,0,0,0,0,0,22,0,0,0,0,0,0,0,0,22,0,0,0,0
Phyllariaceae,0,0,0,0,0,0,0,0,0,0,0,0,0,0,0,0,2,0,0,0,0,0,0,0,0,0,0,0,0,0,0,0,0,0,0,0,0,0,0,0,0,0,0,0,0,0,0,0,0,0,0,0,0,0,0,0,0,0,0,0,0,0,0,0,0,0,0,0,0
Phyllodocidae,0,0,0,0,0,0,1,0,0,0,0,0,0,0,0,0,0,0,0,0,0,0,0,0,0,0,0,0,0,0,0,0,0,0,0,0,0,0,0,0,0,0,0,0,0,0,0,0,0,0,0,0,0,0,0,0,0,0,0,0,0,0,0,0,0,0,0,0,5
Phyllophoraceae,0,0,0,3,0,0,0,0,0,0,0,0,0,0,0,0,0,0,0,0,0,0,0,0,0,0,0,0,0,0,0,0,0,0,0,0,0,0,0,0,0,0,0,0,0,0,0,0,0,0,0,0,0,0,0,0,0,0,0,0,0,0,0,0,0,0,0,0,0
Physophoridae,0,0,6,14,0,0,0,0,0,0,27,6,0,1,3,0,0,0,0,0,0,2,2,0,0,0,6,0,0,1,2,0,0,0,0,0,0,0,0,0,0,0,0,2,1,0,0,0,0,0,0,0,0,0,0,0,0,4,0,0,0,0,0,0,0,0,0,0,2
Pinnulariaceae,12,15,1,0,4,3,5,4,3,6,2,0,11,8,1,16,0,6,5,3,5,1,2,6,23,12,9,0,4,10,4,0,0,3,5,0,0,0,5,54,8,6,1,4,4,0,0,0,2,9,3,7,22,0,0,2,9,0,0,1,2,3,0,23,44,0,1,2,11
Plagiogrammaceae,0,8,0,0,2,0,0,0,5,26,8,2,0,3,4,5,0,6,2,8,31,64,38,8,0,41,38,0,0,0,2,0,0,0,5,0,0,0,0,0,3,0,0,0,0,0,0,0,0,0,0,12,3,0,0,0,19,0,0,0,0,21,0,6,40,0,29,12,1
Planorbidae,39,95,13,30,12,90,0,0,8,3,29,29,19,13,0,4,43,0,0,23,74,13,5,1,2,8,9,71,55,0,0,113,66,0,0,39,27,0,0,1,5,0,0,0,0,69,24,1,9,29,72,0,0,112,113,5,0,65,48,0,0,71,224,1,0,39,13,1,0
Plasmodiidae,0,0,0,0,0,0,0,0,0,0,0,0,0,0,0,0,2,0,0,0,0,0,0,0,0,0,0,0,2,0,0,0,0,0,0,1,0,0,0,0,0,0,0,0,0,1,0,0,0,0,7,0,0,0,0,0,0,3,0,0,0,0,1,0,0,0,0,0,0
Pleurobrachiidae,0,0,0,0,0,0,0,0,0,0,0,0,0,0,0,0,0,0,0,0,0,0,0,0,0,0,0,0,0,0,0,0,0,0,0,0,4,2,0,0,0,0,0,0,0,0,0,0,0,0,2,0,0,0,0,0,0,0,0,0,3,0,0,0,0,0,0,0,0
Pleurosigmataceae,0,0,0,0,0,0,0,0,0,0,0,0,0,0,0,0,0,0,0,0,0,0,0,0,0,0,0,0,0,0,0,0,0,0,0,1,5,5,0,2,0,0,0,0,0,0,0,3,1,7,0,11,3,0,0,0,0,0,0,0,0,0,0,4,8,0,0,0,0
Pleurotaceae,0,1,13,16,0,0,0,0,0,3,57,66,0,0,1,0,0,1,0,0,0,33,19,1,3,4,2,0,0,2,0,0,0,0,0,0,0,0,0,0,0,0,0,0,0,0,0,0,0,0,0,0,0,0,0,0,0,4,0,0,0,0,0,0,0,0,0,0,0
Plocamiaceae,0,0,0,0,0,2,0,0,0,0,0,0,0,0,0,0,0,0,0,0,0,0,0,0,0,0,0,0,3,0,0,0,0,0,0,0,0,0,0,0,0,0,0,0,0,0,0,0,0,0,0,0,0,0,0,0,0,0,0,0,0,0,0,0,0,0,0,0,0
Plumaleciidae,0,0,0,0,0,0,0,0,0,3,0,0,0,0,0,0,0,0,0,0,0,0,0,0,0,0,0,0,0,0,0,0,0,0,0,0,0,0,0,0,0,0,0,0,0,0,0,0,0,0,0,0,0,0,0,0,0,0,0,0,0,0,0,0,0,0,0,0,0
Plumulariidae,0,8,0,0,0,0,0,0,2,7,0,0,0,1,0,1,13,0,0,2,6,0,0,0,0,0,0,0,4,0,0,0,6,0,0,3,0,0,0,0,1,0,0,0,0,0,0,0,0,6,6,0,0,9,0,0,0,0,2,0,0,1,0,0,0,2,0,0,0
Polychelidae,0,0,0,0,0,0,0,0,0,0,0,0,0,0,0,0,0,0,0,0,0,0,0,1,0,0,0,0,0,0,3,0,0,0,0,0,0,0,0,0,0,0,0,0,0,0,1,0,0,0,0,0,0,0,0,0,0,0,0,0,0,5,1,0,0,0,0,4,3
Polynoidae,0,0,0,0,0,3,0,0,0,0,0,0,0,0,0,0,0,0,0,0,0,0,0,0,0,8,0,0,0,0,0,0,0,0,0,43,3,0,0,0,0,0,0,0,0,0,0,0,0,0,0,0,0,0,0,0,0,0,0,0,0,0,0,0,0,20,0,0,0
Polyorchidae,0,1,0,0,0,4,0,0,0,0,0,0,3,0,0,0,0,0,0,0,0,0,0,0,0,0,0,0,0,0,0,0,17,0,0,1,5,0,0,24,0,0,0,0,0,12,1,0,0,5,0,5,6,0,0,11,0,0,0,0,0,5,0,0,3,12,1,0,0
Pontellidae,0,0,0,0,0,0,0,0,0,0,0,0,0,0,0,0,0,0,0,0,0,0,0,0,0,0,0,354,2085,0,0,0,0,0,0,0,0,0,0,0,8,0,0,0,0,0,0,0,0,0,10,0,0,0,0,0,0,0,0,0,0,0,0,0,0,0,0,0,0
Potamidae,0,0,0,0,0,0,0,0,0,0,1,0,0,0,0,0,0,0,0,0,0,0,0,0,0,0,0,0,0,0,0,0,0,0,0,0,0,0,0,0,0,0,0,0,0,0,0,0,0,0,0,0,0,0,0,0,0,0,0,0,0,0,0,0,0,0,0,0,0
Prayidae,8,0,0,0,1,1,0,0,0,0,4,4,50,78,0,17,85,0,0,6,15,0,0,3,0,0,2,26,15,0,0,27,17,0,0,32,7,0,0,43,3,1,2,4,3,1253,14563,2,0,33,42,0,0,12,0,0,0,9,1,0,1,4,3,2,0,1,2,4,0
Psathyrellaceae,0,0,0,0,0,0,0,0,0,0,0,0,64,0,0,0,0,0,0,3,43,0,0,0,0,0,0,0,30,0,0,0,2,0,0,0,0,0,0,0,3,0,0,0,0,0,1,0,0,0,0,0,0,0,0,0,0,0,1,0,0,0,2,0,0,0,0,1,0
Ptilocodiidae,0,0,0,0,0,0,0,0,0,0,1,7,0,0,0,0,0,0,0,0,0,0,0,0,0,0,0,0,0,0,0,0,0,0,0,0,0,0,0,0,0,0,0,0,0,0,0,0,0,0,0,0,0,0,0,0,0,0,0,0,0,0,0,0,0,0,0,0,0
Pycnococcaceae,0,0,3,0,0,10,1,2,0,0,0,0,4,0,0,1,2,0,1,0,0,2,0,0,0,1,1,3,1,2,1,2,0,0,0,0,4,8,1,3,0,1,0,10,5,2,0,5,4,1,1,17,6,0,0,20,23,1,3,9,7,0,1,14,7,0,0,2,1
Pyramimonadaceae,0,0,0,0,5,0,0,1,0,3,16,17,1,0,7,0,6,6,0,2,4,8,6,0,4,23,0,0,1,8,1,0,11,12,17,0,3,17,13,3,4,38,15,1,0,8,0,4,22,0,9,54,34,0,0,6,14,1,0,1,15,3,7,9,11,4,3,14,9
Pyrostephidae,0,0,0,0,0,0,0,0,0,0,0,0,0,9,0,0,0,0,0,0,0,0,0,0,0,0,0,0,0,0,0,0,0,0,0,0,0,0,0,0,0,0,0,0,0,0,0,0,0,0,0,0,0,0,0,0,0,0,0,0,0,0,0,0,0,0,0,0,0
Pythiaceae,13,42,1,10,20,73,3,0,26,33,124,78,76,77,5,86,173,19,15,17,29,28,27,3,6,21,26,60,77,1,2,98,67,11,1,77,79,8,10,44,35,29,5,3,1,90,33,3,0,106,84,8,16,219,116,26,10,20,24,7,2,76,68,15,8,87,10,3,8
Pythiogetonaceae,0,0,3,0,0,0,0,0,0,0,0,0,0,0,0,0,0,0,0,0,0,0,0,0,0,0,0,0,0,0,0,0,0,0,0,0,0,0,0,0,0,0,0,0,0,0,0,0,0,0,0,0,0,0,0,0,0,0,0,0,0,0,0,0,0,0,0,0,0
Raspailiidae,1,1,0,0,1,0,0,0,0,3,0,0,1,0,0,1,4,0,0,0,0,0,0,0,0,0,0,0,3,0,0,0,0,0,0,1,0,0,0,0,0,0,0,0,0,2,0,0,0,2,0,0,0,0,22,0,0,0,0,0,0,0,0,0,0,0,0,0,0
Rhizosoleniaceae,1,0,0,0,4,10,178,42,0,0,10,5,17,15,7,7,20,44,30,4,13,70,35,26,53,119,114,10,13,69,13,9,6,65,99,12,55,63,58,289,144,40,17,70,29,33,0,63,97,121,98,911,686,35,17,554,576,156,29,220,470,12,0,558,1579,85,244,576,428
Rhizostomatidae,3,0,0,0,0,0,0,0,0,0,0,0,0,0,0,0,0,0,0,0,0,0,0,0,0,0,0,0,0,0,0,0,0,0,0,0,0,0,0,0,0,0,0,0,0,0,0,0,0,0,0,0,0,0,0,0,0,0,0,0,0,0,0,0,0,0,0,0,0
Rhodomelaceae,1,14,2,4,9,17,0,3,0,11,0,0,15,13,0,16,17,0,0,1,8,0,0,8,13,0,0,9,60,3,2,17,36,0,5,31,18,7,6,21,21,5,1,5,3,15,10,0,0,31,24,0,1,30,21,29,166,7,9,4,0,11,3,23,0,5,4,0,4
Rhopalonematidae,0,0,0,0,0,0,0,0,0,0,0,0,0,0,1,543,59,0,0,1,2,0,0,0,0,0,0,0,0,0,0,0,0,0,0,0,0,0,0,0,0,0,0,0,0,0,0,0,0,0,0,0,0,0,0,0,0,0,0,0,0,0,0,0,0,0,0,0,0
Rissoidae,0,0,0,0,0,0,0,1,0,0,0,1,0,0,0,0,0,0,0,0,0,1,1,0,0,0,0,0,0,0,0,0,0,0,0,0,0,0,0,0,0,0,0,0,0,0,0,0,0,0,0,0,0,0,0,0,0,0,0,0,0,0,0,0,0,0,0,0,0
Sabellariidae,0,0,0,0,0,0,0,0,0,0,0,0,0,0,0,0,0,0,0,0,0,0,0,0,0,0,0,0,0,0,0,0,0,0,0,0,0,0,0,0,0,0,0,0,0,0,0,0,0,0,0,0,5,0,0,0,0,0,0,14,0,0,0,0,0,0,0,0,0
Sabellidae,0,0,0,0,0,0,0,0,0,0,0,0,0,0,0,0,0,0,0,0,0,0,0,0,0,0,0,0,0,0,0,0,0,0,0,0,0,0,0,0,0,0,0,0,0,0,0,0,0,0,0,0,4,0,0,0,0,0,0,0,0,0,0,0,0,0,0,0,0
Sagittidae,7,7,0,1,0,0,0,252,0,0,0,0,0,0,292,0,0,2,68,0,0,2367,5837,0,0,47,77,0,0,1,2,0,0,0,0,0,0,0,2,0,0,0,0,0,0,0,0,0,0,0,0,0,4,0,0,0,20,11,0,0,0,0,0,0,3,0,1,10,0
Salpidae,0,0,0,0,0,0,0,0,0,0,2,4,0,2,0,0,2,0,0,0,0,0,0,0,0,0,0,0,0,0,0,0,0,0,0,0,0,0,0,0,0,0,0,0,0,0,0,0,0,14,0,0,0,0,0,0,0,0,0,0,0,0,0,0,0,0,0,0,0
Salpingoecidae,0,0,0,0,2,23,0,0,0,0,0,0,0,1,0,1,2,0,0,0,0,0,0,0,0,0,0,6,0,0,2,4,11,5,6,91,49,23,15,252,162,4,0,13,7,6,22,0,6,148,174,35,87,9,46,216,324,189,90,55,71,5,25,178,280,497,273,103,67
Saprolegniaceae,122,272,1,29,37,112,11,12,19,71,1037,585,30,36,1,37,147,53,15,32,31,30,14,38,104,101,49,91,99,62,158,78,57,44,38,253,211,45,19,340,197,6,3,1733,646,44,79,113,155,339,329,611,374,224,11,3391,1762,201,154,796,1726,51,41,303,170,213,72,258,170
Sargassaceae,315,555,3693,4352,25,333,111,26,51,15,1262,1149,278,69,359,144,260,236,982,4,35,1278,800,81,238,2542,2463,414,371,435,118,155,221,91,94,135,205,35,11,674,1302,139,29,107,5,318,128,8,76,520,532,36,102,0,131,64,108,430,371,53,119,189,134,48,46,634,167,77,60
Scinaiaceae,0,0,0,0,0,0,0,0,0,0,0,0,0,0,0,0,0,0,0,0,0,0,0,0,0,0,0,0,0,0,0,0,0,0,0,0,0,0,0,0,0,0,0,0,0,0,0,0,0,0,0,5,0,0,0,0,0,0,0,0,0,0,0,0,0,0,0,0,0
Scytosiphonaceae,20,55,21,50,43,103,0,0,3,4,10,5,20,17,0,13,21,10,3,2,1,4,5,33,61,1,9,129,129,9,11,69,135,33,21,101,103,41,37,263,211,18,2,43,17,160,48,6,0,243,279,52,25,272,193,27,21,171,167,46,46,71,93,90,64,143,117,43,7
Sergestidae,0,0,0,0,264,874,0,0,0,0,0,0,4,0,0,0,0,0,0,0,35,0,0,2,0,0,0,32,25,0,0,46,37,0,0,45,30,0,0,0,0,0,0,0,0,0,1,0,0,0,0,0,2,604,0,0,0,10,0,0,0,0,244,0,0,0,0,0,0
Serpulidae,0,3,2,9,0,0,0,0,0,0,3,4,0,0,0,0,0,0,0,0,0,2,0,0,0,0,0,0,0,0,0,0,0,0,0,0,0,0,0,0,1,1,0,0,0,0,0,0,0,5,0,0,0,0,0,0,0,0,0,0,0,0,0,0,0,0,0,0,0
Skeletonemataceae,23,102,29,41,1622,2905,16775,13888,8,83,15,23,52,73,1022,101,448,3673,1954,33,112,1536,793,131,156,2871,2016,76,113,833,1586,84,76,1338,1190,150,109,13478,13840,693,639,298,187,2523,1575,97,26,1117,3249,312,404,8529,4983,115,29,1664,1841,191,197,642,505,81,18,12342,8963,83,155,6788,3627
Sminthurididae,1,0,0,0,0,0,0,0,0,0,0,0,0,0,0,0,0,0,0,0,0,0,0,0,0,0,0,0,0,0,0,0,0,0,0,0,0,0,0,0,0,0,0,0,0,0,0,0,0,42,0,0,0,0,0,0,0,0,0,0,0,0,0,0,0,0,0,0,0
Sphacelariaceae,655,1535,144,219,56,296,3,0,385,854,719,657,540,686,11,470,1484,20,16,375,809,148,99,85,182,127,122,378,660,0,1,525,358,11,3,597,632,3,0,424,329,2,1,0,0,495,251,0,0,350,264,8,7,337,477,1,0,571,325,1,0,185,53,45,44,238,146,2,0
Sphaeronectidae,23,3,347,30,0,0,0,7,0,27,9,21,0,4,0,5,1,0,3,1,0,0,5,7,9,192,0,0,0,1,0,1,11,3,0,0,0,0,0,0,0,0,0,65,0,0,0,0,0,5,1,11,11,0,0,0,7,0,3,0,0,0,0,8,2,0,0,0,1
Spionidae,0,0,0,0,0,0,0,0,0,0,0,0,0,0,0,0,0,0,0,0,0,0,0,0,0,0,0,2,0,0,0,0,0,0,0,0,0,0,0,0,0,0,0,0,0,0,0,0,0,0,0,0,0,0,0,0,0,0,0,0,0,0,0,0,0,0,0,0,0
Spirastrellidae,0,0,0,0,0,0,0,0,0,0,1,1,0,0,0,0,0,0,0,0,0,0,0,0,0,0,0,0,0,0,0,0,0,0,0,0,0,0,0,0,0,0,0,0,0,0,0,0,0,0,0,0,0,0,0,0,0,0,0,0,0,0,0,0,0,0,0,0,0
Squillidae,0,2,4,0,0,0,0,0,0,0,0,0,0,0,0,0,0,0,0,0,0,0,0,0,0,0,0,0,0,0,0,0,0,0,0,0,0,0,0,0,0,0,0,0,0,0,0,0,0,0,0,0,0,0,0,0,0,0,0,0,0,0,0,0,0,0,0,0,0
Stephanodiscaceae,0,1,0,0,2,28,2,3,0,0,0,0,28,16,0,31,20,5,4,3,0,2,0,0,6,8,1,4,4,2,0,3,0,16,12,5,3,16,26,16,10,38,2,21,4,0,0,54,65,5,1,88,41,0,0,127,99,3,0,75,50,1,3,100,45,4,4,40,19
Stephanopyxidaceae,0,0,0,0,0,0,0,0,0,0,0,0,0,0,0,0,0,0,0,0,0,0,0,0,3,0,0,0,0,0,0,0,0,0,0,0,0,0,0,0,0,0,0,0,0,0,0,0,0,0,0,0,0,0,0,1,0,0,0,0,0,0,0,0,0,0,0,1,4
Strongylocentrotidae,0,0,0,0,0,0,0,0,0,0,0,0,0,0,0,0,0,0,0,6,0,0,0,0,0,0,0,0,0,0,0,0,0,0,0,8,0,0,0,0,0,0,0,0,0,0,0,0,0,0,0,0,0,0,0,0,0,0,0,0,0,72,0,0,0,0,0,0,0
Synchaetidae,0,87,4,0,5,3,819,2,0,0,0,2,0,1,196,0,2,10117,2699,0,1,1,64,4,2,113,1,2,0,3,3074,0,0,170,371,4,0,313,150,854,16,493,835,142,876,0,1,49471,70520,0,0,854,1440,0,0,1357,3957,2,7,3279,149,0,1,2,419,0,3,16,1982
Syndiniaceae,0,0,0,0,0,0,0,0,0,0,0,0,0,0,0,0,0,0,0,0,0,0,0,0,0,0,0,0,0,0,0,0,0,0,0,0,0,0,0,0,0,0,0,0,0,0,0,0,0,2,0,0,0,0,0,0,0,0,0,0,0,0,0,0,0,0,0,0,0
Terebellidae,0,0,0,0,0,6,0,0,0,0,0,0,0,0,0,0,0,0,0,0,0,0,0,0,0,0,0,0,0,0,0,0,0,0,0,0,4,0,0,0,0,0,0,0,0,0,0,0,0,0,0,0,0,0,0,0,0,0,0,0,0,0,0,0,0,0,0,0,0
Tetraplatiidae,0,1,5,0,0,0,0,0,0,0,0,0,0,0,134,0,0,2,2,0,0,1,250,0,0,5,0,0,0,0,0,0,0,1,0,0,0,0,0,0,0,8,7,0,0,0,0,13,8,0,0,0,0,0,0,0,0,0,0,0,0,0,0,0,0,0,0,0,0
Thalassionemataceae,9,39,4,4,5,10,12,8,8,9,21,11,0,0,16,3,18,103,26,0,0,66,40,1,6,106,122,56,68,251,474,28,12,484,446,19,31,13,22,484,491,409,146,352,132,2,22,163,646,37,53,770,484,0,0,555,1153,14,42,83,33,21,3,3572,2071,52,77,1839,1340
Thalassiosiraceae,5,1,17,29,0,4,9,2,3,0,8,10,2,0,56,3,3,196,104,0,6,85,53,0,6,150,75,14,33,50,103,2,14,79,90,13,9,274,119,80,94,134,136,66,19,4,3,87,250,37,54,235,140,20,11,70,63,38,50,22,9,2,3,601,481,27,15,137,130
Thalestridae,0,0,0,0,0,0,0,0,0,0,0,0,0,0,0,0,4,0,0,0,0,0,0,0,0,0,0,0,0,0,0,0,0,0,0,0,0,0,0,0,0,0,0,0,0,0,0,0,0,0,0,0,0,0,0,0,0,0,0,0,0,0,0,0,0,0,0,0,0
Thraustochytriaceae,12,59,5,8,12,11,6,1,8,13,0,3,73,35,12,55,112,149,20,5,33,36,16,4,30,96,50,57,69,99,133,8,19,6,2,22,30,9,10,21,11,1,0,203,127,15,16,20,20,29,67,220,156,7,11,630,508,50,39,121,262,5,1,100,38,13,19,106,69
Trebouxiaceae,0,0,0,0,0,0,0,0,0,0,0,0,0,0,0,0,0,0,0,0,0,0,0,0,0,0,0,0,0,0,0,0,0,0,0,0,0,0,0,0,0,0,0,0,0,0,0,0,9,0,0,0,0,0,0,0,0,0,0,0,0,0,0,0,0,0,0,0,0
Triakidae,0,0,0,0,0,0,0,0,0,0,0,0,0,0,0,0,0,0,0,0,0,0,0,0,0,0,0,0,0,0,0,0,0,0,0,0,0,0,0,0,0,0,0,0,0,0,0,0,0,0,0,19,0,0,0,0,0,0,0,0,0,0,0,0,0,0,0,0,0
Trichomeriaceae,3,0,0,0,0,0,0,0,0,0,0,0,0,0,0,0,0,0,0,0,0,0,0,0,1,0,0,0,0,0,0,0,0,0,0,0,0,0,0,0,0,0,0,0,0,0,0,0,0,0,0,0,0,0,0,0,0,0,0,0,0,0,0,0,0,0,0,0,0
Triparmaceae,37,57,39,40,103,288,21,1,0,4,0,0,8,2,0,0,9,2,0,0,4,8,13,114,215,11,4,550,620,35,17,327,426,34,68,406,296,232,294,733,1185,55,13,36,9,635,380,0,0,330,753,121,61,593,384,49,40,259,425,170,274,477,293,180,93,574,521,96,57
Tubulariidae,0,0,0,0,0,0,0,0,0,0,0,0,0,0,0,0,0,0,0,0,0,0,0,0,0,0,0,0,0,0,0,0,0,0,0,0,0,0,0,0,0,0,0,0,0,0,0,0,3,0,0,0,0,0,0,0,0,0,0,0,0,0,0,0,0,0,0,0,0
Ulmaridae,0,0,0,0,0,0,0,0,0,0,0,0,0,0,0,0,0,0,0,0,0,0,0,0,0,0,0,0,0,0,0,0,0,0,0,13,9,0,0,0,0,1,0,0,0,4,0,0,0,8,23,0,0,0,0,0,0,4,2,0,0,0,0,0,0,6,0,0,0
Valvatidae,0,0,0,0,0,0,0,0,0,0,0,0,0,0,2,0,0,3,0,0,0,0,0,0,0,0,0,0,0,0,0,0,0,0,0,0,0,0,0,0,0,0,0,0,0,0,0,0,0,0,0,0,0,0,0,0,0,0,0,0,0,0,0,0,0,0,0,0,0
Vannellidae,50,42,0,0,4,14,0,0,43,18,0,0,21,6,0,7,68,0,0,5,7,0,0,11,11,2,0,24,7,0,0,22,20,0,0,53,11,0,1,6,0,0,0,0,0,0,1,0,0,3,22,5,4,0,14,9,0,25,6,1,0,1,5,0,0,10,12,3,2
Vexilliferidae,19,16,0,0,3,9,1,0,18,11,2,2,32,49,12,34,180,2,7,3,25,81,52,15,14,92,57,8,0,0,0,24,21,0,0,7,14,0,11,36,2,0,0,0,0,0,7,0,0,0,0,2,0,21,64,0,0,2,21,0,0,36,24,16,0,15,4,0,0
Vitrinidae,3,6,0,0,0,0,0,0,0,0,0,0,0,0,0,0,0,0,0,0,0,0,0,0,0,0,0,0,0,0,0,1,2,0,0,1,2,0,0,0,0,0,0,0,0,9,0,0,0,1,0,0,0,0,0,0,0,0,0,0,0,12,0,0,0,0,4,0,0
Zancleidae,0,0,0,2,0,0,0,0,0,0,0,0,0,0,0,0,0,0,0,0,0,0,0,0,1,0,0,9,2,0,0,0,0,1,0,4,0,0,0,0,7,0,0,2,3,1,0,0,0,7,0,0,1,1,2,3,0,0,3,0,2,3,0,1,2,1,1,0,0
no_hit,8976,21336,16713,14474,4504,12589,135,74,6399,14060,8390,7665,14549,11691,414,10086,31940,920,3284,4820,10271,2910,2999,1634,3892,2710,3280,9812,16002,421,497,11931,9924,392,422,8891,10505,408,484,4467,3582,255,118,1451,392,10011,6632,331,1092,11283,12773,9049,6716,19358,13676,5206,4895,9407,6488,4461,6266,8744,8789,5309,5492,6936,3421,6310,3509
unassigned,10812,22900,33744,29666,6216,13697,37328,26743,15947,8558,9802,9409,2478,3251,15574,2148,7214,24620,8675,4015,3694,18973,14042,6750,11769,26351,13106,15398,11275,46552,45522,14357,14831,25306,15487,6455,8047,6550,7180,12122,10055,16819,11519,23496,14408,8306,3658,3032,20861,10554,14199,29198,15970,15409,8287,18912,20255,13245,16886,14046,19576,5749,7727,19811,19191,6532,6084,17249,14813
unknown,1092,2114,6424,6096,2269,5720,488,312,720,1729,2617,2692,2280,1341,3882,1491,4769,2928,4803,475,909,9556,5227,1586,2672,3918,4263,2795,3852,5962,2502,2222,1888,6416,3523,2858,2843,4665,4580,4995,8132,4156,3150,7140,7472,3213,1913,548,1465,2543,3375,7111,5850,4880,3275,11116,8352,2337,2573,9784,9917,3919,3352,6669,4915,3329,4422,5796,4426
